split,target_id,sequence_length,description,description_truncated_80chars,category,matched_rule,confidence
train,1SCL_A,29,"THE SARCIN-RICIN LOOP, A MODULAR RNA","THE SARCIN-RICIN LOOP, A MODULAR RNA",loop_motif,\b(loop|hairpin|kink[-\s]?turn|sarcin[-\s]?ricin|tetraloop)\b,high
train,1RNK_A,34,THE STRUCTURE OF AN RNA PSEUDOKNOT THAT CAUSES EFFICIENT FRAMESHIFTING IN MOUSE MAMMARY TUMOR VIRUS,THE STRUCTURE OF AN RNA PSEUDOKNOT THAT CAUSES EFFICIENT FRAMESHIFTING IN MOUSE ...,viral_rna,\bhiv\b|\bhcv\b|\bsars\b|\bires\b|\bframeshift\w*\b|\btar\s+rna\b|\bviral\s+r...,medium
train,1RHT_A,24,"24-MER RNA HAIRPIN COAT PROTEIN BINDING SITE FOR BACTERIOPHAGE R17 (NMR, MINIMIZED AVERAGE STRUCTURE)","24-MER RNA HAIRPIN COAT PROTEIN BINDING SITE FOR BACTERIOPHAGE R17 (NMR, MINIMIZ...",nmr_solution_motif,\b(nmr|solution)\b,medium
train,1HLX_A,20,P1 HELIX NUCLEIC ACIDS (DNA/RNA) RIBONUCLEIC ACID,P1 HELIX NUCLEIC ACIDS (DNA/RNA) RIBONUCLEIC ACID,other,,low
train,1HMH_E,34,THREE-DIMENSIONAL STRUCTURE OF A HAMMERHEAD RIBOZYME,THREE-DIMENSIONAL STRUCTURE OF A HAMMERHEAD RIBOZYME,ribozyme,\bribozyme(s)?\b|\bhammerhead\b|\bhairpin\s+ribozyme\b|\bhdv\b|\bgroup\s+i+\b...,high
train,1RNG_A,12,SOLUTION STRUCTURE OF THE CUUG HAIRPIN: A NOVEL RNA TETRALOOP MOTIF,SOLUTION STRUCTURE OF THE CUUG HAIRPIN: A NOVEL RNA TETRALOOP MOTIF,nmr_solution_motif,\b(nmr|solution)\b,medium
train,1MME_D,25,THE CRYSTAL STRUCTURE OF AN ALL-RNA HAMMERHEAD RIBOZYME: A PROPOSED MECHANISM FOR RNA CATALYTIC CLEAVAGE,THE CRYSTAL STRUCTURE OF AN ALL-RNA HAMMERHEAD RIBOZYME: A PROPOSED MECHANISM FO...,ribozyme,\bribozyme(s)?\b|\bhammerhead\b|\bhairpin\s+ribozyme\b|\bhdv\b|\bgroup\s+i+\b...,high
train,1KAJ_A,32,"CONFORMATION OF AN RNA PSEUDOKNOT FROM MOUSE MAMMARY TUMOR VIRUS, NMR, 1 STRUCTURE","CONFORMATION OF AN RNA PSEUDOKNOT FROM MOUSE MAMMARY TUMOR VIRUS, NMR, 1 STRUCTU...",pseudoknot,\bpseudoknot(s)?\b,medium
train,1SLO_A,19,"FIRST STEM LOOP OF THE SL1 RNA FROM CAENORHABDITIS ELEGANS, NMR, MINIMIZED AVERAGE STRUCTURE","FIRST STEM LOOP OF THE SL1 RNA FROM CAENORHABDITIS ELEGANS, NMR, MINIMIZED AVERA...",nmr_solution_motif,\b(nmr|solution)\b,medium
train,1BIV_A,28,"BOVINE IMMUNODEFICIENCY VIRUS TAT-TAR COMPLEX, NMR, 5 STRUCTURES","BOVINE IMMUNODEFICIENCY VIRUS TAT-TAR COMPLEX, NMR, 5 STRUCTURES",nmr_solution_motif,\b(nmr|solution)\b,high
train,1ANR_A,29,"CIS-ACTING RNA REGULATORY ELEMENT (HIV-1 TAR), NMR, 20 STRUCTURES","CIS-ACTING RNA REGULATORY ELEMENT (HIV-1 TAR), NMR, 20 STRUCTURES",viral_rna,\bhiv\b|\bhcv\b|\bsars\b|\bires\b|\bframeshift\w*\b|\btar\s+rna\b|\bviral\s+r...,medium
train,1ZIG_A,12,"GAGA RNA TETRALOOP, NMR, 10 STRUCTURES","GAGA RNA TETRALOOP, NMR, 10 STRUCTURES",nmr_solution_motif,\b(nmr|solution)\b,medium
train,1ZIH_A,12,"GCAA RNA TETRALOOP, NMR, 10 STRUCTURES","GCAA RNA TETRALOOP, NMR, 10 STRUCTURES",nmr_solution_motif,\b(nmr|solution)\b,medium
train,1ETF_A,34,"REV RESPONSE ELEMENT (RRE) RNA COMPLEXED WITH REV PEPTIDE, NMR, MINIMIZED AVERAGE STRUCTURE","REV RESPONSE ELEMENT (RRE) RNA COMPLEXED WITH REV PEPTIDE, NMR, MINIMIZED AVERAG...",nmr_solution_motif,\b(nmr|solution)\b,high
train,1ZIF_A,12,"GAAA RNA TETRALOOP, NMR, 10 STRUCTURES","GAAA RNA TETRALOOP, NMR, 10 STRUCTURES",nmr_solution_motif,\b(nmr|solution)\b,medium
train,1KPD_A,32,"A MUTANT RNA PSEUDOKNOT THAT PROMOTES RIBOSOMAL FRAMESHIFTING IN MOUSE MAMMARY TUMOR VIRUS, NMR, MINIMIZED AVERAGE STRUCTURE",A MUTANT RNA PSEUDOKNOT THAT PROMOTES RIBOSOMAL FRAMESHIFTING IN MOUSE MAMMARY T...,ribosome_subunit,\bribosom(e|al|os)\b|\b(small|large)\s+subunit\b|\b(30|40|50|60|70|80)s\b|\b(...,medium
train,1IKD_A,22,"ACCEPTOR STEM, NMR, 30 STRUCTURES","ACCEPTOR STEM, NMR, 30 STRUCTURES",nmr_solution_motif,\b(nmr|solution)\b,high
train,1ZDI_S,19,RNA BACTERIOPHAGE MS2 COAT PROTEIN/RNA COMPLEX,RNA BACTERIOPHAGE MS2 COAT PROTEIN/RNA COMPLEX,viral_rna,v2_phage,low
train,1AFX_A,12,"UGAA EUKARYOTIC RIBOSOMAL RNA TETRALOOP, NMR, 13 STRUCTURES","UGAA EUKARYOTIC RIBOSOMAL RNA TETRALOOP, NMR, 13 STRUCTURES",ribosome_subunit,\bribosom(e|al|os)\b|\b(small|large)\s+subunit\b|\b(30|40|50|60|70|80)s\b|\b(...,medium
train,1EBQ_A,29,"STRUCTURE OF RNA (5'-GGUGGGCGCAGCUUCGGCUGCGGUACCAC-3'), NMR, 5 STRUCTURES","STRUCTURE OF RNA (5'-GGUGGGCGCAGCUUCGGCUGCGGUACCAC-3'), NMR, 5 STRUCTURES",nmr_solution_motif,\b(nmr|solution)\b,high
train,1EBR_A,30,"STRUCTURE OF RNA (5'-GGUGGGCGCAGCUUCGGCUGCGGUACCAC-3'), NMR, 5 STRUCTURES","STRUCTURE OF RNA (5'-GGUGGGCGCAGCUUCGGCUGCGGUACCAC-3'), NMR, 5 STRUCTURES",nmr_solution_motif,\b(nmr|solution)\b,high
train,1ULL_A,35,"RNA APTAMER COMPLEXED WITH HIV-1 REV PEPTIDE, NMR, 7 STRUCTURES","RNA APTAMER COMPLEXED WITH HIV-1 REV PEPTIDE, NMR, 7 STRUCTURES",riboswitch,\briboswitch(es)?\b|\baptamer\b|\b(sam|tpp|fmn|cobalamin|glycine|lysine|preq[...,medium
train,1KIS_B,16,"TAR-TAR ""KISSING"" HAIRPIN COMPLEX DERIVED FROM THE HIV GENOME, NMR, 1 STRUCTURE","TAR-TAR ""KISSING"" HAIRPIN COMPLEX DERIVED FROM THE HIV GENOME, NMR, 1 STRUCTURE",viral_rna,\bhiv\b|\bhcv\b|\bsars\b|\bires\b|\bframeshift\w*\b|\btar\s+rna\b|\bviral\s+r...,medium
train,1KIS_A,16,"TAR-TAR ""KISSING"" HAIRPIN COMPLEX DERIVED FROM THE HIV GENOME, NMR, 1 STRUCTURE","TAR-TAR ""KISSING"" HAIRPIN COMPLEX DERIVED FROM THE HIV GENOME, NMR, 1 STRUCTURE",viral_rna,\bhiv\b|\bhcv\b|\bsars\b|\bires\b|\bframeshift\w*\b|\btar\s+rna\b|\bviral\s+r...,medium
train,1ATO_A,19,"THE STRUCTURE OF THE ISOLATED, CENTRAL HAIRPIN OF THE HDV ANTIGENOMIC RIBOZYME, NMR, 10 STRUCTURES","THE STRUCTURE OF THE ISOLATED, CENTRAL HAIRPIN OF THE HDV ANTIGENOMIC RIBOZYME, ...",ribozyme,\bribozyme(s)?\b|\bhammerhead\b|\bhairpin\s+ribozyme\b|\bhdv\b|\bgroup\s+i+\b...,medium
train,1TLR_A,23,"SOLUTION STRUCTURE OF TETRALOOP RECEPTOR RNA, NMR, 20 STRUCTURES","SOLUTION STRUCTURE OF TETRALOOP RECEPTOR RNA, NMR, 20 STRUCTURES",nmr_solution_motif,\b(nmr|solution)\b,medium
train,1VOP_A,13,"CONSERVED RNA COMPONENT OF THE PEPTIDYL TRANSFERASE CENTER, NMR, 33 STRUCTURES","CONSERVED RNA COMPONENT OF THE PEPTIDYL TRANSFERASE CENTER, NMR, 33 STRUCTURES",nmr_solution_motif,\b(nmr|solution)\b,high
train,1AQO_A,29,"IRON RESPONSIVE ELEMENT RNA HAIRPIN, NMR, 15 STRUCTURES","IRON RESPONSIVE ELEMENT RNA HAIRPIN, NMR, 15 STRUCTURES",nmr_solution_motif,\b(nmr|solution)\b,medium
train,1ATV_A,17,"HAIRPIN WITH AGAA TETRALOOP, NMR, 4 STRUCTURES","HAIRPIN WITH AGAA TETRALOOP, NMR, 4 STRUCTURES",nmr_solution_motif,\b(nmr|solution)\b,medium
train,1ATW_A,15,"HAIRPIN WITH AGAU TETRALOOP, NMR, 3 STRUCTURES","HAIRPIN WITH AGAU TETRALOOP, NMR, 3 STRUCTURES",nmr_solution_motif,\b(nmr|solution)\b,medium
train,1UUU_A,19,"STRUCTURE OF AN RNA HAIRPIN LOOP WITH A 5'-CGUUUCG-3' LOOP MOTIF BY HETERONUCLEAR NMR SPECTROSCOPY AND DISTANCE GEOMETRY, 15 STRUCTURES",STRUCTURE OF AN RNA HAIRPIN LOOP WITH A 5'-CGUUUCG-3' LOOP MOTIF BY HETERONUCLEA...,nmr_solution_motif,\b(nmr|solution)\b,medium
train,1AUD_B,30,"U1A-UTRRNA, NMR, 31 STRUCTURES","U1A-UTRRNA, NMR, 31 STRUCTURES",nmr_solution_motif,\b(nmr|solution)\b,high
train,2U2A_A,20,"STEM LOOP IIA FROM U2 SNRNA OF SACCHAROMYCES CEREVISIAE, NMR, MINIMIZED AVERAGE STRUCTURE","STEM LOOP IIA FROM U2 SNRNA OF SACCHAROMYCES CEREVISIAE, NMR, MINIMIZED AVERAGE ...",nmr_solution_motif,\b(nmr|solution)\b,medium
train,1A4T_A,15,"SOLUTION STRUCTURE OF PHAGE P22 N PEPTIDE-BOX B RNA COMPLEX, NMR, 20 STRUCTURES","SOLUTION STRUCTURE OF PHAGE P22 N PEPTIDE-BOX B RNA COMPLEX, NMR, 20 STRUCTURES",nmr_solution_motif,\b(nmr|solution)\b,high
train,1A60_A,44,"NMR STRUCTURE OF A CLASSICAL PSEUDOKNOT: INTERPLAY OF SINGLE-AND DOUBLE-STRANDED RNA, 24 STRUCTURES",NMR STRUCTURE OF A CLASSICAL PSEUDOKNOT: INTERPLAY OF SINGLE-AND DOUBLE-STRANDED...,pseudoknot,\bpseudoknot(s)?\b,medium
train,1A51_A,41,"LOOP D/LOOP E ARM OF E. COLI 5S RRNA, NMR, 9 STRUCTURES","LOOP D/LOOP E ARM OF E. COLI 5S RRNA, NMR, 9 STRUCTURES",ribosome_subunit,\bribosom(e|al|os)\b|\b(small|large)\s+subunit\b|\b(30|40|50|60|70|80)s\b|\b(...,medium
train,2A9L_A,38,"SOLUTION NMR STRUCTURE OF A SUBSTRATE FOR THE ARCHAEAL PRE-TRNA SPLICING ENDONUCLEASES: THE BULGE-HELIX-BULGE MOTIF, MINIMIZED AVERAGE STRUCTURE",SOLUTION NMR STRUCTURE OF A SUBSTRATE FOR THE ARCHAEAL PRE-TRNA SPLICING ENDONUC...,tRNA,\btrna\b|\btransfer\s+rna\b,medium
train,1A1T_B,20,"STRUCTURE OF THE HIV-1 NUCLEOCAPSID PROTEIN BOUND TO THE SL3 PSI-RNA RECOGNITION ELEMENT, NMR, 25 STRUCTURES",STRUCTURE OF THE HIV-1 NUCLEOCAPSID PROTEIN BOUND TO THE SL3 PSI-RNA RECOGNITION...,viral_rna,\bhiv\b|\bhcv\b|\bsars\b|\bires\b|\bframeshift\w*\b|\btar\s+rna\b|\bviral\s+r...,medium
train,1A9N_Q,24,CRYSTAL STRUCTURE OF THE SPLICEOSOMAL U2B''-U2A' PROTEIN COMPLEX BOUND TO A FRAGMENT OF U2 SMALL NUCLEAR RNA,CRYSTAL STRUCTURE OF THE SPLICEOSOMAL U2B''-U2A' PROTEIN COMPLEX BOUND TO A FRAG...,ribozyme,\bribozyme(s)?\b|\bhammerhead\b|\bhairpin\s+ribozyme\b|\bhdv\b|\bgroup\s+i+\b...,high
train,3PHP_A,23,STRUCTURE OF THE 3' HAIRPIN OF THE TYMV PSEUDOKNOT: PREFORMATION IN RNA FOLDING,STRUCTURE OF THE 3' HAIRPIN OF THE TYMV PSEUDOKNOT: PREFORMATION IN RNA FOLDING,pseudoknot,\bpseudoknot(s)?\b,medium
train,2TPK_A,36,AN INVESTIGATION OF THE STRUCTURE OF THE PSEUDOKNOT WITHIN THE GENE 32 MESSENGER RNA OF BACTERIOPHAGE T2 USING HETERONUCLEAR NMR METHODS,AN INVESTIGATION OF THE STRUCTURE OF THE PSEUDOKNOT WITHIN THE GENE 32 MESSENGER...,pseudoknot,\bpseudoknot(s)?\b,medium
train,7MSF_S,14,MS2 PROTEIN CAPSID/RNA COMPLEX,MS2 PROTEIN CAPSID/RNA COMPLEX,viral_rna,v2_phage,low
train,5MSF_S,18,MS2 PROTEIN CAPSID/RNA COMPLEX,MS2 PROTEIN CAPSID/RNA COMPLEX,viral_rna,v2_phage,low
train,1LDZ_A,30,"SOLUTION STRUCTURE OF THE LEAD-DEPENDENT RIBOZYME, NMR, 25 STRUCTURES","SOLUTION STRUCTURE OF THE LEAD-DEPENDENT RIBOZYME, NMR, 25 STRUCTURES",ribozyme,\bribozyme(s)?\b|\bhammerhead\b|\bhairpin\s+ribozyme\b|\bhdv\b|\bgroup\s+i+\b...,medium
train,1ZDK_S,19,STRUCTURE OF BACTERIOPHAGE COAT PROTEIN-LOOP RNA COMPLEX,STRUCTURE OF BACTERIOPHAGE COAT PROTEIN-LOOP RNA COMPLEX,loop_motif,\b(loop|hairpin|kink[-\s]?turn|sarcin[-\s]?ricin|tetraloop)\b,high
train,1BVJ_A,23,HIV-1 RNA A-RICH HAIRPIN LOOP,HIV-1 RNA A-RICH HAIRPIN LOOP,viral_rna,\bhiv\b|\bhcv\b|\bsars\b|\bires\b|\bframeshift\w*\b|\btar\s+rna\b|\bviral\s+r...,medium
train,1B36_A,38,"SOLUTION STRUCTURE OF THE HAIRPIN RIBOZYME LOOP B DOMAIN RNA, NMR, 10 STRUCTURES","SOLUTION STRUCTURE OF THE HAIRPIN RIBOZYME LOOP B DOMAIN RNA, NMR, 10 STRUCTURES",ribozyme,\bribozyme(s)?\b|\bhammerhead\b|\bhairpin\s+ribozyme\b|\bhdv\b|\bgroup\s+i+\b...,medium
train,1HVU_I,30,HUMAN IMMUNODEFICIENCY VIRUS TYPE 1 REVERSE TRANSCRIPTASE COMPLEXED WITH A 33-BASE NUCLEOTIDE RNA PSEUDOKNOT,HUMAN IMMUNODEFICIENCY VIRUS TYPE 1 REVERSE TRANSCRIPTASE COMPLEXED WITH A 33-BA...,pseudoknot,\bpseudoknot(s)?\b,high
train,1BGZ_A,23,"S8 RRNA BINDING SITE FROM E. COLI, NMR, 6 STRUCTURES","S8 RRNA BINDING SITE FROM E. COLI, NMR, 6 STRUCTURES",ribosome_subunit,\bribosom(e|al|os)\b|\b(small|large)\s+subunit\b|\b(30|40|50|60|70|80)s\b|\b(...,medium
train,2BJ2_B,19,"RNA LOOP-LOOP COMPLEX: THE COLE1 INVERTED LOOP SEQUENCE, NMR, MINIMIZED AVERAGE STRUCTURE","RNA LOOP-LOOP COMPLEX: THE COLE1 INVERTED LOOP SEQUENCE, NMR, MINIMIZED AVERAGE ...",nmr_solution_motif,\b(nmr|solution)\b,medium
train,2BJ2_A,21,"RNA LOOP-LOOP COMPLEX: THE COLE1 INVERTED LOOP SEQUENCE, NMR, MINIMIZED AVERAGE STRUCTURE","RNA LOOP-LOOP COMPLEX: THE COLE1 INVERTED LOOP SEQUENCE, NMR, MINIMIZED AVERAGE ...",nmr_solution_motif,\b(nmr|solution)\b,medium
train,28SP_A,28,NMR STRUCTURE OF THE MOST CONSERVED RNA MOTIF IN SRP RNA,NMR STRUCTURE OF THE MOST CONSERVED RNA MOTIF IN SRP RNA,nmr_solution_motif,\b(nmr|solution)\b,high
train,1QFQ_A,15,Bacteriophage Lambda N-protein-NutboxB-RNA Complex,Bacteriophage Lambda N-protein-NutboxB-RNA Complex,viral_rna,v2_phage,low
train,17RA_A,21,"BRANCHPOINT HELIX FROM YEAST AND BINDING SITE FOR PHAGE GA/MS2 COAT PROTEINS, NMR, 12 STRUCTURES","BRANCHPOINT HELIX FROM YEAST AND BINDING SITE FOR PHAGE GA/MS2 COAT PROTEINS, NM...",nmr_solution_motif,\b(nmr|solution)\b,high
train,1BAU_B,23,"NMR STRUCTURE OF THE DIMER INITIATION COMPLEX OF HIV-1 GENOMIC RNA, MINIMIZED AVERAGE STRUCTURE","NMR STRUCTURE OF THE DIMER INITIATION COMPLEX OF HIV-1 GENOMIC RNA, MINIMIZED AV...",viral_rna,\bhiv\b|\bhcv\b|\bsars\b|\bires\b|\bframeshift\w*\b|\btar\s+rna\b|\bviral\s+r...,medium
train,1BZ2_A,17,"STABILIZATION OF THE ANTICODON STEM-LOOP OF TRNALYS,3 BY AN A+C BASE PAIR AND BY PSEUDOURIDINE, NMR, 1 STRUCTURE","STABILIZATION OF THE ANTICODON STEM-LOOP OF TRNALYS,3 BY AN A+C BASE PAIR AND BY...",nmr_solution_motif,\b(nmr|solution)\b,medium
train,1CQ5_A,43,NMR STRUCTURE OF SRP RNA DOMAIN IV,NMR STRUCTURE OF SRP RNA DOMAIN IV,nmr_solution_motif,\b(nmr|solution)\b,high
train,1QC8_A,25,NMR STRUCTURE OF TAU EXON 10 SPLICING REGULATORY ELEMENT RNA,NMR STRUCTURE OF TAU EXON 10 SPLICING REGULATORY ELEMENT RNA,nmr_solution_motif,\b(nmr|solution)\b,high
train,484D_B,27,SOLUTION STRUCTURE OF HIV-1 REV PEPTIDE-RNA APTAMER COMPLEX,SOLUTION STRUCTURE OF HIV-1 REV PEPTIDE-RNA APTAMER COMPLEX,riboswitch,\briboswitch(es)?\b|\baptamer\b|\b(sam|tpp|fmn|cobalamin|glycine|lysine|preq[...,medium
train,1D6K_B,37,NMR SOLUTION STRUCTURE OF THE 5S RRNA E-LOOP/L25 COMPLEX,NMR SOLUTION STRUCTURE OF THE 5S RRNA E-LOOP/L25 COMPLEX,ribosome_subunit,\bribosom(e|al|os)\b|\b(small|large)\s+subunit\b|\b(30|40|50|60|70|80)s\b|\b(...,medium
train,1EIY_C,76,THE CRYSTAL STRUCTURE OF PHENYLALANYL-TRNA SYNTHETASE FROM THERMUS THERMOPHILUS COMPLEXED WITH COGNATE TRNAPHE,THE CRYSTAL STRUCTURE OF PHENYLALANYL-TRNA SYNTHETASE FROM THERMUS THERMOPHILUS ...,tRNA,\btrna\b|\btransfer\s+rna\b,high
train,1ESH_A,13,THE SOLUTION STRUCTURE OF THE STEM LOOP C 5'AUA3' TRILOOP OF BROME MOSAIC VIRUS (+) STRAND RNA,THE SOLUTION STRUCTURE OF THE STEM LOOP C 5'AUA3' TRILOOP OF BROME MOSAIC VIRUS ...,nmr_solution_motif,\b(nmr|solution)\b,medium
train,1EXY_A,33,SOLUTION STRUCTURE OF HTLV-1 PEPTIDE BOUND TO ITS RNA APTAMER TARGET,SOLUTION STRUCTURE OF HTLV-1 PEPTIDE BOUND TO ITS RNA APTAMER TARGET,riboswitch,\briboswitch(es)?\b|\baptamer\b|\b(sam|tpp|fmn|cobalamin|glycine|lysine|preq[...,medium
train,1D0U_A,21,SOLUTION STRUCTURE OF AN RNA BINDING SITE FOR PHAGE MS2 COAT PROTEIN,SOLUTION STRUCTURE OF AN RNA BINDING SITE FOR PHAGE MS2 COAT PROTEIN,nmr_solution_motif,\b(nmr|solution)\b,high
train,1ESY_A,19,NMR STRUCTURE OF STEM LOOP SL2 OF THE HIV-1 PSI RNA PACKAGING SIGNAL REVEALS A NOVEL A-U-A BASE-TRIPLE PLATFORM,NMR STRUCTURE OF STEM LOOP SL2 OF THE HIV-1 PSI RNA PACKAGING SIGNAL REVEALS A N...,viral_rna,\bhiv\b|\bhcv\b|\bsars\b|\bires\b|\bframeshift\w*\b|\btar\s+rna\b|\bviral\s+r...,medium
train,1EUQ_B,72,CRYSTAL STRUCTURE OF GLUTAMINYL-TRNA SYNTHETASE COMPLEXED WITH A TRNA-GLN MUTANT AND AN ACTIVE-SITE INHIBITOR,CRYSTAL STRUCTURE OF GLUTAMINYL-TRNA SYNTHETASE COMPLEXED WITH A TRNA-GLN MUTANT...,tRNA,\btrna\b|\btransfer\s+rna\b,high
train,1F9L_A,22,Solution Structure of a 22-Nucleotide Hairpin Similar to the P5ABC Region of a Group I Ribozyme with Cobalt(III)hexammine Complexed to the GAAA Tetraloop,Solution Structure of a 22-Nucleotide Hairpin Similar to the P5ABC Region of a G...,ribozyme,\bribozyme(s)?\b|\bhammerhead\b|\bhairpin\s+ribozyme\b|\bhdv\b|\bgroup\s+i+\b...,medium
train,1FFK_9,122,CRYSTAL STRUCTURE OF THE LARGE RIBOSOMAL SUBUNIT FROM HALOARCULA MARISMORTUI AT 2.4 ANGSTROM RESOLUTION,CRYSTAL STRUCTURE OF THE LARGE RIBOSOMAL SUBUNIT FROM HALOARCULA MARISMORTUI AT ...,ribosome_subunit,\bribosom(e|al|os)\b|\b(small|large)\s+subunit\b|\b(30|40|50|60|70|80)s\b|\b(...,high
train,1EKZ_B,30,NMR STRUCTURE OF THE COMPLEX BETWEEN THE THIRD DSRBD FROM DROSOPHILA STAUFEN AND A RNA HAIRPIN,NMR STRUCTURE OF THE COMPLEX BETWEEN THE THIRD DSRBD FROM DROSOPHILA STAUFEN AND...,nmr_solution_motif,\b(nmr|solution)\b,medium
train,1F5U_B,18,SOLUTION STRUCTURE OF THE KISSING DIMER OF H3 GACG STEM-LOOP IN THE 5'-END DIMERIZATION SIGNAL OF MOLONEY MURINE LEUKEMIA VIRUS GENOMIC RNA,SOLUTION STRUCTURE OF THE KISSING DIMER OF H3 GACG STEM-LOOP IN THE 5'-END DIMER...,nmr_solution_motif,\b(nmr|solution)\b,medium
train,1F6Z_A,27,SOLUTION STRUCTURE OF THE RNASE P RNA (M1 RNA) P4 STEM C70U MUTANT OLIGORIBONUCLEOTIDE,SOLUTION STRUCTURE OF THE RNASE P RNA (M1 RNA) P4 STEM C70U MUTANT OLIGORIBONUCL...,ribozyme,\bribozyme(s)?\b|\bhammerhead\b|\bhairpin\s+ribozyme\b|\bhdv\b|\bgroup\s+i+\b...,medium
train,1F6X_A,27,SOLUTION STRUCTURE OF THE RNASE P RNA (M1 RNA) P4 STEM OLIGORIBONUCLEOTIDE,SOLUTION STRUCTURE OF THE RNASE P RNA (M1 RNA) P4 STEM OLIGORIBONUCLEOTIDE,ribozyme,\bribozyme(s)?\b|\bhammerhead\b|\bhairpin\s+ribozyme\b|\bhdv\b|\bgroup\s+i+\b...,medium
train,1F85_A,14,SOLUTION STRUCTURE OF HCV IRES RNA DOMAIN IIIE,SOLUTION STRUCTURE OF HCV IRES RNA DOMAIN IIIE,viral_rna,\bhiv\b|\bhcv\b|\bsars\b|\bires\b|\bframeshift\w*\b|\btar\s+rna\b|\bviral\s+r...,medium
train,1F84_A,29,SOLUTION STRUCTURE OF HCV IRES RNA DOMAIN IIID,SOLUTION STRUCTURE OF HCV IRES RNA DOMAIN IIID,viral_rna,\bhiv\b|\bhcv\b|\bsars\b|\bires\b|\bframeshift\w*\b|\btar\s+rna\b|\bviral\s+r...,medium
train,1FOQ_A,120,PENTAMERIC MODEL OF THE BACTERIOPHAGE PHI29 PROHEAD RNA,PENTAMERIC MODEL OF THE BACTERIOPHAGE PHI29 PROHEAD RNA,viral_rna,v2_phage,low
train,1FJE_A,22,SOLUTION STRUCTURE OF NUCLEOLIN RBD12 IN COMPLEX WITH SNRE RNA,SOLUTION STRUCTURE OF NUCLEOLIN RBD12 IN COMPLEX WITH SNRE RNA,nmr_solution_motif,\b(nmr|solution)\b,medium
train,1E4P_A,24,Structure of the ribozyme substrate hairpin of Neurospora VS RNA. A close look at the cleavage site,Structure of the ribozyme substrate hairpin of Neurospora VS RNA. A close look a...,ribozyme,\bribozyme(s)?\b|\bhammerhead\b|\bhairpin\s+ribozyme\b|\bhdv\b|\bgroup\s+i+\b...,medium
train,1FQZ_A,27,NMR VALIDATED MODEL OF DOMAIN IIID OF HEPATITIS C VIRUS INTERNAL RIBOSOME ENTRY SITE,NMR VALIDATED MODEL OF DOMAIN IIID OF HEPATITIS C VIRUS INTERNAL RIBOSOME ENTRY ...,ribosome_subunit,\bribosom(e|al|os)\b|\b(small|large)\s+subunit\b|\b(30|40|50|60|70|80)s\b|\b(...,medium
train,1G70_A,32,COMPLEX OF HIV-1 RRE-IIB RNA WITH RSG-1.2 PEPTIDE,COMPLEX OF HIV-1 RRE-IIB RNA WITH RSG-1.2 PEPTIDE,viral_rna,\bhiv\b|\bhcv\b|\bsars\b|\bires\b|\bframeshift\w*\b|\btar\s+rna\b|\bviral\s+r...,medium
train,1E7K_D,22,Crystal structure of the spliceosomal 15.5kD protein bound to a U4 snRNA fragment,Crystal structure of the spliceosomal 15.5kD protein bound to a U4 snRNA fragmen...,ribozyme,\bribozyme(s)?\b|\bhammerhead\b|\bhairpin\s+ribozyme\b|\bhdv\b|\bgroup\s+i+\b...,high
train,1FYO_A,27,EUKARYOTIC DECODING REGION A-SITE RNA,EUKARYOTIC DECODING REGION A-SITE RNA,other,,low
train,1FHK_A,14,NMR STRUCTURE OF THE 690 LOOP OF 16 S RRNA OF E. COLI,NMR STRUCTURE OF THE 690 LOOP OF 16 S RRNA OF E. COLI,ribosome_subunit,\bribosom(e|al|os)\b|\b(small|large)\s+subunit\b|\b(30|40|50|60|70|80)s\b|\b(...,medium
train,1I3X_A,19,SOLUTION STRUCTURE OF THE A LOOP OF 23S RIBOSOMAL RNA,SOLUTION STRUCTURE OF THE A LOOP OF 23S RIBOSOMAL RNA,ribosome_subunit,\bribosom(e|al|os)\b|\b(small|large)\s+subunit\b|\b(30|40|50|60|70|80)s\b|\b(...,medium
train,1I4C_A,13,THE SOLUTION STRUCTURE OF THE MINOR FAMILY OF THE MUTANT STEM LOOP C 5'UUA3' TRILOOP OF BROME MOSAIC VIRUS (+) STRAND RNA,THE SOLUTION STRUCTURE OF THE MINOR FAMILY OF THE MUTANT STEM LOOP C 5'UUA3' TRI...,nmr_solution_motif,\b(nmr|solution)\b,medium
train,1I46_A,13,The solution structure of the mutant stem loop C 5'GUA3' triloop of brome mosaic virus (+) strand RNA,The solution structure of the mutant stem loop C 5'GUA3' triloop of brome mosaic...,nmr_solution_motif,\b(nmr|solution)\b,medium
train,1IBM_Y,15,STRUCTURE OF THE THERMUS THERMOPHILUS 30S RIBOSOMAL SUBUNIT IN COMPLEX WITH A MESSENGER RNA FRAGMENT AND COGNATE TRANSFER RNA ANTICODON STEM-LOOP BOUND AT THE A SITE,STRUCTURE OF THE THERMUS THERMOPHILUS 30S RIBOSOMAL SUBUNIT IN COMPLEX WITH A ME...,ribosome_subunit,\bribosom(e|al|os)\b|\b(small|large)\s+subunit\b|\b(30|40|50|60|70|80)s\b|\b(...,medium
train,1HWQ_A,30,SOLUTION STRUCTURE OF THE VS RIBOZYME SUBSTRATE STEM-LOOP,SOLUTION STRUCTURE OF THE VS RIBOZYME SUBSTRATE STEM-LOOP,ribozyme,\bribozyme(s)?\b|\bhammerhead\b|\bhairpin\s+ribozyme\b|\bhdv\b|\bgroup\s+i+\b...,medium
train,1IK1_A,14,Solution Structure of an RNA Hairpin from HRV-14,Solution Structure of an RNA Hairpin from HRV-14,nmr_solution_motif,\b(nmr|solution)\b,medium
train,1E95_A,36,"Solution structure of the pseudoknot of SRV-1 RNA, involved in ribosomal frameshifting","Solution structure of the pseudoknot of SRV-1 RNA, involved in ribosomal framesh...",ribosome_subunit,\bribosom(e|al|os)\b|\b(small|large)\s+subunit\b|\b(30|40|50|60|70|80)s\b|\b(...,medium
train,1HS2_A,13,SOLUTION STRUCTURE OF RNA HAIRPIN LOOP UUAAGU AS PART OF HAIRPIN R(GCGUUAAGUCGCA),SOLUTION STRUCTURE OF RNA HAIRPIN LOOP UUAAGU AS PART OF HAIRPIN R(GCGUUAAGUCGCA...,nmr_solution_motif,\b(nmr|solution)\b,medium
train,1JO7_A,31,Solution Structure of Influenza A Virus Promoter,Solution Structure of Influenza A Virus Promoter,nmr_solution_motif,\b(nmr|solution)\b,high
train,1IDV_A,10,NMR structure of HCV ires RNA domain IIIC,NMR structure of HCV ires RNA domain IIIC,viral_rna,\bhiv\b|\bhcv\b|\bsars\b|\bires\b|\bframeshift\w*\b|\btar\s+rna\b|\bviral\s+r...,medium
train,1K5I_A,23,NMR Structure of a Ribosomal RNA Hairpin Containing a Conserved CUCAA Pentaloop,NMR Structure of a Ribosomal RNA Hairpin Containing a Conserved CUCAA Pentaloop,ribosome_subunit,\bribosom(e|al|os)\b|\b(small|large)\s+subunit\b|\b(30|40|50|60|70|80)s\b|\b(...,medium
train,1K9W_A,23,HIV-1(MAL) RNA Dimerization Initiation Site,HIV-1(MAL) RNA Dimerization Initiation Site,viral_rna,\bhiv\b|\bhcv\b|\bsars\b|\bires\b|\bframeshift\w*\b|\btar\s+rna\b|\bviral\s+r...,high
train,1JTW_A,16,Structure of SL4 RNA from the HIV-1 Packaging Signal,Structure of SL4 RNA from the HIV-1 Packaging Signal,viral_rna,\bhiv\b|\bhcv\b|\bsars\b|\bires\b|\bframeshift\w*\b|\btar\s+rna\b|\bviral\s+r...,high
train,1K6G_A,22,Solution Structure of Conserved AGNN Tetraloops: Insights into Rnt1p RNA Processing,Solution Structure of Conserved AGNN Tetraloops: Insights into Rnt1p RNA Process...,nmr_solution_motif,\b(nmr|solution)\b,high
train,1K4B_A,14,"STRUCTURE OF AGUU RNA TETRALOOP, NMR, 20 STRUCTURES","STRUCTURE OF AGUU RNA TETRALOOP, NMR, 20 STRUCTURES",nmr_solution_motif,\b(nmr|solution)\b,medium
train,1K4A_A,14,"STRUCTURE OF AGAA RNA TETRALOOP, NMR, 20 STRUCTURES","STRUCTURE OF AGAA RNA TETRALOOP, NMR, 20 STRUCTURES",nmr_solution_motif,\b(nmr|solution)\b,medium
train,1K6H_A,22,Solution Structure of Conserved AGNN Tetraloops: Insights into Rnt1p RNA processing,Solution Structure of Conserved AGNN Tetraloops: Insights into Rnt1p RNA process...,nmr_solution_motif,\b(nmr|solution)\b,high
train,1JUR_A,22,Solution Structure of Helix III in Xenopus Oocyte 5S rRNA.,Solution Structure of Helix III in Xenopus Oocyte 5S rRNA.,ribosome_subunit,\bribosom(e|al|os)\b|\b(small|large)\s+subunit\b|\b(30|40|50|60|70|80)s\b|\b(...,medium
train,1KKS_A,24,Structure of the histone mRNA hairpin required for cell cycle regulation of histone gene expression,Structure of the histone mRNA hairpin required for cell cycle regulation of hist...,loop_motif,\b(loop|hairpin|kink[-\s]?turn|sarcin[-\s]?ricin|tetraloop)\b,high
train,1JWC_A,28,NMR SOLUTION STRUCTURE OF THE RNA HAIRPIN BINDING SITE FOR THE HISTONE STEM-LOOP BINDING PROTEIN,NMR SOLUTION STRUCTURE OF THE RNA HAIRPIN BINDING SITE FOR THE HISTONE STEM-LOOP...,nmr_solution_motif,\b(nmr|solution)\b,medium
train,1L1C_C,29,Structure of the LicT Bacterial Antiterminator Protein in Complex with its RNA Target,Structure of the LicT Bacterial Antiterminator Protein in Complex with its RNA T...,complex_with_protein,\bcomplex\b.*\b(protein|with)\b|\b(bound\s+to|in\s+complex\s+with)\b.*\bprote...,high
train,1KP7_A,30,Conserved RNA Structure within the HCV IRES eIF3 Binding Site,Conserved RNA Structure within the HCV IRES eIF3 Binding Site,viral_rna,\bhiv\b|\bhcv\b|\bsars\b|\bires\b|\bframeshift\w*\b|\btar\s+rna\b|\bviral\s+r...,high
train,1JOX_A,21,NMR Structure of the LP5.1 Hairpin from Bacillus RNase P RNA Refined with Residual Dipolar Couplings,NMR Structure of the LP5.1 Hairpin from Bacillus RNase P RNA Refined with Residu...,ribozyme,\bribozyme(s)?\b|\bhammerhead\b|\bhairpin\s+ribozyme\b|\bhdv\b|\bgroup\s+i+\b...,medium
train,1K2G_A,22,Structural basis for the 3'-terminal guanosine recognition by the group I intron,Structural basis for the 3'-terminal guanosine recognition by the group I intron,ribozyme,\bribozyme(s)?\b|\bhammerhead\b|\bhairpin\s+ribozyme\b|\bhdv\b|\bgroup\s+i+\b...,high
train,1L1W_A,29,NMR structure of a SRP19 binding domain in human SRP RNA,NMR structure of a SRP19 binding domain in human SRP RNA,nmr_solution_motif,\b(nmr|solution)\b,high
train,1LC6_A,24,Solution Structure of the U6 Intramolecular Stem-loop RNA,Solution Structure of the U6 Intramolecular Stem-loop RNA,nmr_solution_motif,\b(nmr|solution)\b,medium
train,1LS2_B,76,Fitting of EF-Tu and tRNA in the Low Resolution Cryo-EM Map of an EF-Tu Ternary Complex (GDP and Kirromycin) Bound to E. coli 70S Ribosome,Fitting of EF-Tu and tRNA in the Low Resolution Cryo-EM Map of an EF-Tu Ternary ...,ribosome_subunit,\bribosom(e|al|os)\b|\b(small|large)\s+subunit\b|\b(30|40|50|60|70|80)s\b|\b(...,medium
train,1KKA_A,17,Solution Structure of the Unmodified Anticodon Stem-loop from E. coli tRNA(Phe),Solution Structure of the Unmodified Anticodon Stem-loop from E. coli tRNA(Phe),tRNA,\btrna\b|\btransfer\s+rna\b,medium
train,1MFY_A,31,SOLUTION STRUCTURE OF INFLUENZA A VIRUS C4 PROMOTER,SOLUTION STRUCTURE OF INFLUENZA A VIRUS C4 PROMOTER,nmr_solution_motif,\b(nmr|solution)\b,high
train,1M5L_A,38,Structure of wild-type and mutant internal loops from the SL-1 domain of the HIV-1 packaging signal,Structure of wild-type and mutant internal loops from the SL-1 domain of the HIV...,viral_rna,\bhiv\b|\bhcv\b|\bsars\b|\bires\b|\bframeshift\w*\b|\btar\s+rna\b|\bviral\s+r...,high
train,1MFJ_A,20,3' Stem-Loop from Human U4 SNRNA,3' Stem-Loop from Human U4 SNRNA,loop_motif,\b(loop|hairpin|kink[-\s]?turn|sarcin[-\s]?ricin|tetraloop)\b,high
train,1MFK_A,23,Structure of Prokaryotic SECIS mRNA Hairpin,Structure of Prokaryotic SECIS mRNA Hairpin,loop_motif,\b(loop|hairpin|kink[-\s]?turn|sarcin[-\s]?ricin|tetraloop)\b,high
train,1N34_A,1513,Structure of the Thermus thermophilus 30S ribosomal subunit in the presence of codon and crystallographically disordered near-cognate transfer rna anticodon stem-loop mismatched at the first codon position,Structure of the Thermus thermophilus 30S ribosomal subunit in the presence of c...,ribosome_subunit,\bribosom(e|al|os)\b|\b(small|large)\s+subunit\b|\b(30|40|50|60|70|80)s\b|\b(...,medium
train,1JTJ_A,23,Solution structure of HIV-1Lai mutated SL1 hairpin,Solution structure of HIV-1Lai mutated SL1 hairpin,viral_rna,\bhiv\b|\bhcv\b|\bsars\b|\bires\b|\bframeshift\w*\b|\btar\s+rna\b|\bviral\s+r...,medium
train,1MT4_A,24,Structure of 23S ribosomal RNA hairpin 35,Structure of 23S ribosomal RNA hairpin 35,ribosome_subunit,\bribosom(e|al|os)\b|\b(small|large)\s+subunit\b|\b(30|40|50|60|70|80)s\b|\b(...,medium
train,1MNX_A,42,The Solution Structure of the Loop E Region of the 5S rRNA from Spinach Chloroplasts.,The Solution Structure of the Loop E Region of the 5S rRNA from Spinach Chloropl...,ribosome_subunit,\bribosom(e|al|os)\b|\b(small|large)\s+subunit\b|\b(30|40|50|60|70|80)s\b|\b(...,medium
train,1NA2_A,30,Solution structure of the p2b hairpin from human telomerase RNA,Solution structure of the p2b hairpin from human telomerase RNA,nmr_solution_motif,\b(nmr|solution)\b,medium
train,1NC0_A,24,U80G U6 Intramolecular Stem-Loop RNA from Saccharomyces cerevisiae,U80G U6 Intramolecular Stem-Loop RNA from Saccharomyces cerevisiae,loop_motif,\b(loop|hairpin|kink[-\s]?turn|sarcin[-\s]?ricin|tetraloop)\b,high
train,1N8X_A,36,Solution structure of HIV-1 Stem Loop SL1,Solution structure of HIV-1 Stem Loop SL1,viral_rna,\bhiv\b|\bhcv\b|\bsars\b|\bires\b|\bframeshift\w*\b|\btar\s+rna\b|\bviral\s+r...,medium
train,1OQ0_A,15,P6.1 stem loop from the activation domain of hTR,P6.1 stem loop from the activation domain of hTR,loop_motif,\b(loop|hairpin|kink[-\s]?turn|sarcin[-\s]?ricin|tetraloop)\b,high
train,1OW9_A,23,NMR Structure of the Active Conformation of the VS Ribozyme Cleavage Site,NMR Structure of the Active Conformation of the VS Ribozyme Cleavage Site,ribozyme,\bribozyme(s)?\b|\bhammerhead\b|\bhairpin\s+ribozyme\b|\bhdv\b|\bgroup\s+i+\b...,medium
train,1OSW_A,23,The Stem of SL1 RNA in HIV-1: Structure and Nucleocapsid Protein Binding for a 1X3 Internal Loop,The Stem of SL1 RNA in HIV-1: Structure and Nucleocapsid Protein Binding for a 1...,viral_rna,\bhiv\b|\bhcv\b|\bsars\b|\bires\b|\bframeshift\w*\b|\btar\s+rna\b|\bviral\s+r...,medium
train,1M82_A,25,SOLUTION STRUCTURE OF THE COMPLEMENTARY RNA PROMOTER OF INFLUENZA A VIRUS,SOLUTION STRUCTURE OF THE COMPLEMENTARY RNA PROMOTER OF INFLUENZA A VIRUS,nmr_solution_motif,\b(nmr|solution)\b,high
train,1NYB_B,24,SOLUTION STRUCTURE OF THE BACTERIOPHAGE PHI21 N PEPTIDE-BOXB RNA COMPLEX,SOLUTION STRUCTURE OF THE BACTERIOPHAGE PHI21 N PEPTIDE-BOXB RNA COMPLEX,nmr_solution_motif,\b(nmr|solution)\b,high
train,1PJY_A,22,Solution structure of the HIV-1 frameshift inducing stem-loop RNA,Solution structure of the HIV-1 frameshift inducing stem-loop RNA,viral_rna,\bhiv\b|\bhcv\b|\bsars\b|\bires\b|\bframeshift\w*\b|\btar\s+rna\b|\bviral\s+r...,medium
train,1P6V_B,68,Crystal structure of the tRNA domain of transfer-messenger RNA in complex with SmpB,Crystal structure of the tRNA domain of transfer-messenger RNA in complex with S...,tRNA,\btrna\b|\btransfer\s+rna\b,medium
train,1P6V_D,68,Crystal structure of the tRNA domain of transfer-messenger RNA in complex with SmpB,Crystal structure of the tRNA domain of transfer-messenger RNA in complex with S...,tRNA,\btrna\b|\btransfer\s+rna\b,medium
train,1N66_A,22,Structure of the pyrimidine-rich internal loop in the Y-domain of poliovirus 3'UTR,Structure of the pyrimidine-rich internal loop in the Y-domain of poliovirus 3'U...,loop_motif,\b(loop|hairpin|kink[-\s]?turn|sarcin[-\s]?ricin|tetraloop)\b,high
train,1HS1_A,13,SOLUTION STRUCTURE OF RNA HAIRPIN LOOP UUAACU AS PART OF HAIRPIN R(GCGUUAACUCGCA),SOLUTION STRUCTURE OF RNA HAIRPIN LOOP UUAACU AS PART OF HAIRPIN R(GCGUUAACUCGCA...,nmr_solution_motif,\b(nmr|solution)\b,medium
train,1HS8_A,13,SOLUTION STRUCTURE OF RNA HAIRPIN LOOP UCAAUU AS PART OF HAIRPIN R(GCGUCAAUUCGCA),SOLUTION STRUCTURE OF RNA HAIRPIN LOOP UCAAUU AS PART OF HAIRPIN R(GCGUCAAUUCGCA...,nmr_solution_motif,\b(nmr|solution)\b,medium
train,1HS4_A,13,SOLUTION STRUCTURE OF RNA HAIRPIN LOOP UUAAAU AS PART OF HAIRPIN R(GCGUUAAAUCGCA),SOLUTION STRUCTURE OF RNA HAIRPIN LOOP UUAAAU AS PART OF HAIRPIN R(GCGUUAAAUCGCA...,nmr_solution_motif,\b(nmr|solution)\b,medium
train,1HS3_A,13,SOLUTION STRUCTURE OF RNA HAIRPIN LOOP UUAAUU AS PART OF HAIRPIN R(GCGUUAAUUCGCA),SOLUTION STRUCTURE OF RNA HAIRPIN LOOP UUAAUU AS PART OF HAIRPIN R(GCGUUAAUUCGCA...,nmr_solution_motif,\b(nmr|solution)\b,medium
train,1JZC_A,13,THE SOLUTION STRUCTURE OF THE MUTANT 5'AUG3' TRILOOP IN THE RNA PROMOTER REGION OF THE BROME MOSAIC VIRUS GENOMIC (+)-RNA,THE SOLUTION STRUCTURE OF THE MUTANT 5'AUG3' TRILOOP IN THE RNA PROMOTER REGION ...,nmr_solution_motif,\b(nmr|solution)\b,high
train,1QZC_C,27,"Coordinates of S12, SH44, LH69 and SRL separately fitted into the cryo-EM map of EF-Tu ternary complex (GDP.Kirromycin) bound 70S ribosome","Coordinates of S12, SH44, LH69 and SRL separately fitted into the cryo-EM map of...",ribosome_subunit,\bribosom(e|al|os)\b|\b(small|large)\s+subunit\b|\b(30|40|50|60|70|80)s\b|\b(...,high
train,1P5M_A,55,Solution Structure of HCV IRES Domain IIa,Solution Structure of HCV IRES Domain IIa,viral_rna,\bhiv\b|\bhcv\b|\bsars\b|\bires\b|\bframeshift\w*\b|\btar\s+rna\b|\bviral\s+r...,medium
train,1R2W_C,58,Coordinates of L11 with 58nts of 23S rRNA fitted into the cryo-EM map of the 70S ribosome,Coordinates of L11 with 58nts of 23S rRNA fitted into the cryo-EM map of the 70S...,ribosome_subunit,\bribosom(e|al|os)\b|\b(small|large)\s+subunit\b|\b(30|40|50|60|70|80)s\b|\b(...,high
train,1P5N_A,34,Solution Structure of HCV IRES Domain IIb,Solution Structure of HCV IRES Domain IIb,viral_rna,\bhiv\b|\bhcv\b|\bsars\b|\bires\b|\bframeshift\w*\b|\btar\s+rna\b|\bviral\s+r...,medium
train,1QZC_B,21,"Coordinates of S12, SH44, LH69 and SRL separately fitted into the cryo-EM map of EF-Tu ternary complex (GDP.Kirromycin) bound 70S ribosome","Coordinates of S12, SH44, LH69 and SRL separately fitted into the cryo-EM map of...",ribosome_subunit,\bribosom(e|al|os)\b|\b(small|large)\s+subunit\b|\b(30|40|50|60|70|80)s\b|\b(...,high
train,1P5P_A,77,Solution Structure of HCV IRES Domain II (minimized average structure),Solution Structure of HCV IRES Domain II (minimized average structure),viral_rna,\bhiv\b|\bhcv\b|\bsars\b|\bires\b|\bframeshift\w*\b|\btar\s+rna\b|\bviral\s+r...,high
train,1QZA_B,75,Coordinates of the A/T site tRNA model fitted into the cryo-EM map of EF-Tu ternary complex (GDP.Kirromycin) bound 70S ribosome,Coordinates of the A/T site tRNA model fitted into the cryo-EM map of EF-Tu tern...,ribosome_subunit,\bribosom(e|al|os)\b|\b(small|large)\s+subunit\b|\b(30|40|50|60|70|80)s\b|\b(...,medium
train,1QZB_B,76,Coordinates of the A-site tRNA model fitted into the cryo-EM map of 70S ribosome in the pre-translocational state,Coordinates of the A-site tRNA model fitted into the cryo-EM map of 70S ribosome...,ribosome_subunit,\bribosom(e|al|os)\b|\b(small|large)\s+subunit\b|\b(30|40|50|60|70|80)s\b|\b(...,medium
train,1QWB_A,26,NMR structure of 5'-r(GGACACGAAAUCCCGAAGUAGUGUCC)-3' : an RNA hairpin containing the in vitro selected consensus sequence for nucleolin RBD12,NMR structure of 5'-r(GGACACGAAAUCCCGAAGUAGUGUCC)-3' : an RNA hairpin containing...,nmr_solution_motif,\b(nmr|solution)\b,medium
train,1QWA_A,21,NMR structure of 5'-r(GGAUGCCUCCCGAGUGCAUCC): an RNA hairpin derived from the mouse 5'ETS that binds nucleolin RBD12.,NMR structure of 5'-r(GGAUGCCUCCCGAGUGCAUCC): an RNA hairpin derived from the mo...,nmr_solution_motif,\b(nmr|solution)\b,medium
train,1Q75_A,15,Solution structure of the dyskeratosis congenita mutant P2b hairpin from human telomerase RNA,Solution structure of the dyskeratosis congenita mutant P2b hairpin from human t...,nmr_solution_motif,\b(nmr|solution)\b,medium
train,1R2P_A,34,Solution structure of domain 5 from the ai5(gamma) group II intron,Solution structure of domain 5 from the ai5(gamma) group II intron,ribozyme,\bribozyme(s)?\b|\bhammerhead\b|\bhairpin\s+ribozyme\b|\bhdv\b|\bgroup\s+i+\b...,medium
train,1RFR_A,30,NMR structure of the 30mer stemloop-D of coxsackieviral RNA,NMR structure of the 30mer stemloop-D of coxsackieviral RNA,nmr_solution_motif,\b(nmr|solution)\b,high
train,1S9S_A,101,SOLUTION STRUCTURE OF MLV PSI SITE,SOLUTION STRUCTURE OF MLV PSI SITE,other,,low
train,1RY1_E,50,Structure of the signal recognition particle interacting with the elongation-arrested ribosome,Structure of the signal recognition particle interacting with the elongation-arr...,ribosome_subunit,\bribosom(e|al|os)\b|\b(small|large)\s+subunit\b|\b(30|40|50|60|70|80)s\b|\b(...,high
train,1SZY_A,21,"Solution structure of ITALY1 (""Initiator tRNA Anticodon Loop from Yeast""), an unmodified 21-nt RNA with the sequence of the anticodon stem-loop of yeast initiator tRNA","Solution structure of ITALY1 (""Initiator tRNA Anticodon Loop from Yeast""), an un...",tRNA,\btrna\b|\btransfer\s+rna\b,medium
train,1ROQ_A,14,Extending the Family of UNCG-like Tetraloop Motifs: NMR Structure of a CACG Tetraloop from Coxsackievirus B3,Extending the Family of UNCG-like Tetraloop Motifs: NMR Structure of a CACG Tetr...,nmr_solution_motif,\b(nmr|solution)\b,medium
train,1R7W_A,34,"NMR STRUCTURE OF THE R(GGAGGACAUCCCUCACGGGUGACCGUGGUCCUCC), DOMAIN IV STEM-LOOP B OF ENTEROVIRAL IRES WITH AUCCCU BULGE","NMR STRUCTURE OF THE R(GGAGGACAUCCCUCACGGGUGACCGUGGUCCUCC), DOMAIN IV STEM-LOOP ...",viral_rna,\bhiv\b|\bhcv\b|\bsars\b|\bires\b|\bframeshift\w*\b|\btar\s+rna\b|\bviral\s+r...,medium
train,1R7Z_A,34,"NMR STRUCTURE OF THE R(GGAGGACAUUCCUCACGGGUGACCGUGGUCCUCC), DOMAIN IV STEM-LOOP B OF ENTEROVIRAL IRES WITH AUUCCU BULGE","NMR STRUCTURE OF THE R(GGAGGACAUUCCUCACGGGUGACCGUGGUCCUCC), DOMAIN IV STEM-LOOP ...",viral_rna,\bhiv\b|\bhcv\b|\bsars\b|\bires\b|\bframeshift\w*\b|\btar\s+rna\b|\bviral\s+r...,medium
train,1T4L_A,32,Solution structure of double-stranded RNA binding domain of S. cerevisiae RNase III (Rnt1p) in complex with the 5' terminal RNA hairpin of snR47 precursor,Solution structure of double-stranded RNA binding domain of S. cerevisiae RNase ...,nmr_solution_motif,\b(nmr|solution)\b,medium
train,1WKS_A,17,Solution structure of an RNA stem-loop derived from the 3' conserved region of eel LINE UnaL2,Solution structure of an RNA stem-loop derived from the 3' conserved region of e...,nmr_solution_motif,\b(nmr|solution)\b,medium
train,1T28_A,34,High resolution structure of a picornaviral internal cis-acting replication element,High resolution structure of a picornaviral internal cis-acting replication elem...,viral_rna,v2_phage,low
train,1S34_A,23,Solution structure of residues 907-929 from Rous Sarcoma Virus,Solution structure of residues 907-929 from Rous Sarcoma Virus,nmr_solution_motif,\b(nmr|solution)\b,high
train,1TJZ_A,22,Solution Structure of the Active Site Stem-Loop of the VS Ribozyme,Solution Structure of the Active Site Stem-Loop of the VS Ribozyme,ribozyme,\bribozyme(s)?\b|\bhammerhead\b|\bhairpin\s+ribozyme\b|\bhdv\b|\bgroup\s+i+\b...,medium
train,1TXS_A,38,STEM-LOOP D OF THE CLOVERLEAF DOMAIN OF ENTEROVIRAL 5'UTR RNA,STEM-LOOP D OF THE CLOVERLEAF DOMAIN OF ENTEROVIRAL 5'UTR RNA,loop_motif,\b(loop|hairpin|kink[-\s]?turn|sarcin[-\s]?ricin|tetraloop)\b,high
train,1R4H_A,10,NMR Solution structure of the IIIc domain of GB Virus B IRES Element,NMR Solution structure of the IIIc domain of GB Virus B IRES Element,viral_rna,\bhiv\b|\bhcv\b|\bsars\b|\bires\b|\bframeshift\w*\b|\btar\s+rna\b|\bviral\s+r...,medium
train,1XHP_A,32,Solution Structure of the Extended U6 ISL as Observed in the U2/U6 complex from Saccharomyces cerevisiae,Solution Structure of the Extended U6 ISL as Observed in the U2/U6 complex from ...,nmr_solution_motif,\b(nmr|solution)\b,high
train,1XSG_A,27,"Solution structure of E.coli RNase P RNA P4 stem oligoribonucleotide, U69A mutation","Solution structure of E.coli RNase P RNA P4 stem oligoribonucleotide, U69A mutat...",ribozyme,\bribozyme(s)?\b|\bhammerhead\b|\bhairpin\s+ribozyme\b|\bhdv\b|\bgroup\s+i+\b...,medium
train,1Y1Y_P,4,RNA Polymerase II-TFIIS-DNA/RNA complex,RNA Polymerase II-TFIIS-DNA/RNA complex,other,,low
train,1XSH_A,27,"Solution structure of E.coli RNase P RNA P4 stem oligoribonucleotide, U69C/C70U mutation","Solution structure of E.coli RNase P RNA P4 stem oligoribonucleotide, U69C/C70U ...",ribozyme,\bribozyme(s)?\b|\bhammerhead\b|\bhairpin\s+ribozyme\b|\bhdv\b|\bgroup\s+i+\b...,medium
train,1YLG_A,31,NMR structure of the apoB mRNA stem-loop and its interaction with the C to U editing APOBEC1 complementary factor,NMR structure of the apoB mRNA stem-loop and its interaction with the C to U edi...,nmr_solution_motif,\b(nmr|solution)\b,medium
train,1YNE_A,31,NMR structure of the apoB mRNA stem-loop and its interaction with the C to U editing APOBEC1 complementary factor,NMR structure of the apoB mRNA stem-loop and its interaction with the C to U edi...,nmr_solution_motif,\b(nmr|solution)\b,medium
train,1XWU_A,16,Solution structure of ACAUAGA loop,Solution structure of ACAUAGA loop,nmr_solution_motif,\b(nmr|solution)\b,medium
train,1XWP_A,15,Solution structure of AUCGCA loop,Solution structure of AUCGCA loop,nmr_solution_motif,\b(nmr|solution)\b,medium
train,1TBK_A,17,NMR structure of the VS ribozyme stem-loop V RNA in the absence of multivalent ions.,NMR structure of the VS ribozyme stem-loop V RNA in the absence of multivalent i...,ribozyme,\bribozyme(s)?\b|\bhammerhead\b|\bhairpin\s+ribozyme\b|\bhdv\b|\bgroup\s+i+\b...,medium
train,1YMO_A,47,Solution structure of the P2b-P3 pseudoknot from human telomerase RNA,Solution structure of the P2b-P3 pseudoknot from human telomerase RNA,pseudoknot,\bpseudoknot(s)?\b,medium
train,1Z31_A,32,The structure of an enzyme-activating fragment of human telomerase RNA,The structure of an enzyme-activating fragment of human telomerase RNA,other,,low
train,1U63_D,49,THE STRUCTURE OF A RIBOSOMAL PROTEIN L1-mRNA COMPLEX,THE STRUCTURE OF A RIBOSOMAL PROTEIN L1-mRNA COMPLEX,ribosome_subunit,\bribosom(e|al|os)\b|\b(small|large)\s+subunit\b|\b(30|40|50|60|70|80)s\b|\b(...,high
train,1ZC8_Z,91,"Coordinates of tmRNA, SmpB, EF-Tu and h44 fitted into Cryo-EM map of the 70S ribosome and tmRNA complex","Coordinates of tmRNA, SmpB, EF-Tu and h44 fitted into Cryo-EM map of the 70S rib...",ribosome_subunit,\bribosom(e|al|os)\b|\b(small|large)\s+subunit\b|\b(30|40|50|60|70|80)s\b|\b(...,high
train,1ZC8_G,30,"Coordinates of tmRNA, SmpB, EF-Tu and h44 fitted into Cryo-EM map of the 70S ribosome and tmRNA complex","Coordinates of tmRNA, SmpB, EF-Tu and h44 fitted into Cryo-EM map of the 70S rib...",ribosome_subunit,\bribosom(e|al|os)\b|\b(small|large)\s+subunit\b|\b(30|40|50|60|70|80)s\b|\b(...,high
train,1ZC8_J,52,"Coordinates of tmRNA, SmpB, EF-Tu and h44 fitted into Cryo-EM map of the 70S ribosome and tmRNA complex","Coordinates of tmRNA, SmpB, EF-Tu and h44 fitted into Cryo-EM map of the 70S rib...",ribosome_subunit,\bribosom(e|al|os)\b|\b(small|large)\s+subunit\b|\b(30|40|50|60|70|80)s\b|\b(...,high
train,1ZC8_F,29,"Coordinates of tmRNA, SmpB, EF-Tu and h44 fitted into Cryo-EM map of the 70S ribosome and tmRNA complex","Coordinates of tmRNA, SmpB, EF-Tu and h44 fitted into Cryo-EM map of the 70S rib...",ribosome_subunit,\bribosom(e|al|os)\b|\b(small|large)\s+subunit\b|\b(30|40|50|60|70|80)s\b|\b(...,high
train,1ZC8_I,49,"Coordinates of tmRNA, SmpB, EF-Tu and h44 fitted into Cryo-EM map of the 70S ribosome and tmRNA complex","Coordinates of tmRNA, SmpB, EF-Tu and h44 fitted into Cryo-EM map of the 70S rib...",ribosome_subunit,\bribosom(e|al|os)\b|\b(small|large)\s+subunit\b|\b(30|40|50|60|70|80)s\b|\b(...,high
train,1ZC8_H,59,"Coordinates of tmRNA, SmpB, EF-Tu and h44 fitted into Cryo-EM map of the 70S ribosome and tmRNA complex","Coordinates of tmRNA, SmpB, EF-Tu and h44 fitted into Cryo-EM map of the 70S rib...",ribosome_subunit,\bribosom(e|al|os)\b|\b(small|large)\s+subunit\b|\b(30|40|50|60|70|80)s\b|\b(...,high
train,1Z30_A,18,NMR structure of the apical part of stemloop D from cloverleaf 1 of bovine enterovirus 1 RNA,NMR structure of the apical part of stemloop D from cloverleaf 1 of bovine enter...,nmr_solution_motif,\b(nmr|solution)\b,high
train,1X18_D,24,Contact sites of ERA GTPase on the THERMUS THERMOPHILUS 30S SUBUNIT,Contact sites of ERA GTPase on the THERMUS THERMOPHILUS 30S SUBUNIT,ribosome_subunit,\bribosom(e|al|os)\b|\b(small|large)\s+subunit\b|\b(30|40|50|60|70|80)s\b|\b(...,high
train,1X18_A,11,Contact sites of ERA GTPase on the THERMUS THERMOPHILUS 30S SUBUNIT,Contact sites of ERA GTPase on the THERMUS THERMOPHILUS 30S SUBUNIT,ribosome_subunit,\bribosom(e|al|os)\b|\b(small|large)\s+subunit\b|\b(30|40|50|60|70|80)s\b|\b(...,high
train,1X18_B,31,Contact sites of ERA GTPase on the THERMUS THERMOPHILUS 30S SUBUNIT,Contact sites of ERA GTPase on the THERMUS THERMOPHILUS 30S SUBUNIT,ribosome_subunit,\bribosom(e|al|os)\b|\b(small|large)\s+subunit\b|\b(30|40|50|60|70|80)s\b|\b(...,high
train,1ZC5_A,41,Structure of the RNA signal essential for translational frameshifting in HIV-1,Structure of the RNA signal essential for translational frameshifting in HIV-1,viral_rna,\bhiv\b|\bhcv\b|\bsars\b|\bires\b|\bframeshift\w*\b|\btar\s+rna\b|\bviral\s+r...,high
train,1ZN1_B,59,Coordinates of RRF fitted into Cryo-EM map of the 70S post-termination complex,Coordinates of RRF fitted into Cryo-EM map of the 70S post-termination complex,ribosome_subunit,\bribosom(e|al|os)\b|\b(small|large)\s+subunit\b|\b(30|40|50|60|70|80)s\b|\b(...,high
train,1Z2J_A,45,Solution structure of the HIV-1 frameshift inducing element,Solution structure of the HIV-1 frameshift inducing element,viral_rna,\bhiv\b|\bhcv\b|\bsars\b|\bires\b|\bframeshift\w*\b|\btar\s+rna\b|\bviral\s+r...,medium
train,1YSH_B,101,Localization and dynamic behavior of ribosomal protein L30e,Localization and dynamic behavior of ribosomal protein L30e,ribosome_subunit,\bribosom(e|al|os)\b|\b(small|large)\s+subunit\b|\b(30|40|50|60|70|80)s\b|\b(...,high
train,1YSH_A,28,Localization and dynamic behavior of ribosomal protein L30e,Localization and dynamic behavior of ribosomal protein L30e,ribosome_subunit,\bribosom(e|al|os)\b|\b(small|large)\s+subunit\b|\b(30|40|50|60|70|80)s\b|\b(...,high
train,1YSH_F,34,Localization and dynamic behavior of ribosomal protein L30e,Localization and dynamic behavior of ribosomal protein L30e,ribosome_subunit,\bribosom(e|al|os)\b|\b(small|large)\s+subunit\b|\b(30|40|50|60|70|80)s\b|\b(...,high
train,1YSV_A,27,Solution structure of the central region of the human GluR-B R/G pre-mRNA,Solution structure of the central region of the human GluR-B R/G pre-mRNA,nmr_solution_motif,\b(nmr|solution)\b,high
train,2ADT_A,43,NMR structure of a 30 kDa GAAA tetraloop-receptor complex.,NMR structure of a 30 kDa GAAA tetraloop-receptor complex.,nmr_solution_motif,\b(nmr|solution)\b,medium
train,1WZ2_D,88,The crystal structure of Leucyl-tRNA synthetase and tRNA(leucine) complex,The crystal structure of Leucyl-tRNA synthetase and tRNA(leucine) complex,tRNA,\btrna\b|\btransfer\s+rna\b,high
train,2A64_A,417,Crystal Structure of Bacterial Ribonuclease P RNA,Crystal Structure of Bacterial Ribonuclease P RNA,ribozyme,v2_rnasep,low
train,2D19_A,17,Solution RNA structure of loop region of the HIV-1 dimerization initiation site in the kissing-loop dimer,Solution RNA structure of loop region of the HIV-1 dimerization initiation site ...,viral_rna,\bhiv\b|\bhcv\b|\bsars\b|\bires\b|\bframeshift\w*\b|\btar\s+rna\b|\bviral\s+r...,medium
train,2D1B_B,39,Solution RNA structure model of the HIV-1 dimerization initiation site in the kissing-loop dimer,Solution RNA structure model of the HIV-1 dimerization initiation site in the ki...,viral_rna,\bhiv\b|\bhcv\b|\bsars\b|\bires\b|\bframeshift\w*\b|\btar\s+rna\b|\bviral\s+r...,medium
train,2EUY_A,34,Solution structure of the internal loop of human U65 H/ACA snoRNA 3' hairpin,Solution structure of the internal loop of human U65 H/ACA snoRNA 3' hairpin,nmr_solution_motif,\b(nmr|solution)\b,medium
train,2B6G_B,19,RNA recognition by the Vts1 SAM domain,RNA recognition by the Vts1 SAM domain,other,,low
train,2ESE_B,23,Structure of the SAM domain of Vts1p in complex with RNA,Structure of the SAM domain of Vts1p in complex with RNA,complex_with_protein,\bcomplex\b.*\b(protein|with)\b|\b(bound\s+to|in\s+complex\s+with)\b.*\bprote...,high
train,2F4X_B,24,NMR Solution of HIV-1 Lai Kissing Complex,NMR Solution of HIV-1 Lai Kissing Complex,viral_rna,\bhiv\b|\bhcv\b|\bsars\b|\bires\b|\bframeshift\w*\b|\btar\s+rna\b|\bviral\s+r...,medium
train,2F88_A,34,Solution NMR structure of domain 5 from the Pyaiella littoralis (PL) group II intron,Solution NMR structure of domain 5 from the Pyaiella littoralis (PL) group II in...,ribozyme,\bribozyme(s)?\b|\bhammerhead\b|\bhairpin\s+ribozyme\b|\bhdv\b|\bgroup\s+i+\b...,medium
train,2BQ5_S,19,MS2 (N87AE89K mutant) - RNA hairpin complex,MS2 (N87AE89K mutant) - RNA hairpin complex,loop_motif,\b(loop|hairpin|kink[-\s]?turn|sarcin[-\s]?ricin|tetraloop)\b,high
train,2BS0_R,20,MS2 (N87AE89K mutant) - Variant Qbeta RNA hairpin complex,MS2 (N87AE89K mutant) - Variant Qbeta RNA hairpin complex,loop_motif,\b(loop|hairpin|kink[-\s]?turn|sarcin[-\s]?ricin|tetraloop)\b,high
train,2BQ5_R,19,MS2 (N87AE89K mutant) - RNA hairpin complex,MS2 (N87AE89K mutant) - RNA hairpin complex,loop_motif,\b(loop|hairpin|kink[-\s]?turn|sarcin[-\s]?ricin|tetraloop)\b,high
train,2BS0_S,20,MS2 (N87AE89K mutant) - Variant Qbeta RNA hairpin complex,MS2 (N87AE89K mutant) - Variant Qbeta RNA hairpin complex,loop_motif,\b(loop|hairpin|kink[-\s]?turn|sarcin[-\s]?ricin|tetraloop)\b,high
train,2G1W_A,22,NMR structure of the Aquifex aeolicus tmRNA pseudoknot PK1,NMR structure of the Aquifex aeolicus tmRNA pseudoknot PK1,pseudoknot,\bpseudoknot(s)?\b,medium
train,2B2E_R,19,"RNA stemloop from bacteriophage MS2 complexed with an N87S,E89K mutant MS2 capsid","RNA stemloop from bacteriophage MS2 complexed with an N87S,E89K mutant MS2 capsi...",viral_rna,v2_phage,low
train,2B2E_S,19,"RNA stemloop from bacteriophage MS2 complexed with an N87S,E89K mutant MS2 capsid","RNA stemloop from bacteriophage MS2 complexed with an N87S,E89K mutant MS2 capsi...",viral_rna,v2_phage,low
train,2GO5_9,90,Structure of signal recognition particle receptor (SR) in complex with signal recognition particle (SRP) and ribosome nascent chain complex,Structure of signal recognition particle receptor (SR) in complex with signal re...,ribosome_subunit,\bribosom(e|al|os)\b|\b(small|large)\s+subunit\b|\b(30|40|50|60|70|80)s\b|\b(...,medium
train,2GO5_A,127,Structure of signal recognition particle receptor (SR) in complex with signal recognition particle (SRP) and ribosome nascent chain complex,Structure of signal recognition particle receptor (SR) in complex with signal re...,ribosome_subunit,\bribosom(e|al|os)\b|\b(small|large)\s+subunit\b|\b(30|40|50|60|70|80)s\b|\b(...,medium
train,2GIP_A,28,Solution structure of a portion of the 5'UTR of HspA mRNA from Bradyrhizobium janponicum having deleted G83,Solution structure of a portion of the 5'UTR of HspA mRNA from Bradyrhizobium ja...,nmr_solution_motif,\b(nmr|solution)\b,high
train,2GIO_A,29,Solution Structure of a portion of the 5'UTR of HspA mRNA of Bradyrhizobium japonicum,Solution Structure of a portion of the 5'UTR of HspA mRNA of Bradyrhizobium japo...,nmr_solution_motif,\b(nmr|solution)\b,high
train,2FEY_A,43,The structure of stem loop IV of Tetrahymena telomerase RNA,The structure of stem loop IV of Tetrahymena telomerase RNA,loop_motif,\b(loop|hairpin|kink[-\s]?turn|sarcin[-\s]?ricin|tetraloop)\b,high
train,2AKE_B,72,Structure of human tryptophanyl-tRNA synthetase in complex with tRNA(Trp),Structure of human tryptophanyl-tRNA synthetase in complex with tRNA(Trp),tRNA,\btrna\b|\btransfer\s+rna\b,medium
train,2DR2_B,75,Structure of human tryptophanyl-tRNA synthetase in complex with tRNA(Trp),Structure of human tryptophanyl-tRNA synthetase in complex with tRNA(Trp),tRNA,\btrna\b|\btransfer\s+rna\b,medium
train,2AGN_C,77,Fitting of hepatitis C virus internal ribosome entry site domains into the 15 A Cryo-EM map of a HCV IRES-80S ribosome (H. sapiens) complex,Fitting of hepatitis C virus internal ribosome entry site domains into the 15 A ...,ribosome_subunit,\bribosom(e|al|os)\b|\b(small|large)\s+subunit\b|\b(30|40|50|60|70|80)s\b|\b(...,medium
train,2AGN_A,29,Fitting of hepatitis C virus internal ribosome entry site domains into the 15 A Cryo-EM map of a HCV IRES-80S ribosome (H. sapiens) complex,Fitting of hepatitis C virus internal ribosome entry site domains into the 15 A ...,ribosome_subunit,\bribosom(e|al|os)\b|\b(small|large)\s+subunit\b|\b(30|40|50|60|70|80)s\b|\b(...,medium
train,2IZN_S,19,MS2-RNA HAIRPIN (G-10) COMPLEX,MS2-RNA HAIRPIN (G-10) COMPLEX,loop_motif,\b(loop|hairpin|kink[-\s]?turn|sarcin[-\s]?ricin|tetraloop)\b,high
train,2IZ8_R,19,MS2-RNA HAIRPIN (C-7) COMPLEX,MS2-RNA HAIRPIN (C-7) COMPLEX,loop_motif,\b(loop|hairpin|kink[-\s]?turn|sarcin[-\s]?ricin|tetraloop)\b,high
train,2IZ8_S,19,MS2-RNA HAIRPIN (C-7) COMPLEX,MS2-RNA HAIRPIN (C-7) COMPLEX,loop_motif,\b(loop|hairpin|kink[-\s]?turn|sarcin[-\s]?ricin|tetraloop)\b,high
train,2HGH_B,55,Transcription Factor IIIA zinc fingers 4-6 bound to 5S rRNA 55mer (NMR structure),Transcription Factor IIIA zinc fingers 4-6 bound to 5S rRNA 55mer (NMR structure...,ribosome_subunit,\bribosom(e|al|os)\b|\b(small|large)\s+subunit\b|\b(30|40|50|60|70|80)s\b|\b(...,medium
train,2F87_A,12,Solution structure of a GAAG tetraloop in SRP RNA from Pyrococcus furiosus,Solution structure of a GAAG tetraloop in SRP RNA from Pyrococcus furiosus,nmr_solution_motif,\b(nmr|solution)\b,medium
train,2GV3_A,22,Translocation of a tRNA with an extended anticodon through the ribosome,Translocation of a tRNA with an extended anticodon through the ribosome,ribosome_subunit,\bribosom(e|al|os)\b|\b(small|large)\s+subunit\b|\b(30|40|50|60|70|80)s\b|\b(...,medium
train,2DER_D,76,Cocrystal structure of an RNA sulfuration enzyme MnmA and tRNA-Glu in the initial tRNA binding state,Cocrystal structure of an RNA sulfuration enzyme MnmA and tRNA-Glu in the initia...,tRNA,\btrna\b|\btransfer\s+rna\b,high
train,2DET_C,76,Cocrystal structure of an RNA sulfuration enzyme MnmA and tRNA-Glu in the pre-reaction state,Cocrystal structure of an RNA sulfuration enzyme MnmA and tRNA-Glu in the pre-re...,tRNA,\btrna\b|\btransfer\s+rna\b,high
train,2EVY_A,14,GNYA tetranucleotide loops found in poliovirus oriL by in vivo SELEX (un)expectedly form a YNMG-like structure,GNYA tetranucleotide loops found in poliovirus oriL by in vivo SELEX (un)expecte...,other,,low
train,2IXY_A,27,Solution structure of the apical stem-loop of the human hepatitis B virus encapsidation signal,Solution structure of the apical stem-loop of the human hepatitis B virus encaps...,nmr_solution_motif,\b(nmr|solution)\b,medium
train,2IXZ_A,8,Solution structure of the apical stem-loop of the human hepatitis B virus encapsidation signal,Solution structure of the apical stem-loop of the human hepatitis B virus encaps...,nmr_solution_motif,\b(nmr|solution)\b,medium
train,2HEM_A,24,NMR structure and Mg2+ binding of an RNA segment that underlies the L7/L12 stalk in the E.coli 50S ribosomal subunit.,NMR structure and Mg2+ binding of an RNA segment that underlies the L7/L12 stalk...,ribosome_subunit,\bribosom(e|al|os)\b|\b(small|large)\s+subunit\b|\b(30|40|50|60|70|80)s\b|\b(...,medium
train,1ZBH_E,20,3'-end specific recognition of histone mRNA stem-loop by 3'-exonuclease,3'-end specific recognition of histone mRNA stem-loop by 3'-exonuclease,loop_motif,\b(loop|hairpin|kink[-\s]?turn|sarcin[-\s]?ricin|tetraloop)\b,high
train,2AHT_A,27,Solution structure of domain 6 from the ai5(gamma)group II intron,Solution structure of domain 6 from the ai5(gamma)group II intron,ribozyme,\bribozyme(s)?\b|\bhammerhead\b|\bhairpin\s+ribozyme\b|\bhdv\b|\bgroup\s+i+\b...,medium
train,2HNS_A,22,Structure of the AAGU tetraloop,Structure of the AAGU tetraloop,loop_motif,\b(loop|hairpin|kink[-\s]?turn|sarcin[-\s]?ricin|tetraloop)\b,high
train,2IY3_B,110,Structure of the E. Coli Signal Regognition Particle,Structure of the E. Coli Signal Regognition Particle,other,,low
train,2J28_8,74,MODEL OF E. COLI SRP BOUND TO 70S RNCS,MODEL OF E. COLI SRP BOUND TO 70S RNCS,ribosome_subunit,\bribosom(e|al|os)\b|\b(small|large)\s+subunit\b|\b(30|40|50|60|70|80)s\b|\b(...,high
train,2J37_A,128,MODEL OF MAMMALIAN SRP BOUND TO 80S RNCS,MODEL OF MAMMALIAN SRP BOUND TO 80S RNCS,ribosome_subunit,\bribosom(e|al|os)\b|\b(small|large)\s+subunit\b|\b(30|40|50|60|70|80)s\b|\b(...,high
train,2J28_A,117,MODEL OF E. COLI SRP BOUND TO 70S RNCS,MODEL OF E. COLI SRP BOUND TO 70S RNCS,ribosome_subunit,\bribosom(e|al|os)\b|\b(small|large)\s+subunit\b|\b(30|40|50|60|70|80)s\b|\b(...,high
train,2NOQ_B,46,Structure of ribosome-bound cricket paralysis virus IRES RNA,Structure of ribosome-bound cricket paralysis virus IRES RNA,ribosome_subunit,\bribosom(e|al|os)\b|\b(small|large)\s+subunit\b|\b(30|40|50|60|70|80)s\b|\b(...,medium
train,2NOQ_E,53,Structure of ribosome-bound cricket paralysis virus IRES RNA,Structure of ribosome-bound cricket paralysis virus IRES RNA,ribosome_subunit,\bribosom(e|al|os)\b|\b(small|large)\s+subunit\b|\b(30|40|50|60|70|80)s\b|\b(...,medium
train,2NOQ_A,190,Structure of ribosome-bound cricket paralysis virus IRES RNA,Structure of ribosome-bound cricket paralysis virus IRES RNA,ribosome_subunit,\bribosom(e|al|os)\b|\b(small|large)\s+subunit\b|\b(30|40|50|60|70|80)s\b|\b(...,medium
train,2FDT_A,36,Solution structure of a conserved RNA hairpin of eel LINE UnaL2,Solution structure of a conserved RNA hairpin of eel LINE UnaL2,nmr_solution_motif,\b(nmr|solution)\b,medium
train,2IHX_B,75,Solution Structure of the Rous Sarcoma Virus Nucleocapsid Protein:uPsi RNA Packaging Signal Complex,Solution Structure of the Rous Sarcoma Virus Nucleocapsid Protein:uPsi RNA Packa...,viral_rna,v2_phage,low
train,2OB7_D,86,Structure of tmRNA-(SmpB)2 complex as inferred from cryo-EM,Structure of tmRNA-(SmpB)2 complex as inferred from cryo-EM,other,,low
train,2FY1_B,21,A dual mode of RNA recognition by the RBMY protein,A dual mode of RNA recognition by the RBMY protein,other,,low
train,2O33_A,20,Solution structure of U2 snRNA stem I from S. cerevisiae,Solution structure of U2 snRNA stem I from S. cerevisiae,nmr_solution_motif,\b(nmr|solution)\b,high
train,2IL9_M,142,Crystal Structure of Plautia Stali Intestine Virus Intergenic Region Internal Ribosome Entry Site Ribosomal Binding Domain RNA at 3.1 Angstroms,Crystal Structure of Plautia Stali Intestine Virus Intergenic Region Internal Ri...,ribosome_subunit,\bribosom(e|al|os)\b|\b(small|large)\s+subunit\b|\b(30|40|50|60|70|80)s\b|\b(...,high
train,2IL9_A,142,Crystal Structure of Plautia Stali Intestine Virus Intergenic Region Internal Ribosome Entry Site Ribosomal Binding Domain RNA at 3.1 Angstroms,Crystal Structure of Plautia Stali Intestine Virus Intergenic Region Internal Ri...,ribosome_subunit,\bribosom(e|al|os)\b|\b(small|large)\s+subunit\b|\b(30|40|50|60|70|80)s\b|\b(...,high
train,2GRW_A,22,Solution structure of the poliovirus 3'-UTR Y-stem,Solution structure of the poliovirus 3'-UTR Y-stem,nmr_solution_motif,\b(nmr|solution)\b,high
train,2DU5_D,71,"Crystal structure of Archaeoglobus fulgidus O-phosphoseryl-tRNA synthetase E418N/E420N mutant complexed with tRNAOpal and O-phosphoserine (""opal complex"")",Crystal structure of Archaeoglobus fulgidus O-phosphoseryl-tRNA synthetase E418N...,tRNA,\btrna\b|\btransfer\s+rna\b,high
train,2DU4_C,71,Crystal structure of Archaeoglobus fulgidus O-phosphoseryl-tRNA synthetase complexed with tRNACys,Crystal structure of Archaeoglobus fulgidus O-phosphoseryl-tRNA synthetase compl...,tRNA,\btrna\b|\btransfer\s+rna\b,high
train,2DU6_D,71,"Crystal structure of Archaeoglobus fulgidus O-phosphoseryl-tRNA synthetase E418N/E420N mutant complexed with tRNAAmber and O-phosphoserine (""amber complex"")",Crystal structure of Archaeoglobus fulgidus O-phosphoseryl-tRNA synthetase E418N...,tRNA,\btrna\b|\btransfer\s+rna\b,high
train,2GV4_A,22,Solution structure of the poliovirus 3'-UTR Y-stem,Solution structure of the poliovirus 3'-UTR Y-stem,nmr_solution_motif,\b(nmr|solution)\b,high
train,2HUA_A,40,Solution Structure of CSFV IRES Domain IIa,Solution Structure of CSFV IRES Domain IIa,viral_rna,\bhiv\b|\bhcv\b|\bsars\b|\bires\b|\bframeshift\w*\b|\btar\s+rna\b|\bviral\s+r...,medium
train,2GVO_A,18,Solution structure of a purine rich hexaloop hairpin belonging to PGY/MDR1 mRNA and targeted by antisense oligonucleotides,Solution structure of a purine rich hexaloop hairpin belonging to PGY/MDR1 mRNA ...,nmr_solution_motif,\b(nmr|solution)\b,medium
train,2PCW_A,35,Solution Structure of an rRNA Substrate Bound to the Pseudouridylation Pocket of a Box H/ACA snoRNA,Solution Structure of an rRNA Substrate Bound to the Pseudouridylation Pocket of...,ribosome_subunit,\bribosom(e|al|os)\b|\b(small|large)\s+subunit\b|\b(30|40|50|60|70|80)s\b|\b(...,medium
train,2NR0_H,87,Crystal structure of pseudoudirinde synthase TruA in complex with leucyl tRNA,Crystal structure of pseudoudirinde synthase TruA in complex with leucyl tRNA,tRNA,\btrna\b|\btransfer\s+rna\b,medium
train,2NR0_G,87,Crystal structure of pseudoudirinde synthase TruA in complex with leucyl tRNA,Crystal structure of pseudoudirinde synthase TruA in complex with leucyl tRNA,tRNA,\btrna\b|\btransfer\s+rna\b,medium
train,2NR0_F,87,Crystal structure of pseudoudirinde synthase TruA in complex with leucyl tRNA,Crystal structure of pseudoudirinde synthase TruA in complex with leucyl tRNA,tRNA,\btrna\b|\btransfer\s+rna\b,medium
train,2NR0_E,87,Crystal structure of pseudoudirinde synthase TruA in complex with leucyl tRNA,Crystal structure of pseudoudirinde synthase TruA in complex with leucyl tRNA,tRNA,\btrna\b|\btransfer\s+rna\b,medium
train,2OJ8_A,8,NMR structure of the UGUU tetraloop of Duck Epsilon apical stem loop of the Hepatitis B virus,NMR structure of the UGUU tetraloop of Duck Epsilon apical stem loop of the Hepa...,nmr_solution_motif,\b(nmr|solution)\b,medium
train,2IZM_S,19,MS2-RNA HAIRPIN (C-10) COMPLEX,MS2-RNA HAIRPIN (C-10) COMPLEX,loop_motif,\b(loop|hairpin|kink[-\s]?turn|sarcin[-\s]?ricin|tetraloop)\b,high
train,2JR4_A,17,NMR Solution Structure of the Anticodon of E.coli TRNA-VAL3 With no Modifications,NMR Solution Structure of the Anticodon of E.coli TRNA-VAL3 With no Modification...,tRNA,\btrna\b|\btransfer\s+rna\b,medium
train,2JPP_C,20,Structural basis of RsmA/CsrA RNA recognition: Structure of RsmE bound to the Shine-Dalgarno sequence of hcnA mRNA,Structural basis of RsmA/CsrA RNA recognition: Structure of RsmE bound to the Sh...,other,,low
train,2QH3_A,23,Solution structure of the U64 H/ACA snoRNA 3' terminal hairpin loop,Solution structure of the U64 H/ACA snoRNA 3' terminal hairpin loop,nmr_solution_motif,\b(nmr|solution)\b,medium
train,2QH4_A,18,Solution structure of the U85 C/D-H/ACA scaRNA 5' terminal hairpin loop,Solution structure of the U85 C/D-H/ACA scaRNA 5' terminal hairpin loop,nmr_solution_motif,\b(nmr|solution)\b,medium
train,2QH2_A,24,Solution structure of the CR7 terminal hairpin loop from human telomerase RNA,Solution structure of the CR7 terminal hairpin loop from human telomerase RNA,nmr_solution_motif,\b(nmr|solution)\b,medium
train,2JTP_A,34,Solution Structure of the Frameshift-Inducing RNA Stem-Loop in SIV,Solution Structure of the Frameshift-Inducing RNA Stem-Loop in SIV,viral_rna,\bhiv\b|\bhcv\b|\bsars\b|\bires\b|\bframeshift\w*\b|\btar\s+rna\b|\bviral\s+r...,medium
train,2OM3_R,3,High-resolution cryo-EM structure of Tobacco Mosaic Virus,High-resolution cryo-EM structure of Tobacco Mosaic Virus,other,,low
train,2PN9_A,16,NMR structure of a kissing complex formed between the TAR RNA element of HIV-1 and a LNA modified aptamer,NMR structure of a kissing complex formed between the TAR RNA element of HIV-1 a...,riboswitch,\briboswitch(es)?\b|\baptamer\b|\b(sam|tpp|fmn|cobalamin|glycine|lysine|preq[...,medium
train,2JSE_A,22,NMR reveals absence of hydrogen bonding in adjacent UU and AG mismatches in an isolated internal loop from ribosomal RNA.,NMR reveals absence of hydrogen bonding in adjacent UU and AG mismatches in an i...,ribosome_subunit,\bribosom(e|al|os)\b|\b(small|large)\s+subunit\b|\b(30|40|50|60|70|80)s\b|\b(...,medium
train,2R93_R,18,Elongation complex of RNA polymerase II with a hepatitis delta virus-derived RNA stem loop,Elongation complex of RNA polymerase II with a hepatitis delta virus-derived RNA...,loop_motif,\b(loop|hairpin|kink[-\s]?turn|sarcin[-\s]?ricin|tetraloop)\b,medium
train,2JWV_A,29,Structure of a high affinity anti-NFkB RNA aptamer,Structure of a high affinity anti-NFkB RNA aptamer,riboswitch,\briboswitch(es)?\b|\baptamer\b|\b(sam|tpp|fmn|cobalamin|glycine|lysine|preq[...,high
train,2OM7_F,29,Structural Basis for Interaction of the Ribosome with the Switch Regions of GTP-bound Elongation Factors,Structural Basis for Interaction of the Ribosome with the Switch Regions of GTP-...,ribosome_subunit,\bribosom(e|al|os)\b|\b(small|large)\s+subunit\b|\b(30|40|50|60|70|80)s\b|\b(...,high
train,2OM7_J,102,Structural Basis for Interaction of the Ribosome with the Switch Regions of GTP-bound Elongation Factors,Structural Basis for Interaction of the Ribosome with the Switch Regions of GTP-...,ribosome_subunit,\bribosom(e|al|os)\b|\b(small|large)\s+subunit\b|\b(30|40|50|60|70|80)s\b|\b(...,high
train,2OM7_C,96,Structural Basis for Interaction of the Ribosome with the Switch Regions of GTP-bound Elongation Factors,Structural Basis for Interaction of the Ribosome with the Switch Regions of GTP-...,ribosome_subunit,\bribosom(e|al|os)\b|\b(small|large)\s+subunit\b|\b(30|40|50|60|70|80)s\b|\b(...,high
train,2OM7_I,58,Structural Basis for Interaction of the Ribosome with the Switch Regions of GTP-bound Elongation Factors,Structural Basis for Interaction of the Ribosome with the Switch Regions of GTP-...,ribosome_subunit,\bribosom(e|al|os)\b|\b(small|large)\s+subunit\b|\b(30|40|50|60|70|80)s\b|\b(...,high
train,2OM7_G,54,Structural Basis for Interaction of the Ribosome with the Switch Regions of GTP-bound Elongation Factors,Structural Basis for Interaction of the Ribosome with the Switch Regions of GTP-...,ribosome_subunit,\bribosom(e|al|os)\b|\b(small|large)\s+subunit\b|\b(30|40|50|60|70|80)s\b|\b(...,high
train,2OM7_A,12,Structural Basis for Interaction of the Ribosome with the Switch Regions of GTP-bound Elongation Factors,Structural Basis for Interaction of the Ribosome with the Switch Regions of GTP-...,ribosome_subunit,\bribosom(e|al|os)\b|\b(small|large)\s+subunit\b|\b(30|40|50|60|70|80)s\b|\b(...,high
train,2OM7_H,42,Structural Basis for Interaction of the Ribosome with the Switch Regions of GTP-bound Elongation Factors,Structural Basis for Interaction of the Ribosome with the Switch Regions of GTP-...,ribosome_subunit,\bribosom(e|al|os)\b|\b(small|large)\s+subunit\b|\b(30|40|50|60|70|80)s\b|\b(...,high
train,2RLU_A,19,The Three Dimensional Structure of the Moorella thermoacetica Selenocysteine Insertion Sequence RNA Hairpin and its Interaction with the Elongation factor SelB,The Three Dimensional Structure of the Moorella thermoacetica Selenocysteine Ins...,loop_motif,\b(loop|hairpin|kink[-\s]?turn|sarcin[-\s]?ricin|tetraloop)\b,high
train,2R1G_C,29,Coordinates of the thermus thermophilus 30S components neighboring RbfA as obtained by fitting into the CRYO-EM map of A 30S-RBFA complex,Coordinates of the thermus thermophilus 30S components neighboring RbfA as obtai...,ribosome_subunit,\bribosom(e|al|os)\b|\b(small|large)\s+subunit\b|\b(30|40|50|60|70|80)s\b|\b(...,high
train,2R1G_A,24,Coordinates of the thermus thermophilus 30S components neighboring RbfA as obtained by fitting into the CRYO-EM map of A 30S-RBFA complex,Coordinates of the thermus thermophilus 30S components neighboring RbfA as obtai...,ribosome_subunit,\bribosom(e|al|os)\b|\b(small|large)\s+subunit\b|\b(30|40|50|60|70|80)s\b|\b(...,high
train,2R1G_X,11,Coordinates of the thermus thermophilus 30S components neighboring RbfA as obtained by fitting into the CRYO-EM map of A 30S-RBFA complex,Coordinates of the thermus thermophilus 30S components neighboring RbfA as obtai...,ribosome_subunit,\bribosom(e|al|os)\b|\b(small|large)\s+subunit\b|\b(30|40|50|60|70|80)s\b|\b(...,high
train,2R1G_F,29,Coordinates of the thermus thermophilus 30S components neighboring RbfA as obtained by fitting into the CRYO-EM map of A 30S-RBFA complex,Coordinates of the thermus thermophilus 30S components neighboring RbfA as obtai...,ribosome_subunit,\bribosom(e|al|os)\b|\b(small|large)\s+subunit\b|\b(30|40|50|60|70|80)s\b|\b(...,high
train,2R1G_B,48,Coordinates of the thermus thermophilus 30S components neighboring RbfA as obtained by fitting into the CRYO-EM map of A 30S-RBFA complex,Coordinates of the thermus thermophilus 30S components neighboring RbfA as obtai...,ribosome_subunit,\bribosom(e|al|os)\b|\b(small|large)\s+subunit\b|\b(30|40|50|60|70|80)s\b|\b(...,high
train,2R1G_E,11,Coordinates of the thermus thermophilus 30S components neighboring RbfA as obtained by fitting into the CRYO-EM map of A 30S-RBFA complex,Coordinates of the thermus thermophilus 30S components neighboring RbfA as obtai...,ribosome_subunit,\bribosom(e|al|os)\b|\b(small|large)\s+subunit\b|\b(30|40|50|60|70|80)s\b|\b(...,high
train,2JYM_A,22,Solution structure of stem-loop alpha of the hepatitis B virus post-transcriptional regulatory element,Solution structure of stem-loop alpha of the hepatitis B virus post-transcriptio...,nmr_solution_motif,\b(nmr|solution)\b,medium
train,2JXV_A,33,Solution structure of a let-7 miRNA:lin-41 mRNA complex from C. elegans,Solution structure of a let-7 miRNA:lin-41 mRNA complex from C. elegans,nmr_solution_motif,\b(nmr|solution)\b,high
train,2ZJQ_Y,122,Interaction of L7 with L11 induced by Microccocin binding to the Deinococcus radiodurans 50S subunit,Interaction of L7 with L11 induced by Microccocin binding to the Deinococcus rad...,ribosome_subunit,\bribosom(e|al|os)\b|\b(small|large)\s+subunit\b|\b(30|40|50|60|70|80)s\b|\b(...,high
train,2ZJQ_X,2686,Interaction of L7 with L11 induced by Microccocin binding to the Deinococcus radiodurans 50S subunit,Interaction of L7 with L11 induced by Microccocin binding to the Deinococcus rad...,ribosome_subunit,\bribosom(e|al|os)\b|\b(small|large)\s+subunit\b|\b(30|40|50|60|70|80)s\b|\b(...,high
train,3DEG_I,29,Complex of elongating Escherichia coli 70S ribosome and EF4(LepA)-GMPPNP,Complex of elongating Escherichia coli 70S ribosome and EF4(LepA)-GMPPNP,ribosome_subunit,\bribosom(e|al|os)\b|\b(small|large)\s+subunit\b|\b(30|40|50|60|70|80)s\b|\b(...,high
train,3DEG_G,70,Complex of elongating Escherichia coli 70S ribosome and EF4(LepA)-GMPPNP,Complex of elongating Escherichia coli 70S ribosome and EF4(LepA)-GMPPNP,ribosome_subunit,\bribosom(e|al|os)\b|\b(small|large)\s+subunit\b|\b(30|40|50|60|70|80)s\b|\b(...,high
train,3DKN_E,17,Sec61 in the Canine ribosome-channel complex from the endoplasmic reticulum,Sec61 in the Canine ribosome-channel complex from the endoplasmic reticulum,ribosome_subunit,\bribosom(e|al|os)\b|\b(small|large)\s+subunit\b|\b(30|40|50|60|70|80)s\b|\b(...,high
train,3DEG_J,18,Complex of elongating Escherichia coli 70S ribosome and EF4(LepA)-GMPPNP,Complex of elongating Escherichia coli 70S ribosome and EF4(LepA)-GMPPNP,ribosome_subunit,\bribosom(e|al|os)\b|\b(small|large)\s+subunit\b|\b(30|40|50|60|70|80)s\b|\b(...,high
train,3DKN_F,32,Sec61 in the Canine ribosome-channel complex from the endoplasmic reticulum,Sec61 in the Canine ribosome-channel complex from the endoplasmic reticulum,ribosome_subunit,\bribosom(e|al|os)\b|\b(small|large)\s+subunit\b|\b(30|40|50|60|70|80)s\b|\b(...,high
train,3DEG_E,16,Complex of elongating Escherichia coli 70S ribosome and EF4(LepA)-GMPPNP,Complex of elongating Escherichia coli 70S ribosome and EF4(LepA)-GMPPNP,ribosome_subunit,\bribosom(e|al|os)\b|\b(small|large)\s+subunit\b|\b(30|40|50|60|70|80)s\b|\b(...,high
train,3DKN_D,20,Sec61 in the Canine ribosome-channel complex from the endoplasmic reticulum,Sec61 in the Canine ribosome-channel complex from the endoplasmic reticulum,ribosome_subunit,\bribosom(e|al|os)\b|\b(small|large)\s+subunit\b|\b(30|40|50|60|70|80)s\b|\b(...,high
train,3DEG_K,15,Complex of elongating Escherichia coli 70S ribosome and EF4(LepA)-GMPPNP,Complex of elongating Escherichia coli 70S ribosome and EF4(LepA)-GMPPNP,ribosome_subunit,\bribosom(e|al|os)\b|\b(small|large)\s+subunit\b|\b(30|40|50|60|70|80)s\b|\b(...,high
train,2RN1_B,16,Liquid crystal solution structure of the kissing complex formed by the apical loop of the HIV TAR RNA and a high affinity RNA aptamer optimized by SELEX,Liquid crystal solution structure of the kissing complex formed by the apical lo...,riboswitch,\briboswitch(es)?\b|\baptamer\b|\b(sam|tpp|fmn|cobalamin|glycine|lysine|preq[...,medium
train,2K95_A,48,Solution structure of the wild-type P2B-P3 pseudoknot of human telomerase RNA,Solution structure of the wild-type P2B-P3 pseudoknot of human telomerase RNA,pseudoknot,\bpseudoknot(s)?\b,medium
train,2K4C_A,76,tRNAPhe-based homology model for tRNAVal refined against base N-H RDCs in two media and SAXS data,tRNAPhe-based homology model for tRNAVal refined against base N-H RDCs in two me...,other,,low
train,2W2H_S,22,Structural basis of transcription activation by the Cyclin T1-Tat-TAR RNA complex from EIAV,Structural basis of transcription activation by the Cyclin T1-Tat-TAR RNA comple...,viral_rna,\bhiv\b|\bhcv\b|\bsars\b|\bires\b|\bframeshift\w*\b|\btar\s+rna\b|\bviral\s+r...,high
train,3EQ3_E,17,Model of tRNA(Trp)-EF-Tu in the ribosomal pre-accommodated state revealed by cryo-EM,Model of tRNA(Trp)-EF-Tu in the ribosomal pre-accommodated state revealed by cry...,ribosome_subunit,\bribosom(e|al|os)\b|\b(small|large)\s+subunit\b|\b(30|40|50|60|70|80)s\b|\b(...,medium
train,3EQ3_Y,74,Model of tRNA(Trp)-EF-Tu in the ribosomal pre-accommodated state revealed by cryo-EM,Model of tRNA(Trp)-EF-Tu in the ribosomal pre-accommodated state revealed by cry...,ribosome_subunit,\bribosom(e|al|os)\b|\b(small|large)\s+subunit\b|\b(30|40|50|60|70|80)s\b|\b(...,medium
train,3EP2_B,48,Model of Phe-tRNA(Phe) in the ribosomal pre-accommodated state revealed by cryo-EM,Model of Phe-tRNA(Phe) in the ribosomal pre-accommodated state revealed by cryo-...,ribosome_subunit,\bribosom(e|al|os)\b|\b(small|large)\s+subunit\b|\b(30|40|50|60|70|80)s\b|\b(...,medium
train,3EP2_D,28,Model of Phe-tRNA(Phe) in the ribosomal pre-accommodated state revealed by cryo-EM,Model of Phe-tRNA(Phe) in the ribosomal pre-accommodated state revealed by cryo-...,ribosome_subunit,\bribosom(e|al|os)\b|\b(small|large)\s+subunit\b|\b(30|40|50|60|70|80)s\b|\b(...,medium
train,3EQ4_A,9,Model of tRNA(Leu)-EF-Tu in the ribosomal pre-accommodated state revealed by cryo-EM,Model of tRNA(Leu)-EF-Tu in the ribosomal pre-accommodated state revealed by cry...,ribosome_subunit,\bribosom(e|al|os)\b|\b(small|large)\s+subunit\b|\b(30|40|50|60|70|80)s\b|\b(...,medium
train,3EP2_C,11,Model of Phe-tRNA(Phe) in the ribosomal pre-accommodated state revealed by cryo-EM,Model of Phe-tRNA(Phe) in the ribosomal pre-accommodated state revealed by cryo-...,ribosome_subunit,\bribosom(e|al|os)\b|\b(small|large)\s+subunit\b|\b(30|40|50|60|70|80)s\b|\b(...,medium
train,2RPK_A,20,Solution Structure of Domain II of the Positive Polarity CCHMVD Hammerhead Ribozyme,Solution Structure of Domain II of the Positive Polarity CCHMVD Hammerhead Riboz...,ribozyme,\bribozyme(s)?\b|\bhammerhead\b|\bhairpin\s+ribozyme\b|\bhdv\b|\bgroup\s+i+\b...,medium
train,2RO2_A,23,Solution structure of domain I of the negative polarity CChMVd hammerhead ribozyme,Solution structure of domain I of the negative polarity CChMVd hammerhead ribozy...,ribozyme,\bribozyme(s)?\b|\bhammerhead\b|\bhairpin\s+ribozyme\b|\bhdv\b|\bgroup\s+i+\b...,medium
train,3CW1_v,138,Crystal Structure of Human Spliceosomal U1 snRNP,Crystal Structure of Human Spliceosomal U1 snRNP,ribozyme,\bribozyme(s)?\b|\bhammerhead\b|\bhairpin\s+ribozyme\b|\bhdv\b|\bgroup\s+i+\b...,high
train,3HAY_E,71,Crystal structure of a substrate-bound full H/ACA RNP from Pyrococcus furiosus,Crystal structure of a substrate-bound full H/ACA RNP from Pyrococcus furiosus,other,,low
train,2K66_A,22,NMR solution structure of the d3'-stem closed by a GAAA tetraloop of the group II intron Sc.ai5(gamma),NMR solution structure of the d3'-stem closed by a GAAA tetraloop of the group I...,ribozyme,\bribozyme(s)?\b|\bhammerhead\b|\bhairpin\s+ribozyme\b|\bhdv\b|\bgroup\s+i+\b...,medium
train,2K5Z_A,29,Solution structure and dynamics of the apical stem-loop of Duck hepatitis B virus,Solution structure and dynamics of the apical stem-loop of Duck hepatitis B viru...,nmr_solution_motif,\b(nmr|solution)\b,medium
train,3A3A_A,90,Crystal structure of human selenocystine tRNA,Crystal structure of human selenocystine tRNA,tRNA,\btrna\b|\btransfer\s+rna\b,high
train,2KMJ_A,28,High resolution NMR solution structure of a complex of HIV-2 TAR RNA and a synthetic tripeptide in a 1:2 stoichiometry,High resolution NMR solution structure of a complex of HIV-2 TAR RNA and a synth...,viral_rna,\bhiv\b|\bhcv\b|\bsars\b|\bires\b|\bframeshift\w*\b|\btar\s+rna\b|\bviral\s+r...,medium
train,2RPT_A,20,Structure of the CC mismatch from the thymidylate synthase binding site 1 hairpin and analysis of its interaction with paromomycin,Structure of the CC mismatch from the thymidylate synthase binding site 1 hairpi...,loop_motif,\b(loop|hairpin|kink[-\s]?turn|sarcin[-\s]?ricin|tetraloop)\b,high
train,3A2K_C,77,Crystal structure of TilS complexed with tRNA,Crystal structure of TilS complexed with tRNA,tRNA,\btrna\b|\btransfer\s+rna\b,high
train,2KOC_A,14,NMR solution structure of a 14-mer hairpin RNA with cUUCGg tetraloop,NMR solution structure of a 14-mer hairpin RNA with cUUCGg tetraloop,nmr_solution_motif,\b(nmr|solution)\b,medium
train,2KD8_A,22,Solution structure of the stem-loop IIId of GBV-B IRES,Solution structure of the stem-loop IIId of GBV-B IRES,viral_rna,\bhiv\b|\bhcv\b|\bsars\b|\bires\b|\bframeshift\w*\b|\btar\s+rna\b|\bviral\s+r...,medium
train,2KE6_A,48,Solution Structure of K10 TLS RNA,Solution Structure of K10 TLS RNA,nmr_solution_motif,\b(nmr|solution)\b,high
train,2KHY_A,38,Specifier Domain of B. subtilis tyrS T box leader RNA,Specifier Domain of B. subtilis tyrS T box leader RNA,other,,low
train,2X7N_A,28,Mechanism of eIF6s anti-association activity,Mechanism of eIF6s anti-association activity,other,,low
train,2KUV_A,48,Solution Structure of K10 TLS RNA (GC mutant in lower helix),Solution Structure of K10 TLS RNA (GC mutant in lower helix),nmr_solution_motif,\b(nmr|solution)\b,high
train,2KUW_A,48,Solution Structure of K10 TLS RNA (A-form mutant in lower helix),Solution Structure of K10 TLS RNA (A-form mutant in lower helix),nmr_solution_motif,\b(nmr|solution)\b,high
train,2KUU_A,48,Solution Structure of K10 TLS RNA (GC mutant in upper helix),Solution Structure of K10 TLS RNA (GC mutant in upper helix),nmr_solution_motif,\b(nmr|solution)\b,high
train,2KUR_A,48,Solution Structure of K10 TLS RNA (AU mutant in upper helix),Solution Structure of K10 TLS RNA (AU mutant in upper helix),nmr_solution_motif,\b(nmr|solution)\b,high
train,2KPD_A,17,Structure determination of the top-loop of the conserved 3 terminal secondary structure in the genome of YFV-mutant,Structure determination of the top-loop of the conserved 3 terminal secondary st...,loop_motif,\b(loop|hairpin|kink[-\s]?turn|sarcin[-\s]?ricin|tetraloop)\b,high
train,2KPC_A,17,Structure determination of the top-loop of the conserved 3 terminal secondary structure in the genome of YFV,Structure determination of the top-loop of the conserved 3 terminal secondary st...,loop_motif,\b(loop|hairpin|kink[-\s]?turn|sarcin[-\s]?ricin|tetraloop)\b,high
train,2KVN_A,17,Phi29 E-loop hairpin,Phi29 E-loop hairpin,loop_motif,\b(loop|hairpin|kink[-\s]?turn|sarcin[-\s]?ricin|tetraloop)\b,high
train,3LWQ_D,58,Structure of H/ACA RNP bound to a substrate RNA containing 3MU,Structure of H/ACA RNP bound to a substrate RNA containing 3MU,other,,low
train,2KPV_A,34,NMR model of the first let-7 miRNA complementary site (LCS1) in 3'-UTR of lin-41 mRNA from C. elegans,NMR model of the first let-7 miRNA complementary site (LCS1) in 3'-UTR of lin-41...,nmr_solution_motif,\b(nmr|solution)\b,high
train,3JQ4_B,118,The structure of the complex of the large ribosomal subunit from D. Radiodurans with the antibiotic lankacidin,The structure of the complex of the large ribosomal subunit from D. Radiodurans ...,ribosome_subunit,\bribosom(e|al|os)\b|\b(small|large)\s+subunit\b|\b(30|40|50|60|70|80)s\b|\b(...,medium
train,3AKZ_H,74,Crystal structure of Thermotoga maritima nondiscriminating glutamyl-tRNA synthetase in complex with tRNAGln and a glutamyl-AMP analog,Crystal structure of Thermotoga maritima nondiscriminating glutamyl-tRNA synthet...,tRNA,\btrna\b|\btransfer\s+rna\b,medium
train,3IYR_A,349,tmRNA-SmpB: a journey to the center of the bacterial ribosome,tmRNA-SmpB: a journey to the center of the bacterial ribosome,ribosome_subunit,\bribosom(e|al|os)\b|\b(small|large)\s+subunit\b|\b(30|40|50|60|70|80)s\b|\b(...,high
train,3IZ4_A,377,Modified E. coli tmRNA in the resume state with the tRNA-like domain in the ribosomal P site interacting with the SmpB,Modified E. coli tmRNA in the resume state with the tRNA-like domain in the ribo...,ribosome_subunit,\bribosom(e|al|os)\b|\b(small|large)\s+subunit\b|\b(30|40|50|60|70|80)s\b|\b(...,medium
train,2L3C_B,34,Solution structure of ADAR2 dsRBM1 bound to LSL RNA,Solution structure of ADAR2 dsRBM1 bound to LSL RNA,nmr_solution_motif,\b(nmr|solution)\b,high
train,2L1F_A,65,Structure of a conserved retroviral RNA packaging element by NMR spectroscopy and cryo-electron tomography,Structure of a conserved retroviral RNA packaging element by NMR spectroscopy an...,other,,low
train,2L2J_A,42,Solution NMR structure of the lower part of the R/G stem loop RNA,Solution NMR structure of the lower part of the R/G stem loop RNA,nmr_solution_motif,\b(nmr|solution)\b,medium
train,2L1F_B,66,Structure of a conserved retroviral RNA packaging element by NMR spectroscopy and cryo-electron tomography,Structure of a conserved retroviral RNA packaging element by NMR spectroscopy an...,other,,low
train,2L3J_B,71,The solution structure of the ADAR2 dsRBM-RNA complex reveals a sequence-specific read out of the minor groove,The solution structure of the ADAR2 dsRBM-RNA complex reveals a sequence-specifi...,other,,low
train,2L3E_A,35,Solution structure of P2a-J2a/b-P2b of human telomerase RNA,Solution structure of P2a-J2a/b-P2b of human telomerase RNA,nmr_solution_motif,\b(nmr|solution)\b,high
train,3IZD_A,151,Model of the large subunit RNA expansion segment ES27L-out based on a 6.1 A cryo-EM map of Saccharomyces cerevisiae translating 80S ribosome. 3IZD is a small part (an expansion segment) which is in an alternative conformation to what is in already 3IZF.,Model of the large subunit RNA expansion segment ES27L-out based on a 6.1 A cryo...,ribosome_subunit,\bribosom(e|al|os)\b|\b(small|large)\s+subunit\b|\b(30|40|50|60|70|80)s\b|\b(...,high
train,2KRP_A,17,Solution structure of the E. coli tRNA-Arg2(acg) anticodon stem and loop,Solution structure of the E. coli tRNA-Arg2(acg) anticodon stem and loop,tRNA,\btrna\b|\btransfer\s+rna\b,medium
train,3PGW_N,164,Crystal structure of human U1 snRNP,Crystal structure of human U1 snRNP,other,,low
train,2KRL_A,102,The ensemble of the solution global structures of the 102-nt ribosome binding structure element of the turnip crinkle virus 3' UTR RNA,The ensemble of the solution global structures of the 102-nt ribosome binding st...,ribosome_subunit,\bribosom(e|al|os)\b|\b(small|large)\s+subunit\b|\b(30|40|50|60|70|80)s\b|\b(...,high
train,2L5Z_A,26,NMR structure of the A730 loop of the Neurospora VS ribozyme,NMR structure of the A730 loop of the Neurospora VS ribozyme,ribozyme,\bribozyme(s)?\b|\bhammerhead\b|\bhairpin\s+ribozyme\b|\bhdv\b|\bgroup\s+i+\b...,medium
train,3NDB_M,136,Crystal structure of a signal sequence bound to the signal recognition particle,Crystal structure of a signal sequence bound to the signal recognition particle,other,,low
train,2KZL_A,55,Specifier domain and GA motif region of B. subtilis tyrS T box leader RNA,Specifier domain and GA motif region of B. subtilis tyrS T box leader RNA,other,,low
train,3PIP_Y,123,Crystal structure of the synergistic antibiotic pair lankamycin and lankacidin in complex with the large ribosomal subunit,Crystal structure of the synergistic antibiotic pair lankamycin and lankacidin i...,ribosome_subunit,\bribosom(e|al|os)\b|\b(small|large)\s+subunit\b|\b(30|40|50|60|70|80)s\b|\b(...,medium
train,2XXA_F,106,The Crystal Structure of the Signal Recognition Particle (SRP) in Complex with its Receptor(SR),The Crystal Structure of the Signal Recognition Particle (SRP) in Complex with i...,complex_with_protein,\bcomplex\b.*\b(protein|with)\b|\b(bound\s+to|in\s+complex\s+with)\b.*\bprote...,high
train,2L6I_A,16,Solution structure of coronaviral stem-loop 2 (SL2),Solution structure of coronaviral stem-loop 2 (SL2),nmr_solution_motif,\b(nmr|solution)\b,medium
train,3IZZ_E,100,Models for ribosome components that are nearest neighbors to the bovine mitochondrial initiation factor2 bound to the E. Coli ribosome,Models for ribosome components that are nearest neighbors to the bovine mitochon...,ribosome_subunit,\bribosom(e|al|os)\b|\b(small|large)\s+subunit\b|\b(30|40|50|60|70|80)s\b|\b(...,high
train,2LA5_A,36,RNA Duplex-Quadruplex Junction Complex with FMRP RGG peptide,RNA Duplex-Quadruplex Junction Complex with FMRP RGG peptide,complex_with_protein,\bcomplex\b.*\b(protein|with)\b|\b(bound\s+to|in\s+complex\s+with)\b.*\bprote...,high
train,2LAC_A,17,NMR structure of unmodified_ASL_Tyr,NMR structure of unmodified_ASL_Tyr,nmr_solution_motif,\b(nmr|solution)\b,high
train,2LBS_A,32,Solution structure of double-stranded RNA binding domain of S. cerevisiae RNase III (Rnt1p) in complex with AAGU tetraloop hairpin,Solution structure of double-stranded RNA binding domain of S. cerevisiae RNase ...,nmr_solution_motif,\b(nmr|solution)\b,medium
train,2LDT_A,31,The 912-888 alternate conformation for helix 27 of E.coli 16S rRNA,The 912-888 alternate conformation for helix 27 of E.coli 16S rRNA,ribosome_subunit,\bribosom(e|al|os)\b|\b(small|large)\s+subunit\b|\b(30|40|50|60|70|80)s\b|\b(...,high
train,3AMU_B,78,Crystal structure of the TiaS-tRNA(Ile2)-AMPCPP-agmatine complex,Crystal structure of the TiaS-tRNA(Ile2)-AMPCPP-agmatine complex,tRNA,\btrna\b|\btransfer\s+rna\b,high
train,2Y95_A,14,Solution structure of AUCG tetraloop hairpin found in human Xist RNA A-repeats essential for X-inactivation,Solution structure of AUCG tetraloop hairpin found in human Xist RNA A-repeats e...,nmr_solution_motif,\b(nmr|solution)\b,medium
train,3TUP_T,76,Crystal structure of human mitochondrial PheRS complexed with tRNAPhe in the active open state,Crystal structure of human mitochondrial PheRS complexed with tRNAPhe in the act...,other,,low
train,2LC8_A,63,Solution structure of the MLV readthrough pseudoknot,Solution structure of the MLV readthrough pseudoknot,pseudoknot,\bpseudoknot(s)?\b,high
train,2LDL_A,27,Solution NMR Structure of the HIV-1 Exon Splicing Silencer 3,Solution NMR Structure of the HIV-1 Exon Splicing Silencer 3,viral_rna,\bhiv\b|\bhcv\b|\bsars\b|\bires\b|\bframeshift\w*\b|\btar\s+rna\b|\bviral\s+r...,medium
train,2LKR_A,111,Yeast U2/U6 complex,Yeast U2/U6 complex,other,,low
train,2LK3_A,24,U2/U6 Helix I,U2/U6 Helix I,other,,low
train,2LBJ_A,17,Glycyl-tRNA(GCC) anticodon stem-loop from Bacillus subtilis,Glycyl-tRNA(GCC) anticodon stem-loop from Bacillus subtilis,tRNA,\btrna\b|\btransfer\s+rna\b,medium
train,2LBK_A,17,Glycyl-tRNA(UCC)1B anticodon stem-loop from Staphylococcus epidermidis,Glycyl-tRNA(UCC)1B anticodon stem-loop from Staphylococcus epidermidis,tRNA,\btrna\b|\btransfer\s+rna\b,medium
train,2LBL_A,17,Unmodified Glycyl-tRNA(UCC) anticodon stem-loop from Bacillus subtilis,Unmodified Glycyl-tRNA(UCC) anticodon stem-loop from Bacillus subtilis,tRNA,\btrna\b|\btransfer\s+rna\b,medium
train,2LPA_A,15,Mutant of the sub-genomic promoter from Brome Mosaic Virus,Mutant of the sub-genomic promoter from Brome Mosaic Virus,other,,low
train,2LP9_A,16,Pseudo-triloop from the sub-genomic promoter of Brome Mosaic Virus,Pseudo-triloop from the sub-genomic promoter of Brome Mosaic Virus,other,,low
train,4A4T_A,22,UNAC Tetraloops: To What Extent Can They Mimic GNRA Tetraloops,UNAC Tetraloops: To What Extent Can They Mimic GNRA Tetraloops,other,,low
train,4A4U_A,22,UNAC Tetraloops: To What Extent Can They Mimic GNRA Tetraloops,UNAC Tetraloops: To What Extent Can They Mimic GNRA Tetraloops,other,,low
train,4A4S_A,22,UNAC Tetraloops: To What Extent Can They Mimic GNRA Tetraloops,UNAC Tetraloops: To What Extent Can They Mimic GNRA Tetraloops,other,,low
train,3UZS_C,28,Structure of the C13.28 RNA Aptamer Bound to the G Protein-Coupled Receptor Kinase 2-Heterotrimeric G Protein Beta 1 and Gamma 2 Subunit Complex,Structure of the C13.28 RNA Aptamer Bound to the G Protein-Coupled Receptor Kina...,riboswitch,\briboswitch(es)?\b|\baptamer\b|\b(sam|tpp|fmn|cobalamin|glycine|lysine|preq[...,medium
train,2LHP_A,37,High resolution NMR solution structure of helix H1 of the chimpanzee HAR1 RNA,High resolution NMR solution structure of helix H1 of the chimpanzee HAR1 RNA,nmr_solution_motif,\b(nmr|solution)\b,high
train,2LUB_A,37,High resolution NMR solution structure of helix H1 of the human HAR1 RNA,High resolution NMR solution structure of helix H1 of the human HAR1 RNA,nmr_solution_motif,\b(nmr|solution)\b,high
train,2LQZ_A,27,Structure of the RNA claw of the DNA packaging motor of bacteriophage 29,Structure of the RNA claw of the DNA packaging motor of bacteriophage 29,viral_rna,v2_phage,low
train,2LI4_A,32,Solution structure of a shortened antiterminator hairpin from a Mg2+ riboswitch,Solution structure of a shortened antiterminator hairpin from a Mg2+ riboswitch,riboswitch,\briboswitch(es)?\b|\baptamer\b|\b(sam|tpp|fmn|cobalamin|glycine|lysine|preq[...,medium
train,2LJJ_A,27,The structure of subdomain IV-B from the CVB-3 IRES,The structure of subdomain IV-B from the CVB-3 IRES,viral_rna,\bhiv\b|\bhcv\b|\bsars\b|\bires\b|\bframeshift\w*\b|\btar\s+rna\b|\bviral\s+r...,high
train,4DR5_W,15,"Crystal structure of the Thermus thermophilus (HB8) 30S ribosomal subunit with codon, crystallographically disordered cognate transfer RNA anticodon stem-loop and streptomycin bound",Crystal structure of the Thermus thermophilus (HB8) 30S ribosomal subunit with c...,ribosome_subunit,\bribosom(e|al|os)\b|\b(small|large)\s+subunit\b|\b(30|40|50|60|70|80)s\b|\b(...,medium
train,4ILM_M,16,CRISPR RNA Processing endoribonuclease,CRISPR RNA Processing endoribonuclease,other,,low
train,2M21_A,21,Solution structure of the Tetrahymena telomerase RNA stem IV terminal loop,Solution structure of the Tetrahymena telomerase RNA stem IV terminal loop,nmr_solution_motif,\b(nmr|solution)\b,medium
train,4ILL_C,24,Recognition and Cleavage of a non-structured CRISPR RNA by its Processing Endoribonuclease Cas6,Recognition and Cleavage of a non-structured CRISPR RNA by its Processing Endori...,other,,low
train,2M22_A,23,Solution structure of the helix II template boundary element from Tetrahymena telomerase RNA,Solution structure of the helix II template boundary element from Tetrahymena te...,nmr_solution_motif,\b(nmr|solution)\b,high
train,2LU0_A,49,NMR solution structure of the kappa-zeta region of S.cerevisiae group II intron ai5(gamma),NMR solution structure of the kappa-zeta region of S.cerevisiae group II intron ...,ribozyme,\bribozyme(s)?\b|\bhammerhead\b|\bhairpin\s+ribozyme\b|\bhdv\b|\bgroup\s+i+\b...,medium
train,3W1K_F,95,Crystal structure of the selenocysteine synthase SelA and tRNASec complex,Crystal structure of the selenocysteine synthase SelA and tRNASec complex,other,,low
train,3J3W_A,2685,Atomic model of the immature 50S subunit from Bacillus subtilis (state II-a),Atomic model of the immature 50S subunit from Bacillus subtilis (state II-a),ribosome_subunit,\bribosom(e|al|os)\b|\b(small|large)\s+subunit\b|\b(30|40|50|60|70|80)s\b|\b(...,high
train,3J3V_A,2884,Atomic model of the immature 50S subunit from Bacillus subtilis (state I-a),Atomic model of the immature 50S subunit from Bacillus subtilis (state I-a),ribosome_subunit,\bribosom(e|al|os)\b|\b(small|large)\s+subunit\b|\b(30|40|50|60|70|80)s\b|\b(...,high
train,3J3V_B,119,Atomic model of the immature 50S subunit from Bacillus subtilis (state I-a),Atomic model of the immature 50S subunit from Bacillus subtilis (state I-a),ribosome_subunit,\bribosom(e|al|os)\b|\b(small|large)\s+subunit\b|\b(30|40|50|60|70|80)s\b|\b(...,high
train,2M8K_A,48,A pyrimidine motif triple helix in the Kluyveromyces lactis telomerase RNA pseudoknot is essential for function in vivo,A pyrimidine motif triple helix in the Kluyveromyces lactis telomerase RNA pseud...,pseudoknot,\bpseudoknot(s)?\b,high
train,2LV0_A,24,Solution Structure of Helix-35 Stem-loop from E. coli 23S rRNA,Solution Structure of Helix-35 Stem-loop from E. coli 23S rRNA,ribosome_subunit,\bribosom(e|al|os)\b|\b(small|large)\s+subunit\b|\b(30|40|50|60|70|80)s\b|\b(...,medium
train,4KJI_D,16,Novel re-arrangement of an RsmA/cSRa family protein to create a structurally distinct new RNA-binding family member,Novel re-arrangement of an RsmA/cSRa family protein to create a structurally dis...,other,,low
train,4BY9_A,72,The structure of the Box CD enzyme reveals regulation of rRNA methylation,The structure of the Box CD enzyme reveals regulation of rRNA methylation,ribosome_subunit,\bribosom(e|al|os)\b|\b(small|large)\s+subunit\b|\b(30|40|50|60|70|80)s\b|\b(...,high
train,2M12_A,23,Solution structure of the ID3 stem loop of domain 1 of the ai5gamma group II intron,Solution structure of the ID3 stem loop of domain 1 of the ai5gamma group II int...,ribozyme,\bribozyme(s)?\b|\bhammerhead\b|\bhairpin\s+ribozyme\b|\bhdv\b|\bgroup\s+i+\b...,medium
train,4C4Q_N,233,Cryo-EM map of the CSFV IRES in complex with the small ribosomal 40S subunit and DHX29,Cryo-EM map of the CSFV IRES in complex with the small ribosomal 40S subunit and...,ribosome_subunit,\bribosom(e|al|os)\b|\b(small|large)\s+subunit\b|\b(30|40|50|60|70|80)s\b|\b(...,medium
train,2M23_A,29,NMR solution structure of the d3'-hairpin of the group II intron Sc.ai5gamma including EBS1 bound to IBS1,NMR solution structure of the d3'-hairpin of the group II intron Sc.ai5gamma inc...,ribozyme,\bribozyme(s)?\b|\bhammerhead\b|\bhairpin\s+ribozyme\b|\bhdv\b|\bgroup\s+i+\b...,medium
train,3WC2_Q,76,Crystal structure of C. albicans tRNA(His) guanylyltransferase (Thg1) with a tRNA(Phe)(GUG),Crystal structure of C. albicans tRNA(His) guanylyltransferase (Thg1) with a tRN...,tRNA,\btrna\b|\btransfer\s+rna\b,high
train,2LUN_A,28,RNA Aptamer for B. anthracis Ribosomal Protein S8,RNA Aptamer for B. anthracis Ribosomal Protein S8,ribosome_subunit,\bribosom(e|al|os)\b|\b(small|large)\s+subunit\b|\b(30|40|50|60|70|80)s\b|\b(...,medium
train,3WC2_P,76,Crystal structure of C. albicans tRNA(His) guanylyltransferase (Thg1) with a tRNA(Phe)(GUG),Crystal structure of C. albicans tRNA(His) guanylyltransferase (Thg1) with a tRN...,tRNA,\btrna\b|\btransfer\s+rna\b,high
train,3WC1_Q,75,Crystal structure of C. albicans tRNA(His) guanylyltransferase (Thg1) with a G-1 deleted tRNA(His),Crystal structure of C. albicans tRNA(His) guanylyltransferase (Thg1) with a G-1...,tRNA,\btrna\b|\btransfer\s+rna\b,high
train,2MHI_A,53,Solution structure of the CR4/5 domain of medaka telomerase RNA,Solution structure of the CR4/5 domain of medaka telomerase RNA,nmr_solution_motif,\b(nmr|solution)\b,high
train,3WFR_D,75,tRNA processing enzyme complex 2,tRNA processing enzyme complex 2,tRNA,\btrna\b|\btransfer\s+rna\b,high
train,3WFQ_C,73,tRNA processing enzyme complex 1,tRNA processing enzyme complex 1,tRNA,\btrna\b|\btransfer\s+rna\b,high
train,2MEQ_A,19,Structure of Helix 69 from Escherichia coli 23S Ribosomal RNA,Structure of Helix 69 from Escherichia coli 23S Ribosomal RNA,ribosome_subunit,\bribosom(e|al|os)\b|\b(small|large)\s+subunit\b|\b(30|40|50|60|70|80)s\b|\b(...,high
train,3WFR_B,74,tRNA processing enzyme complex 2,tRNA processing enzyme complex 2,tRNA,\btrna\b|\btransfer\s+rna\b,high
train,2MI0_B,21,NMR structure of the I-V kissing-loop interaction of the Neurospora VS ribozyme,NMR structure of the I-V kissing-loop interaction of the Neurospora VS ribozyme,ribozyme,\bribozyme(s)?\b|\bhammerhead\b|\bhairpin\s+ribozyme\b|\bhdv\b|\bgroup\s+i+\b...,medium
train,2MI0_A,22,NMR structure of the I-V kissing-loop interaction of the Neurospora VS ribozyme,NMR structure of the I-V kissing-loop interaction of the Neurospora VS ribozyme,ribozyme,\bribozyme(s)?\b|\bhammerhead\b|\bhairpin\s+ribozyme\b|\bhdv\b|\bgroup\s+i+\b...,medium
train,2MFG_D,21,Csr/Rsm protein-RNA recognition - A molecular affinity ruler: RsmZ(SL4)/RsmE(dimer) 2:1 complex,Csr/Rsm protein-RNA recognition - A molecular affinity ruler: RsmZ(SL4)/RsmE(dim...,other,,low
train,2MFC_B,22,Csr/Rsm protein-RNA recognition - A molecular affinity ruler: RsmZ(SL1)/RsmE(dimer) 2:1 complex,Csr/Rsm protein-RNA recognition - A molecular affinity ruler: RsmZ(SL1)/RsmE(dim...,other,,low
train,2M57_A,35,NMR solution structure of domain 5 from Azotobacter vinelandii Intron 5 at pH 7.8,NMR solution structure of domain 5 from Azotobacter vinelandii Intron 5 at pH 7....,nmr_solution_motif,\b(nmr|solution)\b,high
train,2MFE_D,22,Csr/Rsm protein-RNA recognition - A molecular affinity ruler: RsmZ(SL2)/RsmE(dimer) 2:1 complex,Csr/Rsm protein-RNA recognition - A molecular affinity ruler: RsmZ(SL2)/RsmE(dim...,other,,low
train,2MFF_B,21,Csr/Rsm protein-RNA recognition - A molecular affinity ruler: RsmZ(SL3)/RsmE(dimer) 2:1 complex,Csr/Rsm protein-RNA recognition - A molecular affinity ruler: RsmZ(SL3)/RsmE(dim...,other,,low
train,2M4W_A,17,single G-bulge in a conserved regulatory region of the HEV genome,single G-bulge in a conserved regulatory region of the HEV genome,other,,low
train,2M5U_A,22,NMR structure of the P4 hairpin of the CPEB3 ribozyme,NMR structure of the P4 hairpin of the CPEB3 ribozyme,ribozyme,\bribozyme(s)?\b|\bhammerhead\b|\bhairpin\s+ribozyme\b|\bhdv\b|\bgroup\s+i+\b...,medium
train,3J6B_e,20,Structure of the yeast mitochondrial large ribosomal subunit,Structure of the yeast mitochondrial large ribosomal subunit,ribosome_subunit,\bribosom(e|al|os)\b|\b(small|large)\s+subunit\b|\b(30|40|50|60|70|80)s\b|\b(...,high
train,4KR6_D,39,Crystal structure of a 4-thiouridine synthetase - RNA complex,Crystal structure of a 4-thiouridine synthetase - RNA complex,other,,low
train,2MF0_G,72,Structural basis of the non-coding RNA RsmZ acting as protein sponge: Conformer L of RsmZ(1-72)/RsmE(dimer) 1to3 complex,Structural basis of the non-coding RNA RsmZ acting as protein sponge: Conformer ...,other,,low
train,4P8Z_A,188,Speciation of a group I intron into a lariat capping ribozyme,Speciation of a group I intron into a lariat capping ribozyme,ribozyme,\bribozyme(s)?\b|\bhammerhead\b|\bhairpin\s+ribozyme\b|\bhdv\b|\bgroup\s+i+\b...,high
train,3WQZ_C,75,Crystal structure of Archaeoglobus fulgidus alanyl-tRNA synthetase in complex with a tRNA(Ala) variant having A3.U70,Crystal structure of Archaeoglobus fulgidus alanyl-tRNA synthetase in complex wi...,tRNA,\btrna\b|\btransfer\s+rna\b,medium
train,4V6X_BC,75,Structure of the human 80S ribosome,Structure of the human 80S ribosome,ribosome_subunit,\bribosom(e|al|os)\b|\b(small|large)\s+subunit\b|\b(30|40|50|60|70|80)s\b|\b(...,high
train,4V99_FX,17,The Crystallographic Structure of Panicum Mosaic Virus,The Crystallographic Structure of Panicum Mosaic Virus,other,,low
train,4V4N_A3,126,Structure of the Methanococcus jannaschii ribosome-SecYEBeta channel complex,Structure of the Methanococcus jannaschii ribosome-SecYEBeta channel complex,ribosome_subunit,\bribosom(e|al|os)\b|\b(small|large)\s+subunit\b|\b(30|40|50|60|70|80)s\b|\b(...,high
train,4V6W_A7,120,Structure of the D. melanogaster 80S ribosome,Structure of the D. melanogaster 80S ribosome,ribosome_subunit,\bribosom(e|al|os)\b|\b(small|large)\s+subunit\b|\b(30|40|50|60|70|80)s\b|\b(...,high
train,4V4N_B2,1495,Structure of the Methanococcus jannaschii ribosome-SecYEBeta channel complex,Structure of the Methanococcus jannaschii ribosome-SecYEBeta channel complex,ribosome_subunit,\bribosom(e|al|os)\b|\b(small|large)\s+subunit\b|\b(30|40|50|60|70|80)s\b|\b(...,high
train,4V5Z_BP,15,Structure of a mammalian 80S ribosome obtained by docking homology models of the RNA and proteins into an 8.7 A cryo-EM map,Structure of a mammalian 80S ribosome obtained by docking homology models of the...,ribosome_subunit,\bribosom(e|al|os)\b|\b(small|large)\s+subunit\b|\b(30|40|50|60|70|80)s\b|\b(...,high
train,4V4V_B0,2740,Structure of a pre-translocational E. coli ribosome obtained by fitting atomic models for RNA and protein components into cryo-EM map EMD-1056,Structure of a pre-translocational E. coli ribosome obtained by fitting atomic m...,ribosome_subunit,\bribosom(e|al|os)\b|\b(small|large)\s+subunit\b|\b(30|40|50|60|70|80)s\b|\b(...,high
train,4V4W_B9,108,Structure of a SecM-stalled E. coli ribosome complex obtained by fitting atomic models for RNA and protein components into cryo-EM map EMD-1143,Structure of a SecM-stalled E. coli ribosome complex obtained by fitting atomic ...,ribosome_subunit,\bribosom(e|al|os)\b|\b(small|large)\s+subunit\b|\b(30|40|50|60|70|80)s\b|\b(...,medium
train,4V8J_CW,76,Crystal structure of the bacterial ribosome ram mutation G347U.,Crystal structure of the bacterial ribosome ram mutation G347U.,ribosome_subunit,\bribosom(e|al|os)\b|\b(small|large)\s+subunit\b|\b(30|40|50|60|70|80)s\b|\b(...,high
train,4V4V_AA,1488,Structure of a pre-translocational E. coli ribosome obtained by fitting atomic models for RNA and protein components into cryo-EM map EMD-1056,Structure of a pre-translocational E. coli ribosome obtained by fitting atomic m...,ribosome_subunit,\bribosom(e|al|os)\b|\b(small|large)\s+subunit\b|\b(30|40|50|60|70|80)s\b|\b(...,high
train,4V6X_B2,1861,Structure of the human 80S ribosome,Structure of the human 80S ribosome,ribosome_subunit,\bribosom(e|al|os)\b|\b(small|large)\s+subunit\b|\b(30|40|50|60|70|80)s\b|\b(...,high
train,4V6W_A8,123,Structure of the D. melanogaster 80S ribosome,Structure of the D. melanogaster 80S ribosome,ribosome_subunit,\bribosom(e|al|os)\b|\b(small|large)\s+subunit\b|\b(30|40|50|60|70|80)s\b|\b(...,high
train,4V4G_CA,1526,Crystal structure of five 70s ribosomes from Escherichia Coli in complex with protein Y.,Crystal structure of five 70s ribosomes from Escherichia Coli in complex with pr...,ribosome_subunit,\bribosom(e|al|os)\b|\b(small|large)\s+subunit\b|\b(30|40|50|60|70|80)s\b|\b(...,medium
train,4V6U_A0,76,Promiscuous behavior of proteins in archaeal ribosomes revealed by cryo-EM: implications for evolution of eukaryotic ribosomes,Promiscuous behavior of proteins in archaeal ribosomes revealed by cryo-EM: impl...,other,,low
train,4V6W_B2,1957,Structure of the D. melanogaster 80S ribosome,Structure of the D. melanogaster 80S ribosome,ribosome_subunit,\bribosom(e|al|os)\b|\b(small|large)\s+subunit\b|\b(30|40|50|60|70|80)s\b|\b(...,high
train,4V9B_CD,77,Crystal Structure of the 70S ribosome with tigecycline.,Crystal Structure of the 70S ribosome with tigecycline.,ribosome_subunit,\bribosom(e|al|os)\b|\b(small|large)\s+subunit\b|\b(30|40|50|60|70|80)s\b|\b(...,high
train,4V4N_B1,77,Structure of the Methanococcus jannaschii ribosome-SecYEBeta channel complex,Structure of the Methanococcus jannaschii ribosome-SecYEBeta channel complex,ribosome_subunit,\bribosom(e|al|os)\b|\b(small|large)\s+subunit\b|\b(30|40|50|60|70|80)s\b|\b(...,high
train,4V5G_BA,2901,The crystal structure of the 70S ribosome bound to EF-Tu and tRNA,The crystal structure of the 70S ribosome bound to EF-Tu and tRNA,ribosome_subunit,\bribosom(e|al|os)\b|\b(small|large)\s+subunit\b|\b(30|40|50|60|70|80)s\b|\b(...,medium
train,4V7E_Ac,160,Model of the small subunit RNA based on a 5.5 A cryo-EM map of Triticum aestivum translating 80S ribosome,Model of the small subunit RNA based on a 5.5 A cryo-EM map of Triticum aestivum...,ribosome_subunit,\bribosom(e|al|os)\b|\b(small|large)\s+subunit\b|\b(30|40|50|60|70|80)s\b|\b(...,high
train,4V65_A1,1530,Structure of the E. coli ribosome in the Pre-accommodation state,Structure of the E. coli ribosome in the Pre-accommodation state,ribosome_subunit,\bribosom(e|al|os)\b|\b(small|large)\s+subunit\b|\b(30|40|50|60|70|80)s\b|\b(...,high
train,4V6W_BC,75,Structure of the D. melanogaster 80S ribosome,Structure of the D. melanogaster 80S ribosome,ribosome_subunit,\bribosom(e|al|os)\b|\b(small|large)\s+subunit\b|\b(30|40|50|60|70|80)s\b|\b(...,high
train,4V6X_A5,4298,Structure of the human 80S ribosome,Structure of the human 80S ribosome,ribosome_subunit,\bribosom(e|al|os)\b|\b(small|large)\s+subunit\b|\b(30|40|50|60|70|80)s\b|\b(...,high
train,4V5Z_BA,21,Structure of a mammalian 80S ribosome obtained by docking homology models of the RNA and proteins into an 8.7 A cryo-EM map,Structure of a mammalian 80S ribosome obtained by docking homology models of the...,ribosome_subunit,\bribosom(e|al|os)\b|\b(small|large)\s+subunit\b|\b(30|40|50|60|70|80)s\b|\b(...,high
train,4V5G_BB,122,The crystal structure of the 70S ribosome bound to EF-Tu and tRNA,The crystal structure of the 70S ribosome bound to EF-Tu and tRNA,ribosome_subunit,\bribosom(e|al|os)\b|\b(small|large)\s+subunit\b|\b(30|40|50|60|70|80)s\b|\b(...,medium
train,4V5Z_BH,25,Structure of a mammalian 80S ribosome obtained by docking homology models of the RNA and proteins into an 8.7 A cryo-EM map,Structure of a mammalian 80S ribosome obtained by docking homology models of the...,ribosome_subunit,\bribosom(e|al|os)\b|\b(small|large)\s+subunit\b|\b(30|40|50|60|70|80)s\b|\b(...,high
train,4V6D_AV,17,Crystal structure of the E. coli 70S ribosome in an intermediate state of ratcheting,Crystal structure of the E. coli 70S ribosome in an intermediate state of ratche...,ribosome_subunit,\bribosom(e|al|os)\b|\b(small|large)\s+subunit\b|\b(30|40|50|60|70|80)s\b|\b(...,high
train,4V7E_Ab,120,Model of the small subunit RNA based on a 5.5 A cryo-EM map of Triticum aestivum translating 80S ribosome,Model of the small subunit RNA based on a 5.5 A cryo-EM map of Triticum aestivum...,ribosome_subunit,\bribosom(e|al|os)\b|\b(small|large)\s+subunit\b|\b(30|40|50|60|70|80)s\b|\b(...,high
train,4V5Z_BL,20,Structure of a mammalian 80S ribosome obtained by docking homology models of the RNA and proteins into an 8.7 A cryo-EM map,Structure of a mammalian 80S ribosome obtained by docking homology models of the...,ribosome_subunit,\bribosom(e|al|os)\b|\b(small|large)\s+subunit\b|\b(30|40|50|60|70|80)s\b|\b(...,high
train,4V6X_A7,121,Structure of the human 80S ribosome,Structure of the human 80S ribosome,ribosome_subunit,\bribosom(e|al|os)\b|\b(small|large)\s+subunit\b|\b(30|40|50|60|70|80)s\b|\b(...,high
train,4V65_BB,2903,Structure of the E. coli ribosome in the Pre-accommodation state,Structure of the E. coli ribosome in the Pre-accommodation state,ribosome_subunit,\bribosom(e|al|os)\b|\b(small|large)\s+subunit\b|\b(30|40|50|60|70|80)s\b|\b(...,high
train,4V6X_A8,157,Structure of the human 80S ribosome,Structure of the human 80S ribosome,ribosome_subunit,\bribosom(e|al|os)\b|\b(small|large)\s+subunit\b|\b(30|40|50|60|70|80)s\b|\b(...,high
train,4V5Z_BC,17,Structure of a mammalian 80S ribosome obtained by docking homology models of the RNA and proteins into an 8.7 A cryo-EM map,Structure of a mammalian 80S ribosome obtained by docking homology models of the...,ribosome_subunit,\bribosom(e|al|os)\b|\b(small|large)\s+subunit\b|\b(30|40|50|60|70|80)s\b|\b(...,high
train,4V8J_AV,77,Crystal structure of the bacterial ribosome ram mutation G347U.,Crystal structure of the bacterial ribosome ram mutation G347U.,ribosome_subunit,\bribosom(e|al|os)\b|\b(small|large)\s+subunit\b|\b(30|40|50|60|70|80)s\b|\b(...,high
train,4V7E_Ad,1762,Model of the small subunit RNA based on a 5.5 A cryo-EM map of Triticum aestivum translating 80S ribosome,Model of the small subunit RNA based on a 5.5 A cryo-EM map of Triticum aestivum...,ribosome_subunit,\bribosom(e|al|os)\b|\b(small|large)\s+subunit\b|\b(30|40|50|60|70|80)s\b|\b(...,high
train,4V6U_B1,3049,Promiscuous behavior of proteins in archaeal ribosomes revealed by cryo-EM: implications for evolution of eukaryotic ribosomes,Promiscuous behavior of proteins in archaeal ribosomes revealed by cryo-EM: impl...,other,,low
train,4V7E_Aa,3391,Model of the small subunit RNA based on a 5.5 A cryo-EM map of Triticum aestivum translating 80S ribosome,Model of the small subunit RNA based on a 5.5 A cryo-EM map of Triticum aestivum...,ribosome_subunit,\bribosom(e|al|os)\b|\b(small|large)\s+subunit\b|\b(30|40|50|60|70|80)s\b|\b(...,high
train,4V5Z_BK,26,Structure of a mammalian 80S ribosome obtained by docking homology models of the RNA and proteins into an 8.7 A cryo-EM map,Structure of a mammalian 80S ribosome obtained by docking homology models of the...,ribosome_subunit,\bribosom(e|al|os)\b|\b(small|large)\s+subunit\b|\b(30|40|50|60|70|80)s\b|\b(...,high
train,4V5Z_AH,41,Structure of a mammalian 80S ribosome obtained by docking homology models of the RNA and proteins into an 8.7 A cryo-EM map,Structure of a mammalian 80S ribosome obtained by docking homology models of the...,ribosome_subunit,\bribosom(e|al|os)\b|\b(small|large)\s+subunit\b|\b(30|40|50|60|70|80)s\b|\b(...,high
train,4V4N_A1,2969,Structure of the Methanococcus jannaschii ribosome-SecYEBeta channel complex,Structure of the Methanococcus jannaschii ribosome-SecYEBeta channel complex,ribosome_subunit,\bribosom(e|al|os)\b|\b(small|large)\s+subunit\b|\b(30|40|50|60|70|80)s\b|\b(...,high
train,4V6W_A5,3806,Structure of the D. melanogaster 80S ribosome,Structure of the D. melanogaster 80S ribosome,ribosome_subunit,\bribosom(e|al|os)\b|\b(small|large)\s+subunit\b|\b(30|40|50|60|70|80)s\b|\b(...,high
train,4V5Z_BU,16,Structure of a mammalian 80S ribosome obtained by docking homology models of the RNA and proteins into an 8.7 A cryo-EM map,Structure of a mammalian 80S ribosome obtained by docking homology models of the...,ribosome_subunit,\bribosom(e|al|os)\b|\b(small|large)\s+subunit\b|\b(30|40|50|60|70|80)s\b|\b(...,high
train,4V7E_Ae,75,Model of the small subunit RNA based on a 5.5 A cryo-EM map of Triticum aestivum translating 80S ribosome,Model of the small subunit RNA based on a 5.5 A cryo-EM map of Triticum aestivum...,ribosome_subunit,\bribosom(e|al|os)\b|\b(small|large)\s+subunit\b|\b(30|40|50|60|70|80)s\b|\b(...,high
train,4V5F_CA,1504,The structure of the ribosome with elongation factor G trapped in the post-translocational state,The structure of the ribosome with elongation factor G trapped in the post-trans...,ribosome_subunit,\bribosom(e|al|os)\b|\b(small|large)\s+subunit\b|\b(30|40|50|60|70|80)s\b|\b(...,high
train,4V5Z_BQ,30,Structure of a mammalian 80S ribosome obtained by docking homology models of the RNA and proteins into an 8.7 A cryo-EM map,Structure of a mammalian 80S ribosome obtained by docking homology models of the...,ribosome_subunit,\bribosom(e|al|os)\b|\b(small|large)\s+subunit\b|\b(30|40|50|60|70|80)s\b|\b(...,high
train,4V5Z_AF,31,Structure of a mammalian 80S ribosome obtained by docking homology models of the RNA and proteins into an 8.7 A cryo-EM map,Structure of a mammalian 80S ribosome obtained by docking homology models of the...,ribosome_subunit,\bribosom(e|al|os)\b|\b(small|large)\s+subunit\b|\b(30|40|50|60|70|80)s\b|\b(...,high
train,4V5Z_BM,19,Structure of a mammalian 80S ribosome obtained by docking homology models of the RNA and proteins into an 8.7 A cryo-EM map,Structure of a mammalian 80S ribosome obtained by docking homology models of the...,ribosome_subunit,\bribosom(e|al|os)\b|\b(small|large)\s+subunit\b|\b(30|40|50|60|70|80)s\b|\b(...,high
train,4QIL_C,19,Crystal structure of the ROQ domain of human Roquin in complex with the Hmg19 stem-loop RNA,Crystal structure of the ROQ domain of human Roquin in complex with the Hmg19 st...,loop_motif,\b(loop|hairpin|kink[-\s]?turn|sarcin[-\s]?ricin|tetraloop)\b,medium
train,4OQ9_3,10,Satellite Tobacco Mosaic Virus Refined to 1.4 A Resolution using non-crystallographic symmetry restraints,Satellite Tobacco Mosaic Virus Refined to 1.4 A Resolution using non-crystallogr...,other,,low
train,4TZV_B,75,"Co-crystals of the Ternary Complex Containing a T-box Stem I RNA, its Cognate tRNAGly, and B. subtilis YbxF protein, treated by removing lithium sulfate post crystallization","Co-crystals of the Ternary Complex Containing a T-box Stem I RNA, its Cognate tR...",complex_with_protein,\bcomplex\b.*\b(protein|with)\b|\b(bound\s+to|in\s+complex\s+with)\b.*\bprote...,high
train,4TZP_C,102,"As Grown, Untreated Co-crystals of the Ternary Complex Containing a T-box Stem I RNA, its cognate tRNAGly, and B. subtilis YbxF protein","As Grown, Untreated Co-crystals of the Ternary Complex Containing a T-box Stem I...",complex_with_protein,\bcomplex\b.*\b(protein|with)\b|\b(bound\s+to|in\s+complex\s+with)\b.*\bprote...,high
train,2MS1_B,71,Solution NMR structure of tRNApro:MLV Nucleocapsid Protein (1:1) Complex,Solution NMR structure of tRNApro:MLV Nucleocapsid Protein (1:1) Complex,viral_rna,v2_phage,low
train,2MQT_A,68,Solution NMR structure of the U5-primer binding site (U5-PBS) domain of murine leukemia virus RNA genome,Solution NMR structure of the U5-primer binding site (U5-PBS) domain of murine l...,other,,low
train,2MNC_A,29,oligonucleotide model of miR-21 pre-element,oligonucleotide model of miR-21 pre-element,other,,low
train,2MFD_A,19,The Solution Structure of a cGCUUAg RNA Pentaloop from Bovine Enterovirus Vir404/03,The Solution Structure of a cGCUUAg RNA Pentaloop from Bovine Enterovirus Vir404...,nmr_solution_motif,\b(nmr|solution)\b,high
train,2MTJ_A,47,NMR structure of the III-IV-V three-way junction from the VS ribozyme,NMR structure of the III-IV-V three-way junction from the VS ribozyme,ribozyme,\bribozyme(s)?\b|\bhammerhead\b|\bhairpin\s+ribozyme\b|\bhdv\b|\bgroup\s+i+\b...,medium
train,4WSA_V,14,Crystal structure of Influenza B polymerase bound to the vRNA promoter (FluB1 form),Crystal structure of Influenza B polymerase bound to the vRNA promoter (FluB1 fo...,other,,low
train,3J8G_B,2874,Electron cryo-microscopy structure of EngA bound with the 50S ribosomal subunit,Electron cryo-microscopy structure of EngA bound with the 50S ribosomal subunit,ribosome_subunit,\bribosom(e|al|os)\b|\b(small|large)\s+subunit\b|\b(30|40|50|60|70|80)s\b|\b(...,high
train,3J8G_A,117,Electron cryo-microscopy structure of EngA bound with the 50S ribosomal subunit,Electron cryo-microscopy structure of EngA bound with the 50S ribosomal subunit,ribosome_subunit,\bribosom(e|al|os)\b|\b(small|large)\s+subunit\b|\b(30|40|50|60|70|80)s\b|\b(...,high
train,4WJ3_Q,76,Crystal structure of the asparagine transamidosome from Pseudomonas aeruginosa,Crystal structure of the asparagine transamidosome from Pseudomonas aeruginosa,other,,low
train,4WZJ_VV,68,Spliceosomal U4 snRNP core domain,Spliceosomal U4 snRNP core domain,ribozyme,\bribozyme(s)?\b|\bhammerhead\b|\bhairpin\s+ribozyme\b|\bhdv\b|\bgroup\s+i+\b...,high
train,4D5N_X,201,Cryo-EM structures of ribosomal 80S complexes with termination factors and cricket paralysis virus IRES reveal the IRES in the translocated state,Cryo-EM structures of ribosomal 80S complexes with termination factors and crick...,ribosome_subunit,\bribosom(e|al|os)\b|\b(small|large)\s+subunit\b|\b(30|40|50|60|70|80)s\b|\b(...,medium
train,4X4P_B,36,Crystal structure of the A.fulgidus CCA-adding enzyme in complex with a G70A arginyl-tRNA minihelix ending in CCAC,Crystal structure of the A.fulgidus CCA-adding enzyme in complex with a G70A arg...,tRNA,\btrna\b|\btransfer\s+rna\b,medium
train,4X4S_B,37,Crystal structure of the A.fulgidus CCA-adding enzyme in complex with a G70A arginyl-tRNA minihelix ending in CCACC and CTP,Crystal structure of the A.fulgidus CCA-adding enzyme in complex with a G70A arg...,tRNA,\btrna\b|\btransfer\s+rna\b,medium
train,4X0B_B,77,Structure of tRNA-processing enzyme complex 7,Structure of tRNA-processing enzyme complex 7,tRNA,\btrna\b|\btransfer\s+rna\b,high
train,4X0A_B,73,Structure of tRNA-processing enzyme complex 6,Structure of tRNA-processing enzyme complex 6,tRNA,\btrna\b|\btransfer\s+rna\b,high
train,4WC3_B,76,Structure of tRNA-processing enzyme complex 1,Structure of tRNA-processing enzyme complex 1,tRNA,\btrna\b|\btransfer\s+rna\b,high
train,5A18_A,32,The structure of the SOLE element of oskar mRNA,The structure of the SOLE element of oskar mRNA,other,,low
train,2MXJ_A,11,Structural features of a 3' splice site influenza A: 11-nt hairpin,Structural features of a 3' splice site influenza A: 11-nt hairpin,loop_motif,\b(loop|hairpin|kink[-\s]?turn|sarcin[-\s]?ricin|tetraloop)\b,high
train,2MXL_A,39,Structural features of a 3' splice site in influenza A: 39-nt hairpin,Structural features of a 3' splice site in influenza A: 39-nt hairpin,loop_motif,\b(loop|hairpin|kink[-\s]?turn|sarcin[-\s]?ricin|tetraloop)\b,high
train,4TUC_QY,18,Crystal structure of ASL-SufJ bound to Codon ACC-A on the Ribosome,Crystal structure of ASL-SufJ bound to Codon ACC-A on the Ribosome,ribosome_subunit,\bribosom(e|al|os)\b|\b(small|large)\s+subunit\b|\b(30|40|50|60|70|80)s\b|\b(...,high
train,4TUA_XY,17,Crystal structure of ASL-Thr bound to Codon ACC-A on the Ribosome,Crystal structure of ASL-Thr bound to Codon ACC-A on the Ribosome,ribosome_subunit,\bribosom(e|al|os)\b|\b(small|large)\s+subunit\b|\b(30|40|50|60|70|80)s\b|\b(...,high
train,2N0R_A,26,RNA structure determination by solid-state NMR spectroscopy,RNA structure determination by solid-state NMR spectroscopy,nmr_solution_motif,\b(nmr|solution)\b,high
train,2N1Q_A,155,HIV-1 Core Packaging Signal,HIV-1 Core Packaging Signal,viral_rna,\bhiv\b|\bhcv\b|\bsars\b|\bires\b|\bframeshift\w*\b|\btar\s+rna\b|\bviral\s+r...,high
train,5AMQ_C,10,Structure of the La Crosse Bunyavirus polymerase in complex with the 3' and 5' viral RNA,Structure of the La Crosse Bunyavirus polymerase in complex with the 3' and 5' v...,viral_rna,\bhiv\b|\bhcv\b|\bsars\b|\bires\b|\bframeshift\w*\b|\btar\s+rna\b|\bviral\s+r...,medium
train,4ZT9_D,85,"Nuclease-inactive Streptococcus pyogenes Cas9 (D10A/H840A, dCas9) in complex with single-guide RNA at 3.1 Angstrom resolution","Nuclease-inactive Streptococcus pyogenes Cas9 (D10A/H840A, dCas9) in complex wit...",complex_with_protein,\bcomplex\b.*\b(protein|with)\b|\b(bound\s+to|in\s+complex\s+with)\b.*\bprote...,high
train,2N3Q_A,62,NMR structure of the II-III-VI three-way junction from the VS ribozyme,NMR structure of the II-III-VI three-way junction from the VS ribozyme,ribozyme,\bribozyme(s)?\b|\bhammerhead\b|\bhairpin\s+ribozyme\b|\bhdv\b|\bgroup\s+i+\b...,high
train,4YVI_C,74,Crystal Structure of H. influenzae TrmD in complex with sinefungin and tRNA,Crystal Structure of H. influenzae TrmD in complex with sinefungin and tRNA,tRNA,\btrna\b|\btransfer\s+rna\b,medium
train,4YVJ_C,74,Crystal Structure of H. influenzae TrmD in complex with sinefungin and tRNA variant (G36U),Crystal Structure of H. influenzae TrmD in complex with sinefungin and tRNA vari...,tRNA,\btrna\b|\btransfer\s+rna\b,medium
train,4YVK_C,74,Crystal Structure of H. influenzae TrmD in complex with sinefungin and tRNA variant (G36C),Crystal Structure of H. influenzae TrmD in complex with sinefungin and tRNA vari...,tRNA,\btrna\b|\btransfer\s+rna\b,medium
train,2N2P_A,23,Solution structure of a double base-pair inversion mutant of murine tumour necrosis factor alpha CDE-23 RNA,Solution structure of a double base-pair inversion mutant of murine tumour necro...,nmr_solution_motif,\b(nmr|solution)\b,high
train,2N2O_A,23,Structure of murine tumour necrosis factor alpha CDE RNA,Structure of murine tumour necrosis factor alpha CDE RNA,other,,low
train,3JB9_C,120,Cryo-EM structure of the yeast spliceosome at 3.6 angstrom resolution,Cryo-EM structure of the yeast spliceosome at 3.6 angstrom resolution,ribozyme,\bribozyme(s)?\b|\bhammerhead\b|\bhairpin\s+ribozyme\b|\bhdv\b|\bgroup\s+i+\b...,high
train,2N8V_X,70,"An NMR/SAXS structure of the PKI domain of the honeybee dicistrovirus, Israeli acute paralysis virus (IAPV) IRES","An NMR/SAXS structure of the PKI domain of the honeybee dicistrovirus, Israeli a...",viral_rna,\bhiv\b|\bhcv\b|\bsars\b|\bires\b|\bframeshift\w*\b|\btar\s+rna\b|\bviral\s+r...,high
train,2N4L_A,53,Solution Structure of the HIV-1 Intron Splicing Silencer and its Interactions with the UP1 Domain of hnRNP A1,Solution Structure of the HIV-1 Intron Splicing Silencer and its Interactions wi...,viral_rna,\bhiv\b|\bhcv\b|\bsars\b|\bires\b|\bframeshift\w*\b|\btar\s+rna\b|\bviral\s+r...,medium
train,2N7M_X,92,NMR-SAXS/WAXS Structure of the core of the U4/U6 di-snRNA,NMR-SAXS/WAXS Structure of the core of the U4/U6 di-snRNA,other,,low
train,5ELS_I,6,Structure of the KH domain of T-STAR in complex with AAAUAA RNA,Structure of the KH domain of T-STAR in complex with AAAUAA RNA,complex_with_protein,\bcomplex\b.*\b(protein|with)\b|\b(bound\s+to|in\s+complex\s+with)\b.*\bprote...,high
train,5FMZ_V,12,Crystal structure of Influenza B polymerase with bound 5' vRNA,Crystal structure of Influenza B polymerase with bound 5' vRNA,other,,low
train,5EPI_H,12,CRYSTAL STRUCTURE OF INFLUENZA B POLYMERASE WITH BOUND 5' CRNA EXHIBITS A NOVEL DOMAIN ARRANGEMENT,CRYSTAL STRUCTURE OF INFLUENZA B POLYMERASE WITH BOUND 5' CRNA EXHIBITS A NOVEL ...,other,,low
train,5GAP_U,214,Body region of the U4/U6.U5 tri-snRNP,Body region of the U4/U6.U5 tri-snRNP,other,,low
train,5GAP_V,67,Body region of the U4/U6.U5 tri-snRNP,Body region of the U4/U6.U5 tri-snRNP,other,,low
train,2N7X_A,23,Solution structure of microRNA 20b pre-element,Solution structure of microRNA 20b pre-element,nmr_solution_motif,\b(nmr|solution)\b,high
train,4Z7L_F,14,Crystal structure of Cas6b,Crystal structure of Cas6b,other,,low
train,5FJ1_H,24,Structure of the standard kink turn HmKt-7 as stem loop in P212121 space group,Structure of the standard kink turn HmKt-7 as stem loop in P212121 space group,loop_motif,\b(loop|hairpin|kink[-\s]?turn|sarcin[-\s]?ricin|tetraloop)\b,high
train,3JD5_A,955,Cryo-EM structure of the small subunit of the mammalian mitochondrial ribosome,Cryo-EM structure of the small subunit of the mammalian mitochondrial ribosome,ribosome_subunit,\bribosom(e|al|os)\b|\b(small|large)\s+subunit\b|\b(30|40|50|60|70|80)s\b|\b(...,high
train,2N6X_A,43,NMR Assignment and structure of CssA5 (middle region) of CssA thermometer from Neisseria meningitidis,NMR Assignment and structure of CssA5 (middle region) of CssA thermometer from N...,nmr_solution_motif,\b(nmr|solution)\b,high
train,2N6T_A,42,NMR Assignment and NMR Structure of CssA3 (top stem) of CssA thermometer,NMR Assignment and NMR Structure of CssA3 (top stem) of CssA thermometer,nmr_solution_motif,\b(nmr|solution)\b,high
train,2N6W_A,68,NMR Assignment and structure of CssA Thermometer from Neisseria meningitidis,NMR Assignment and structure of CssA Thermometer from Neisseria meningitidis,other,,low
train,2N6S_A,36,Structure of CssA4 (bottom stem) of CssA thermometer,Structure of CssA4 (bottom stem) of CssA thermometer,other,,low
train,2N3O_B,23,Structure of PTB RRM1(41-163) bound to an RNA stemloop containing a structured loop derived from viral internal ribosomal entry site RNA,Structure of PTB RRM1(41-163) bound to an RNA stemloop containing a structured l...,ribosome_subunit,\bribosom(e|al|os)\b|\b(small|large)\s+subunit\b|\b(30|40|50|60|70|80)s\b|\b(...,medium
train,2NBY_A,39,Solution structure of the J domain of EMCV IRES,Solution structure of the J domain of EMCV IRES,viral_rna,\bhiv\b|\bhcv\b|\bsars\b|\bires\b|\bframeshift\w*\b|\btar\s+rna\b|\bviral\s+r...,medium
train,2NC1_A,67,Solution structure of the delta-J-delta-K domain of EMCV IRES,Solution structure of the delta-J-delta-K domain of EMCV IRES,viral_rna,\bhiv\b|\bhcv\b|\bsars\b|\bires\b|\bframeshift\w*\b|\btar\s+rna\b|\bviral\s+r...,high
train,2NC0_A,28,Solution structure of the St domain of EMCV IRES,Solution structure of the St domain of EMCV IRES,viral_rna,\bhiv\b|\bhcv\b|\bsars\b|\bires\b|\bframeshift\w*\b|\btar\s+rna\b|\bviral\s+r...,medium
train,5KK5_B,45,AsCpf1(E993A)-crRNA-DNA ternary complex,AsCpf1(E993A)-crRNA-DNA ternary complex,other,,low
train,2NBZ_A,40,Solution structure of the K domain of EMCV IRES,Solution structure of the K domain of EMCV IRES,viral_rna,\bhiv\b|\bhcv\b|\bsars\b|\bires\b|\bframeshift\w*\b|\btar\s+rna\b|\bviral\s+r...,medium
train,2NBX_A,108,Solution structure of the J-K region of EMCV IRES,Solution structure of the J-K region of EMCV IRES,viral_rna,\bhiv\b|\bhcv\b|\bsars\b|\bires\b|\bframeshift\w*\b|\btar\s+rna\b|\bviral\s+r...,high
train,5KQE_A,36,Solution structure of P2a-J2a/b-P2b of medaka telomerase RNA,Solution structure of P2a-J2a/b-P2b of medaka telomerase RNA,nmr_solution_motif,\b(nmr|solution)\b,high
train,2NCI_A,28,RNA Bulge Loop that Specifically Binds Metal Ions,RNA Bulge Loop that Specifically Binds Metal Ions,loop_motif,\b(loop|hairpin|kink[-\s]?turn|sarcin[-\s]?ricin|tetraloop)\b,high
train,5KMZ_A,31,Solution NMR structure of Tetrahymena telomerase RNA pseudoknot,Solution NMR structure of Tetrahymena telomerase RNA pseudoknot,pseudoknot,\bpseudoknot(s)?\b,medium
train,5IEM_A,57,NMR structure of the 5'-terminal hairpin of the 7SK snRNA,NMR structure of the 5'-terminal hairpin of the 7SK snRNA,nmr_solution_motif,\b(nmr|solution)\b,medium
train,5MC6_BR,121,Cryo-EM structure of a native ribosome-Ski2-Ski3-Ski8 complex from S. cerevisiae,Cryo-EM structure of a native ribosome-Ski2-Ski3-Ski8 complex from S. cerevisiae,ribosome_subunit,\bribosom(e|al|os)\b|\b(small|large)\s+subunit\b|\b(30|40|50|60|70|80)s\b|\b(...,high
train,5MC6_BS,158,Cryo-EM structure of a native ribosome-Ski2-Ski3-Ski8 complex from S. cerevisiae,Cryo-EM structure of a native ribosome-Ski2-Ski3-Ski8 complex from S. cerevisiae,ribosome_subunit,\bribosom(e|al|os)\b|\b(small|large)\s+subunit\b|\b(30|40|50|60|70|80)s\b|\b(...,high
train,5MC6_m,76,Cryo-EM structure of a native ribosome-Ski2-Ski3-Ski8 complex from S. cerevisiae,Cryo-EM structure of a native ribosome-Ski2-Ski3-Ski8 complex from S. cerevisiae,ribosome_subunit,\bribosom(e|al|os)\b|\b(small|large)\s+subunit\b|\b(30|40|50|60|70|80)s\b|\b(...,high
train,5MC6_n,77,Cryo-EM structure of a native ribosome-Ski2-Ski3-Ski8 complex from S. cerevisiae,Cryo-EM structure of a native ribosome-Ski2-Ski3-Ski8 complex from S. cerevisiae,ribosome_subunit,\bribosom(e|al|os)\b|\b(small|large)\s+subunit\b|\b(30|40|50|60|70|80)s\b|\b(...,high
train,2RVO_A,34,Solution structure of a reverse transcriptase recognition site of a LINE RNA from zebrafish,Solution structure of a reverse transcriptase recognition site of a LINE RNA fro...,nmr_solution_motif,\b(nmr|solution)\b,high
train,5MS0_R,29,pseudo-atomic model of the RNA polymerase lambda-based antitermination complex solved by cryo-EM,pseudo-atomic model of the RNA polymerase lambda-based antitermination complex s...,other,,low
train,5UZT_A,31,Structure of wild type pre-miR21 apical loop,Structure of wild type pre-miR21 apical loop,loop_motif,\b(loop|hairpin|kink[-\s]?turn|sarcin[-\s]?ricin|tetraloop)\b,high
train,5UF3_A,23,Structure Effects of the Four-Adenine Loop of the Coliphage GA Replicase RNA Operator,Structure Effects of the Four-Adenine Loop of the Coliphage GA Replicase RNA Ope...,loop_motif,\b(loop|hairpin|kink[-\s]?turn|sarcin[-\s]?ricin|tetraloop)\b,high
train,5XBL_B,98,Structure of nuclease in complex with associated protein,Structure of nuclease in complex with associated protein,complex_with_protein,\bcomplex\b.*\b(protein|with)\b|\b(bound\s+to|in\s+complex\s+with)\b.*\bprote...,high
train,5WQ1_A,23,Solution Structure of the first stem-loop of Escherichia coli DsrA RNA,Solution Structure of the first stem-loop of Escherichia coli DsrA RNA,nmr_solution_motif,\b(nmr|solution)\b,medium
train,5V16_A,41,HnRNP A1 Alters the Conformation of a Conserved Enterovirus IRES Domain to Stimulate Viral Translation,HnRNP A1 Alters the Conformation of a Conserved Enterovirus IRES Domain to Stimu...,viral_rna,\bhiv\b|\bhcv\b|\bsars\b|\bires\b|\bframeshift\w*\b|\btar\s+rna\b|\bviral\s+r...,high
train,5V17_A,41,HnRNP A1 Alters the Conformation of a Conserved Enterovirus IRES Domain to Stimulate Viral Translation,HnRNP A1 Alters the Conformation of a Conserved Enterovirus IRES Domain to Stimu...,viral_rna,\bhiv\b|\bhcv\b|\bsars\b|\bires\b|\bframeshift\w*\b|\btar\s+rna\b|\bviral\s+r...,high
train,5KH8_A,47,Solution structures of the apo state fluoride riboswitch,Solution structures of the apo state fluoride riboswitch,riboswitch,\briboswitch(es)?\b|\baptamer\b|\b(sam|tpp|fmn|cobalamin|glycine|lysine|preq[...,medium
train,5OA3_1,75,Human 40S-eIF2D-re-initiation complex,Human 40S-eIF2D-re-initiation complex,ribosome_subunit,\bribosom(e|al|os)\b|\b(small|large)\s+subunit\b|\b(30|40|50|60|70|80)s\b|\b(...,high
train,5O7H_A,43,Structure of the Cascade-I-Fv complex from Shewanella putrefaciens,Structure of the Cascade-I-Fv complex from Shewanella putrefaciens,other,,low
train,5LSN_A,29,SINEB2 element of the long non-coding RNA activator of translation AS Uchl1,SINEB2 element of the long non-coding RNA activator of translation AS Uchl1,other,,low
train,5V93_B,115,Cryo-EM structure of the 70S ribosome from Mycobacterium tuberculosis bound with Capreomycin,Cryo-EM structure of the 70S ribosome from Mycobacterium tuberculosis bound with...,ribosome_subunit,\bribosom(e|al|os)\b|\b(small|large)\s+subunit\b|\b(30|40|50|60|70|80)s\b|\b(...,high
train,5V93_a,1519,Cryo-EM structure of the 70S ribosome from Mycobacterium tuberculosis bound with Capreomycin,Cryo-EM structure of the 70S ribosome from Mycobacterium tuberculosis bound with...,ribosome_subunit,\bribosom(e|al|os)\b|\b(small|large)\s+subunit\b|\b(30|40|50|60|70|80)s\b|\b(...,high
train,5V6X_C,72,Crystal structure of the tRNA binding domain of Pyrrolysyl-tRNA synthetase mutant (32A NTD) bound to tRNA(Pyl),Crystal structure of the tRNA binding domain of Pyrrolysyl-tRNA synthetase mutan...,tRNA,\btrna\b|\btransfer\s+rna\b,high
train,5V6X_D,72,Crystal structure of the tRNA binding domain of Pyrrolysyl-tRNA synthetase mutant (32A NTD) bound to tRNA(Pyl),Crystal structure of the tRNA binding domain of Pyrrolysyl-tRNA synthetase mutan...,tRNA,\btrna\b|\btransfer\s+rna\b,high
train,6AWD_A,1539,Structure of 30S (S1 depleted) ribosomal subunit and RNA polymerase complex,Structure of 30S (S1 depleted) ribosomal subunit and RNA polymerase complex,ribosome_subunit,\bribosom(e|al|os)\b|\b(small|large)\s+subunit\b|\b(30|40|50|60|70|80)s\b|\b(...,high
train,6AWC_A,1443,Structure of 30S ribosomal subunit and RNA polymerase complex in rotated state,Structure of 30S ribosomal subunit and RNA polymerase complex in rotated state,ribosome_subunit,\bribosom(e|al|os)\b|\b(small|large)\s+subunit\b|\b(30|40|50|60|70|80)s\b|\b(...,high
train,5XJ2_G,10,Structure of spRlmCD with U747 RNA,Structure of spRlmCD with U747 RNA,other,,low
train,5Y36_B,99,Cryo-EM structure of SpCas9-sgRNA-DNA ternary complex,Cryo-EM structure of SpCas9-sgRNA-DNA ternary complex,other,,low
train,6EVJ_V,16,Crystal structure of bat influenza A/H17N10 polymerase with viral RNA promoter and capped RNA primer,Crystal structure of bat influenza A/H17N10 polymerase with viral RNA promoter a...,viral_rna,\bhiv\b|\bhcv\b|\bsars\b|\bires\b|\bframeshift\w*\b|\btar\s+rna\b|\bviral\s+r...,high
train,6C4H_x,12,Conformation of methylated GGQ in the peptidyl transferase center during translation termination (PTC region),Conformation of methylated GGQ in the peptidyl transferase center during transla...,other,,low
train,5N5C_A,19,NMR solution structure of the TSL2 RNA hairpin,NMR solution structure of the TSL2 RNA hairpin,nmr_solution_motif,\b(nmr|solution)\b,medium
train,6FLQ_R,21,CryoEM structure of E.coli RNA polymerase paused elongation complex bound to NusA,CryoEM structure of E.coli RNA polymerase paused elongation complex bound to Nus...,other,,low
train,6FT6_2,162,Structure of the Nop53 pre-60S particle bound to the exosome nuclear cofactors,Structure of the Nop53 pre-60S particle bound to the exosome nuclear cofactors,ribosome_subunit,\bribosom(e|al|os)\b|\b(small|large)\s+subunit\b|\b(30|40|50|60|70|80)s\b|\b(...,high
train,5Z3G_B,158,Cryo-EM structure of a nucleolar pre-60S ribosome (Rpf1-TAP),Cryo-EM structure of a nucleolar pre-60S ribosome (Rpf1-TAP),ribosome_subunit,\bribosom(e|al|os)\b|\b(small|large)\s+subunit\b|\b(30|40|50|60|70|80)s\b|\b(...,high
train,5ZAL_C,73,Cryo-EM structure of human Dicer and its complexes with a pre-miRNA substrate,Cryo-EM structure of human Dicer and its complexes with a pre-miRNA substrate,other,,low
train,5ZAM_C,44,Cryo-EM structure of human Dicer and its complexes with a pre-miRNA substrate,Cryo-EM structure of human Dicer and its complexes with a pre-miRNA substrate,other,,low
train,6C66_J,61,"CRISPR RNA-guided surveillance complex, pre-nicking","CRISPR RNA-guided surveillance complex, pre-nicking",other,,low
train,5ZEY_B,77,M. smegmatis Trans-translation state 70S ribosome,M. smegmatis Trans-translation state 70S ribosome,ribosome_subunit,\bribosom(e|al|os)\b|\b(small|large)\s+subunit\b|\b(30|40|50|60|70|80)s\b|\b(...,high
train,6DU5_B,27,Crystal structure of hMettl16 catalytic domain in complex with MAT2A 3'UTR hairpin 6,Crystal structure of hMettl16 catalytic domain in complex with MAT2A 3'UTR hairp...,loop_motif,\b(loop|hairpin|kink[-\s]?turn|sarcin[-\s]?ricin|tetraloop)\b,medium
train,6AH3_T,80,Cryo-EM structure of yeast Ribonuclease P with pre-tRNA substrate,Cryo-EM structure of yeast Ribonuclease P with pre-tRNA substrate,tRNA,\btrna\b|\btransfer\s+rna\b,high
train,6AGB_A,369,Cryo-EM structure of yeast Ribonuclease P,Cryo-EM structure of yeast Ribonuclease P,ribozyme,v2_rnasep,low
train,6MCE_A,30,Solution structure of HIV-1 TAR with Tat RNA Binding Domain,Solution structure of HIV-1 TAR with Tat RNA Binding Domain,viral_rna,\bhiv\b|\bhcv\b|\bsars\b|\bires\b|\bframeshift\w*\b|\btar\s+rna\b|\bviral\s+r...,medium
train,6BZ7_QW,77,Thermus thermophilus 70S containing 16S G299A point mutation and near-cognate ASL Leucine in A site.,Thermus thermophilus 70S containing 16S G299A point mutation and near-cognate AS...,ribosome_subunit,\bribosom(e|al|os)\b|\b(small|large)\s+subunit\b|\b(30|40|50|60|70|80)s\b|\b(...,high
train,6BZ8_XY,17,Thermus thermophilus 70S containing 16S G347U point mutation and near-cognate ASL Leucine in A site,Thermus thermophilus 70S containing 16S G347U point mutation and near-cognate AS...,ribosome_subunit,\bribosom(e|al|os)\b|\b(small|large)\s+subunit\b|\b(30|40|50|60|70|80)s\b|\b(...,high
train,6BZ7_XY,17,Thermus thermophilus 70S containing 16S G299A point mutation and near-cognate ASL Leucine in A site.,Thermus thermophilus 70S containing 16S G299A point mutation and near-cognate AS...,ribosome_subunit,\bribosom(e|al|os)\b|\b(small|large)\s+subunit\b|\b(30|40|50|60|70|80)s\b|\b(...,high
train,6AHU_A,341,Cryo-EM structure of human Ribonuclease P with mature tRNA,Cryo-EM structure of human Ribonuclease P with mature tRNA,tRNA,\btrna\b|\btransfer\s+rna\b,high
train,6AHU_T,72,Cryo-EM structure of human Ribonuclease P with mature tRNA,Cryo-EM structure of human Ribonuclease P with mature tRNA,tRNA,\btrna\b|\btransfer\s+rna\b,high
train,6CYT_N,20,HIV-1 TAR loop in complex with Tat:AFF4:P-TEFb,HIV-1 TAR loop in complex with Tat:AFF4:P-TEFb,viral_rna,\bhiv\b|\bhcv\b|\bsars\b|\bires\b|\bframeshift\w*\b|\btar\s+rna\b|\bviral\s+r...,medium
train,6MJ0_B,104,Crystal structure of the complete turnip yellow mosaic virus 3'UTR,Crystal structure of the complete turnip yellow mosaic virus 3'UTR,other,,low
train,6IFO_D,99,Crystal structure of AcrIIA2-SpyCas9-sgRNA ternary complex,Crystal structure of AcrIIA2-SpyCas9-sgRNA ternary complex,other,,low
train,6FHI_V,16,Crystal structure of bat influenza A/H17N10 polymerase with viral RNA promoter bound to a 19-mer serine 5 phosphorylated Pol II CTD peptide with a truncated linker.,Crystal structure of bat influenza A/H17N10 polymerase with viral RNA promoter b...,viral_rna,\bhiv\b|\bhcv\b|\bsars\b|\bires\b|\bframeshift\w*\b|\btar\s+rna\b|\bviral\s+r...,high
train,6GBM_A,23,Solution structure of FUS-RRM bound to stem-loop RNA,Solution structure of FUS-RRM bound to stem-loop RNA,nmr_solution_motif,\b(nmr|solution)\b,medium
train,6NDK_XY,18,Structure of ASLSufA6 A37.5 bound to the 70S A site,Structure of ASLSufA6 A37.5 bound to the 70S A site,ribosome_subunit,\bribosom(e|al|os)\b|\b(small|large)\s+subunit\b|\b(30|40|50|60|70|80)s\b|\b(...,high
train,6AEB_E,100,Crystal structure of xCas9 in complex with sgRNA and target DNA (AAG PAM),Crystal structure of xCas9 in complex with sgRNA and target DNA (AAG PAM),complex_with_protein,\bcomplex\b.*\b(protein|with)\b|\b(bound\s+to|in\s+complex\s+with)\b.*\bprote...,high
train,6IV6_G,59,Cryo-EM structure of AcrVA5-acetylated MbCas12a in complex with crRNA,Cryo-EM structure of AcrVA5-acetylated MbCas12a in complex with crRNA,complex_with_protein,\bcomplex\b.*\b(protein|with)\b|\b(bound\s+to|in\s+complex\s+with)\b.*\bprote...,high
train,6QX9_1,164,Structure of a human fully-assembled precatalytic spliceosome (pre-B complex).,Structure of a human fully-assembled precatalytic spliceosome (pre-B complex).,ribozyme,\bribozyme(s)?\b|\bhammerhead\b|\bhairpin\s+ribozyme\b|\bhdv\b|\bgroup\s+i+\b...,high
train,6QW6_5,117,Structure of the human U5.U4/U6 tri-snRNP at 2.9A resolution.,Structure of the human U5.U4/U6 tri-snRNP at 2.9A resolution.,other,,low
train,6HYK_A,31,NMR solution structure of the C/D box snoRNA U14,NMR solution structure of the C/D box snoRNA U14,nmr_solution_motif,\b(nmr|solution)\b,high
train,6DTI_X,17,Structure of the Thermus thermophilus 30S ribosomal subunit complexed with an unmodifed anticodon stem loop (ASL) of Escherichia coli transfer RNA Arginine 2 (TRNAARG2) bound to an mRNA with an CGU-codon in the A-site and paromomycin,Structure of the Thermus thermophilus 30S ribosomal subunit complexed with an un...,ribosome_subunit,\bribosom(e|al|os)\b|\b(small|large)\s+subunit\b|\b(30|40|50|60|70|80)s\b|\b(...,medium
train,6AAX_D,28,Crystal structure of TFB1M and h45 with SAM in homo sapiens,Crystal structure of TFB1M and h45 with SAM in homo sapiens,other,,low
train,6NM9_G,40,CryoEM structure of the LbCas12a-crRNA-AcrVA4 dimer,CryoEM structure of the LbCas12a-crRNA-AcrVA4 dimer,other,,low
train,6K0B_U,83,cryo-EM structure of archaeal Ribonuclease P with mature tRNA,cryo-EM structure of archaeal Ribonuclease P with mature tRNA,tRNA,\btrna\b|\btransfer\s+rna\b,high
train,6K0A_X,258,cryo-EM structure of an archaeal Ribonuclease P,cryo-EM structure of an archaeal Ribonuclease P,ribozyme,v2_rnasep,low
train,6O0Z_B,102,Conformational states of Cas9-sgRNA-DNA ternary complex in the presence of magnesium,Conformational states of Cas9-sgRNA-DNA ternary complex in the presence of magne...,other,,low
train,6O0Y_B,102,Conformational states of Cas9-sgRNA-DNA ternary complex in the presence of magnesium,Conformational states of Cas9-sgRNA-DNA ternary complex in the presence of magne...,other,,low
train,6S0X_B,115,Erythromycin Resistant Staphylococcus aureus 70S ribosome (delta R88 A89 uL22) in complex with erythromycin.,Erythromycin Resistant Staphylococcus aureus 70S ribosome (delta R88 A89 uL22) i...,ribosome_subunit,\bribosom(e|al|os)\b|\b(small|large)\s+subunit\b|\b(30|40|50|60|70|80)s\b|\b(...,medium
train,6S0Z_B,114,Erythromycin Resistant Staphylococcus aureus 50S ribosome (delta R88 A89 uL22) in complex with erythromycin.,Erythromycin Resistant Staphylococcus aureus 50S ribosome (delta R88 A89 uL22) i...,ribosome_subunit,\bribosom(e|al|os)\b|\b(small|large)\s+subunit\b|\b(30|40|50|60|70|80)s\b|\b(...,medium
train,6S0X_a,1539,Erythromycin Resistant Staphylococcus aureus 70S ribosome (delta R88 A89 uL22) in complex with erythromycin.,Erythromycin Resistant Staphylococcus aureus 70S ribosome (delta R88 A89 uL22) i...,ribosome_subunit,\bribosom(e|al|os)\b|\b(small|large)\s+subunit\b|\b(30|40|50|60|70|80)s\b|\b(...,medium
train,6HYU_D,6,Crystal structure of DHX8 helicase bound to single stranded poly-adenine RNA,Crystal structure of DHX8 helicase bound to single stranded poly-adenine RNA,other,,low
train,6QWL_W,14,Influenza B virus (B/Panama/45) polymerase Hetermotrimer in complex with 3'5' cRNA promoter,Influenza B virus (B/Panama/45) polymerase Hetermotrimer in complex with 3'5' cR...,complex_with_protein,\bcomplex\b.*\b(protein|with)\b|\b(bound\s+to|in\s+complex\s+with)\b.*\bprote...,high
train,6RR7_D,15,Influenza A virus (A/NT/60/1968) polymerase Heterotrimer bound to 3'5' vRNA promoter and capped RNA primer,Influenza A virus (A/NT/60/1968) polymerase Heterotrimer bound to 3'5' vRNA prom...,other,,low
train,6QX3_D,15,Influenza A virus (A/NT/60/1968) polymerase Hetermotrimer in complex with 3'5' cRNA promoter and Nb8205,Influenza A virus (A/NT/60/1968) polymerase Hetermotrimer in complex with 3'5' c...,complex_with_protein,\bcomplex\b.*\b(protein|with)\b|\b(bound\s+to|in\s+complex\s+with)\b.*\bprote...,high
train,6N7R_R,568,Saccharomyces cerevisiae spliceosomal E complex (ACT1),Saccharomyces cerevisiae spliceosomal E complex (ACT1),ribozyme,\bribozyme(s)?\b|\bhammerhead\b|\bhairpin\s+ribozyme\b|\bhdv\b|\bgroup\s+i+\b...,high
train,6K4S_A,83,Crystal structure of xCas9 in complex with sgRNA and DNA (TGC PAM),Crystal structure of xCas9 in complex with sgRNA and DNA (TGC PAM),complex_with_protein,\bcomplex\b.*\b(protein|with)\b|\b(bound\s+to|in\s+complex\s+with)\b.*\bprote...,high
train,6K3Z_A,83,Crystal structure of dCas9 in complex with sgRNA and DNA (TGA PAM),Crystal structure of dCas9 in complex with sgRNA and DNA (TGA PAM),complex_with_protein,\bcomplex\b.*\b(protein|with)\b|\b(bound\s+to|in\s+complex\s+with)\b.*\bprote...,high
train,6KUT_V,15,Structure of influenza D virus polymerase bound to vRNA promoter in Mode B conformation (Class B2),Structure of influenza D virus polymerase bound to vRNA promoter in Mode B confo...,other,,low
train,6KUV_V,15,Structure of influenza D virus polymerase bound to cRNA promoter in class 2,Structure of influenza D virus polymerase bound to cRNA promoter in class 2,other,,low
train,6POM_B,75,Cryo-EM structure of the full-length Bacillus subtilis glyQS T-box riboswitch in complex with tRNA-Gly,Cryo-EM structure of the full-length Bacillus subtilis glyQS T-box riboswitch in...,riboswitch,\briboswitch(es)?\b|\baptamer\b|\b(sam|tpp|fmn|cobalamin|glycine|lysine|preq[...,medium
train,6UFM_A,77,Cocrystal Structure of the Nocardia farcinica ileS T-box riboswitch in complex with its cognate tRNA,Cocrystal Structure of the Nocardia farcinica ileS T-box riboswitch in complex w...,riboswitch,\briboswitch(es)?\b|\baptamer\b|\b(sam|tpp|fmn|cobalamin|glycine|lysine|preq[...,medium
train,6RFL_U,72,Structure of the complete Vaccinia DNA-dependent RNA polymerase complex,Structure of the complete Vaccinia DNA-dependent RNA polymerase complex,other,,low
train,6UES_A,119,Apo SAM-IV Riboswitch,Apo SAM-IV Riboswitch,riboswitch,\briboswitch(es)?\b|\baptamer\b|\b(sam|tpp|fmn|cobalamin|glycine|lysine|preq[...,high
train,6SDW_B,34,Solution structure of Staufen1 dsRBD3+4 - hARF1 SBS dsRNA complex.,Solution structure of Staufen1 dsRBD3+4 - hARF1 SBS dsRNA complex.,nmr_solution_motif,\b(nmr|solution)\b,high
train,6SY6_D,39,TetR in complex with the TetR-binding RNA-aptamer K2,TetR in complex with the TetR-binding RNA-aptamer K2,riboswitch,\briboswitch(es)?\b|\baptamer\b|\b(sam|tpp|fmn|cobalamin|glycine|lysine|preq[...,medium
train,6V5B_D,105,Human Drosha and DGCR8 in complex with Primary MicroRNA (MP/RNA complex) - Active state,Human Drosha and DGCR8 in complex with Primary MicroRNA (MP/RNA complex) - Activ...,complex_with_protein,\bcomplex\b.*\b(protein|with)\b|\b(bound\s+to|in\s+complex\s+with)\b.*\bprote...,high
train,6MXQ_A,49,Solution structure of a c-JUN 5' UTR stem-loop associated with specialized cap-dependent translation initiation,Solution structure of a c-JUN 5' UTR stem-loop associated with specialized cap-d...,nmr_solution_motif,\b(nmr|solution)\b,medium
train,6WPI_C,47,Crystal structure of Nop9 in complex with ITS1 RNA,Crystal structure of Nop9 in complex with ITS1 RNA,complex_with_protein,\bcomplex\b.*\b(protein|with)\b|\b(bound\s+to|in\s+complex\s+with)\b.*\bprote...,high
train,6XWW_A,19,Constitutive decay element CDE1 from human 3'UTR,Constitutive decay element CDE1 from human 3'UTR,other,,low
train,6XWJ_A,21,Constitutive decay element CDE2 from human 3'UTR,Constitutive decay element CDE2 from human 3'UTR,other,,low
train,6ORD_QY,76,Crystal structure of tRNA^ Ala(GGC) U32-A38 bound to cognate 70S A site,Crystal structure of tRNA^ Ala(GGC) U32-A38 bound to cognate 70S A site,ribosome_subunit,\bribosom(e|al|os)\b|\b(small|large)\s+subunit\b|\b(30|40|50|60|70|80)s\b|\b(...,medium
train,6WB1_C,103,+3 extended HIV-1 reverse transcriptase initiation complex core (intermediate state),+3 extended HIV-1 reverse transcriptase initiation complex core (intermediate st...,viral_rna,\bhiv\b|\bhcv\b|\bsars\b|\bires\b|\bframeshift\w*\b|\btar\s+rna\b|\bviral\s+r...,high
train,6OJ2_QW,76,Crystal structure of tRNA^ Ala(GGC) bound to the near-cognate 70S A-site,Crystal structure of tRNA^ Ala(GGC) bound to the near-cognate 70S A-site,ribosome_subunit,\bribosom(e|al|os)\b|\b(small|large)\s+subunit\b|\b(30|40|50|60|70|80)s\b|\b(...,medium
train,6WB0_C,35,+3 extended HIV-1 reverse transcriptase initiation complex core (pre-translocation state),+3 extended HIV-1 reverse transcriptase initiation complex core (pre-translocati...,viral_rna,\bhiv\b|\bhcv\b|\bsars\b|\bires\b|\bframeshift\w*\b|\btar\s+rna\b|\bviral\s+r...,high
train,6OF6_XW,76,Crystal structure of tRNA^ Ala(GGC) bound to cognate 70S A-site,Crystal structure of tRNA^ Ala(GGC) bound to cognate 70S A-site,ribosome_subunit,\bribosom(e|al|os)\b|\b(small|large)\s+subunit\b|\b(30|40|50|60|70|80)s\b|\b(...,medium
train,6OPE_XY,76,Crystal structure of tRNA^ Ala(GGC) U32-A38 bound to near-cognate 70S A site,Crystal structure of tRNA^ Ala(GGC) U32-A38 bound to near-cognate 70S A site,ribosome_subunit,\bribosom(e|al|os)\b|\b(small|large)\s+subunit\b|\b(30|40|50|60|70|80)s\b|\b(...,medium
train,6OJ2_QY,76,Crystal structure of tRNA^ Ala(GGC) bound to the near-cognate 70S A-site,Crystal structure of tRNA^ Ala(GGC) bound to the near-cognate 70S A-site,ribosome_subunit,\bribosom(e|al|os)\b|\b(small|large)\s+subunit\b|\b(30|40|50|60|70|80)s\b|\b(...,medium
train,6PK9_A,20,Solution Structure of lncRNA (LINK-A) 20-nt Hexaloop Hairpin,Solution Structure of lncRNA (LINK-A) 20-nt Hexaloop Hairpin,nmr_solution_motif,\b(nmr|solution)\b,medium
train,6WLO_A,338,"hc16 ligase models, 11.0 Angstrom resolution","hc16 ligase models, 11.0 Angstrom resolution",other,,low
train,6WLT_A,231,"Apo V. cholerae glycine riboswitch models, 4.8 Angstrom resolution","Apo V. cholerae glycine riboswitch models, 4.8 Angstrom resolution",riboswitch,\briboswitch(es)?\b|\baptamer\b|\b(sam|tpp|fmn|cobalamin|glycine|lysine|preq[...,high
train,6WD2_1,2903,Cryo-EM of elongating ribosome with EF-Tu*GTP elucidates tRNA proofreading (Cognate Structure II-A),Cryo-EM of elongating ribosome with EF-Tu*GTP elucidates tRNA proofreading (Cogn...,ribosome_subunit,\bribosom(e|al|os)\b|\b(small|large)\s+subunit\b|\b(30|40|50|60|70|80)s\b|\b(...,medium
train,6WD9_2,120,Cryo-EM of elongating ribosome with EF-Tu*GTP elucidates tRNA proofreading (Cognate Structure III-B),Cryo-EM of elongating ribosome with EF-Tu*GTP elucidates tRNA proofreading (Cogn...,ribosome_subunit,\bribosom(e|al|os)\b|\b(small|large)\s+subunit\b|\b(30|40|50|60|70|80)s\b|\b(...,medium
train,6WLN_A,349,"hc16 ligase product models, 10.0 Angstrom resolution","hc16 ligase product models, 10.0 Angstrom resolution",other,,low
train,6WLS_A,388,"Tetrahymena ribozyme models, 6.8 Angstrom resolution","Tetrahymena ribozyme models, 6.8 Angstrom resolution",ribozyme,\bribozyme(s)?\b|\bhammerhead\b|\bhairpin\s+ribozyme\b|\bhdv\b|\bgroup\s+i+\b...,high
train,6WLM_A,171,"F. nucleatum glycine riboswitch with glycine models, 7.4 Angstrom resolution","F. nucleatum glycine riboswitch with glycine models, 7.4 Angstrom resolution",riboswitch,\briboswitch(es)?\b|\baptamer\b|\b(sam|tpp|fmn|cobalamin|glycine|lysine|preq[...,high
train,6WLK_A,130,"Apo ATP-TTR-3 models, 10.0 Angstrom resolution","Apo ATP-TTR-3 models, 10.0 Angstrom resolution",other,,low
train,6NOA_A,56,Solution Structure of the RNA element that recruits eIF3 to the 5'-UTR of c-Jun and regulates specialized translation initiation (apical loop),Solution Structure of the RNA element that recruits eIF3 to the 5'-UTR of c-Jun ...,nmr_solution_motif,\b(nmr|solution)\b,medium
train,6Z6B_UUU,10,Structure of full-length La Crosse virus L protein (polymerase),Structure of full-length La Crosse virus L protein (polymerase),other,,low
train,6XRZ_A,88,The 28-kDa Frameshift Stimulation Element from the SARS-CoV-2 RNA Genome,The 28-kDa Frameshift Stimulation Element from the SARS-CoV-2 RNA Genome,viral_rna,\bhiv\b|\bhcv\b|\bsars\b|\bires\b|\bframeshift\w*\b|\btar\s+rna\b|\bviral\s+r...,high
train,6U79_A,37,Solution NMR structure of 5' UTR stem loop B from West Nile Virus,Solution NMR structure of 5' UTR stem loop B from West Nile Virus,nmr_solution_motif,\b(nmr|solution)\b,medium
train,6VZC_A,28,Tandem UU:GA mismatch within an RNA helix,Tandem UU:GA mismatch within an RNA helix,other,,low
train,6W62_B,30,Cryo-EM structure of Cas12i-crRNA complex,Cryo-EM structure of Cas12i-crRNA complex,other,,low
train,6W64_B,38,Cryo-EM structure of Cas12i-crRNA-dsDNA complex in I1 state,Cryo-EM structure of Cas12i-crRNA-dsDNA complex in I1 state,other,,low
train,6W5C_B,59,Cryo-EM structure of Cas12i(E894A)-crRNA-dsDNA complex,Cryo-EM structure of Cas12i(E894A)-crRNA-dsDNA complex,other,,low
train,6W3M_A,41,Solution NMR Structure of 5'UTR Stem Loop B in DENV4 Flavivirus.,Solution NMR Structure of 5'UTR Stem Loop B in DENV4 Flavivirus.,nmr_solution_motif,\b(nmr|solution)\b,medium
train,6O3M_XV,77,Unmodified tRNA(Pro) bound to Thermus thermophilus 70S (cognate),Unmodified tRNA(Pro) bound to Thermus thermophilus 70S (cognate),ribosome_subunit,\bribosom(e|al|os)\b|\b(small|large)\s+subunit\b|\b(30|40|50|60|70|80)s\b|\b(...,medium
train,6OSI_RB,122,Unmodified tRNA(Pro) bound to Thermus thermophilus 70S (near cognate),Unmodified tRNA(Pro) bound to Thermus thermophilus 70S (near cognate),ribosome_subunit,\bribosom(e|al|os)\b|\b(small|large)\s+subunit\b|\b(30|40|50|60|70|80)s\b|\b(...,medium
train,7D1A_A,902,cryo-EM structure of a group II intron RNP complexed with its reverse transcriptase,cryo-EM structure of a group II intron RNP complexed with its reverse transcript...,ribozyme,\bribozyme(s)?\b|\bhammerhead\b|\bhairpin\s+ribozyme\b|\bhdv\b|\bgroup\s+i+\b...,high
train,6LTP_H,56,Crystal structure of Cas12i2 binary complex,Crystal structure of Cas12i2 binary complex,other,,low
train,6XZR_IN1,19,Influenza C virus polymerase in complex with chicken ANP32A - Subclass 1,Influenza C virus polymerase in complex with chicken ANP32A - Subclass 1,complex_with_protein,\bcomplex\b.*\b(protein|with)\b|\b(bound\s+to|in\s+complex\s+with)\b.*\bprote...,high
train,6Y0C_IN1,49,Influenza C virus polymerase in complex with human ANP32A - Subclass 2,Influenza C virus polymerase in complex with human ANP32A - Subclass 2,complex_with_protein,\bcomplex\b.*\b(protein|with)\b|\b(bound\s+to|in\s+complex\s+with)\b.*\bprote...,high
train,6XZD_IN1,20,Influenza C virus polymerase complex without chicken ANP32A - Subclass 2,Influenza C virus polymerase complex without chicken ANP32A - Subclass 2,other,,low
train,6ZVK_d2,120,The Halastavi arva virus (HalV) intergenic region IRES promotes translation by the simplest possible initiation mechanism,The Halastavi arva virus (HalV) intergenic region IRES promotes translation by t...,viral_rna,\bhiv\b|\bhcv\b|\bsars\b|\bires\b|\bframeshift\w*\b|\btar\s+rna\b|\bviral\s+r...,high
train,6ZVK_h2,156,The Halastavi arva virus (HalV) intergenic region IRES promotes translation by the simplest possible initiation mechanism,The Halastavi arva virus (HalV) intergenic region IRES promotes translation by t...,viral_rna,\bhiv\b|\bhcv\b|\bsars\b|\bires\b|\bframeshift\w*\b|\btar\s+rna\b|\bviral\s+r...,high
train,6ZVK_K3,1869,The Halastavi arva virus (HalV) intergenic region IRES promotes translation by the simplest possible initiation mechanism,The Halastavi arva virus (HalV) intergenic region IRES promotes translation by t...,viral_rna,\bhiv\b|\bhcv\b|\bsars\b|\bires\b|\bframeshift\w*\b|\btar\s+rna\b|\bviral\s+r...,high
train,6ZVK_E1,153,The Halastavi arva virus (HalV) intergenic region IRES promotes translation by the simplest possible initiation mechanism,The Halastavi arva virus (HalV) intergenic region IRES promotes translation by t...,viral_rna,\bhiv\b|\bhcv\b|\bsars\b|\bires\b|\bframeshift\w*\b|\btar\s+rna\b|\bviral\s+r...,high
train,6ZVK_e2,3920,The Halastavi arva virus (HalV) intergenic region IRES promotes translation by the simplest possible initiation mechanism,The Halastavi arva virus (HalV) intergenic region IRES promotes translation by t...,viral_rna,\bhiv\b|\bhcv\b|\bsars\b|\bires\b|\bframeshift\w*\b|\btar\s+rna\b|\bviral\s+r...,high
train,7A01_e2,3825,The Halastavi arva virus intergenic region IRES promotes translation by the simplest possible initiation mechanism,The Halastavi arva virus intergenic region IRES promotes translation by the simp...,viral_rna,\bhiv\b|\bhcv\b|\bsars\b|\bires\b|\bframeshift\w*\b|\btar\s+rna\b|\bviral\s+r...,high
train,7A01_K3,1801,The Halastavi arva virus intergenic region IRES promotes translation by the simplest possible initiation mechanism,The Halastavi arva virus intergenic region IRES promotes translation by the simp...,viral_rna,\bhiv\b|\bhcv\b|\bsars\b|\bires\b|\bframeshift\w*\b|\btar\s+rna\b|\bviral\s+r...,high
train,6VAR_A,61,61 nt human Hepatitis B virus epsilon pre-genomic RNA,61 nt human Hepatitis B virus epsilon pre-genomic RNA,other,,low
train,7B9V_5,214,Yeast C complex spliceosome at 2.8 Angstrom resolution with Prp18/Slu7 bound,Yeast C complex spliceosome at 2.8 Angstrom resolution with Prp18/Slu7 bound,ribozyme,\bribozyme(s)?\b|\bhammerhead\b|\bhairpin\s+ribozyme\b|\bhdv\b|\bgroup\s+i+\b...,medium
train,7B9V_2,196,Yeast C complex spliceosome at 2.8 Angstrom resolution with Prp18/Slu7 bound,Yeast C complex spliceosome at 2.8 Angstrom resolution with Prp18/Slu7 bound,ribozyme,\bribozyme(s)?\b|\bhammerhead\b|\bhairpin\s+ribozyme\b|\bhdv\b|\bgroup\s+i+\b...,medium
train,7LVA_A,103,Solution structure of the HIV-1 PBS-segment,Solution structure of the HIV-1 PBS-segment,viral_rna,\bhiv\b|\bhcv\b|\bsars\b|\bires\b|\bframeshift\w*\b|\btar\s+rna\b|\bviral\s+r...,high
train,7LJY_B,76,Cryo-EM structure of the B dENE construct complexed with a 28-mer poly(A),Cryo-EM structure of the B dENE construct complexed with a 28-mer poly(A),other,,low
train,6ZDU_C,65,Structure of telomerase from Candida albicans in complexe with TWJ fragment of telomeric RNA,Structure of telomerase from Candida albicans in complexe with TWJ fragment of t...,other,,low
train,7LMA_B,159,Tetrahymena telomerase T3D2 structure at 3.3 Angstrom,Tetrahymena telomerase T3D2 structure at 3.3 Angstrom,other,,low
train,7LYG_A,142,Zika virus RNA promoter stem-loop A with tRNA-scaffold,Zika virus RNA promoter stem-loop A with tRNA-scaffold,tRNA,\btrna\b|\btransfer\s+rna\b,medium
train,7LMB_B,159,Tetrahymena telomerase T5D5 structure at 3.8 Angstrom,Tetrahymena telomerase T5D5 structure at 3.8 Angstrom,other,,low
train,7D8C_B,44,Crystal structure of the Cas12i1-crRNA binary complex,Crystal structure of the Cas12i1-crRNA binary complex,other,,low
train,7DD4_A,36,Solution structure of an RNA derived from the joint region of the TAR and PolyA stems of HIV-1 genomic RNA,Solution structure of an RNA derived from the joint region of the TAR and PolyA ...,viral_rna,\bhiv\b|\bhcv\b|\bsars\b|\bires\b|\bframeshift\w*\b|\btar\s+rna\b|\bviral\s+r...,medium
train,7OBQ_1,249,SRP-SR at the distal site conformation,SRP-SR at the distal site conformation,other,,low
train,7M5O_B,45,Cryo-EM structure of CasPhi-2 (Cas12j) bound to crRNA,Cryo-EM structure of CasPhi-2 (Cas12j) bound to crRNA,other,,low
train,7LYT_B,45,Cryo-EM structure of CasPhi-2 (Cas12j) bound to crRNA and Phosphorothioate-DNA,Cryo-EM structure of CasPhi-2 (Cas12j) bound to crRNA and Phosphorothioate-DNA,other,,low
train,7LYS_B,45,Cryo-EM structure of CasPhi-2 (Cas12j) bound to crRNA and DNA,Cryo-EM structure of CasPhi-2 (Cas12j) bound to crRNA and DNA,other,,low
train,7NQ4_C,20,"Human tRNA guanine transglycosylase (TGT), RNA-bound covalent intermediate","Human tRNA guanine transglycosylase (TGT), RNA-bound covalent intermediate",tRNA,\btrna\b|\btransfer\s+rna\b,high
train,7ELE_G,89,Cryo-EM structure of Arabidopsis DCL1 in complex with pre-miRNA 166f,Cryo-EM structure of Arabidopsis DCL1 in complex with pre-miRNA 166f,complex_with_protein,\bcomplex\b.*\b(protein|with)\b|\b(bound\s+to|in\s+complex\s+with)\b.*\bprote...,high
train,7JRT_B,134,Crystal structures of artificially designed homomeric RNA nanoarchitectures,Crystal structures of artificially designed homomeric RNA nanoarchitectures,synthetic_designed,\b(designed|engineered|synthetic|chimer\w*)\b,high
train,7JRS_B,129,Crystal structures of artificially designed homomeric RNA nanoarchitectures,Crystal structures of artificially designed homomeric RNA nanoarchitectures,synthetic_designed,\b(designed|engineered|synthetic|chimer\w*)\b,high
train,7K4L_A,36,DENV1 SLA bottom stem RNA (DenvBS),DENV1 SLA bottom stem RNA (DenvBS),other,,low
train,7DLZ_Y,45,Crystal Structure of Methyltransferase Ribozyme,Crystal Structure of Methyltransferase Ribozyme,ribozyme,\bribozyme(s)?\b|\bhammerhead\b|\bhairpin\s+ribozyme\b|\bhdv\b|\bgroup\s+i+\b...,high
train,6WW6_E,54,Crystal structure of EutV bound to RNA,Crystal structure of EutV bound to RNA,other,,low
train,6WW6_F,54,Crystal structure of EutV bound to RNA,Crystal structure of EutV bound to RNA,other,,low
train,6WW6_C,54,Crystal structure of EutV bound to RNA,Crystal structure of EutV bound to RNA,other,,low
train,7NK4_D,15,1918 H1N1 Viral influenza polymerase heterotrimer with Nb8203 core,1918 H1N1 Viral influenza polymerase heterotrimer with Nb8203 core,other,,low
train,7SAM_A,171,tRNA-like Structure from Brome Mosaic Virus,tRNA-like Structure from Brome Mosaic Virus,tRNA,\btrna\b|\btransfer\s+rna\b,high
train,7M57_cc,16,Crystallographic structure of a primitive orthorhombic crystal form of STMV,Crystallographic structure of a primitive orthorhombic crystal form of STMV,other,,low
train,7M57_ii,27,Crystallographic structure of a primitive orthorhombic crystal form of STMV,Crystallographic structure of a primitive orthorhombic crystal form of STMV,other,,low
train,7M2T_ss,27,Crystallographic Structure of the Monoclinic Form of Satellite Tobacco Mosaic Virus,Crystallographic Structure of the Monoclinic Form of Satellite Tobacco Mosaic Vi...,other,,low
train,7RQ5_A,19,Hairpin near 3'-Splice Site of Influenza A Segment 7 Bound to 5-nt Oligonucleotide,Hairpin near 3'-Splice Site of Influenza A Segment 7 Bound to 5-nt Oligonucleoti...,loop_motif,\b(loop|hairpin|kink[-\s]?turn|sarcin[-\s]?ricin|tetraloop)\b,high
train,7LHD_A,4217,The complete model of phage Qbeta virion,The complete model of phage Qbeta virion,other,,low
train,7RYG_B,115,A. baumannii Ribosome-TP-6076 complex: E-site tRNA 70S,A. baumannii Ribosome-TP-6076 complex: E-site tRNA 70S,ribosome_subunit,\bribosom(e|al|os)\b|\b(small|large)\s+subunit\b|\b(30|40|50|60|70|80)s\b|\b(...,medium
train,7ORJ_H,17,La Crosse virus polymerase at transcription capped RNA cleavage stage,La Crosse virus polymerase at transcription capped RNA cleavage stage,other,,low
train,7ORM_H,17,La Crosse virus polymerase at transcription early-elongation stage,La Crosse virus polymerase at transcription early-elongation stage,other,,low
train,7ORI_H,17,La Crosse virus polymerase at replication late-elongation stage,La Crosse virus polymerase at replication late-elongation stage,other,,low
train,7EXY_A,16,T-hairpin structure found in the RNA element involved in the piRNA biogenesis,T-hairpin structure found in the RNA element involved in the piRNA biogenesis,loop_motif,\b(loop|hairpin|kink[-\s]?turn|sarcin[-\s]?ricin|tetraloop)\b,high
train,7S4V_B,98,"Cas9 bound to 12-14MM DNA, 60 min time-point, kinked conformation","Cas9 bound to 12-14MM DNA, 60 min time-point, kinked conformation",other,,low
train,7S4U_B,97,"Cryo-EM structure of Cas9 in complex with 12-14MM DNA substrate, 5 minute time-point","Cryo-EM structure of Cas9 in complex with 12-14MM DNA substrate, 5 minute time-p...",complex_with_protein,\bcomplex\b.*\b(protein|with)\b|\b(bound\s+to|in\s+complex\s+with)\b.*\bprote...,high
train,7WB1_D,121,PlmCasX-sgRNAv2-dsDNA ternary complex at nts loading state,PlmCasX-sgRNAv2-dsDNA ternary complex at nts loading state,other,,low
train,7SLP_R,81,Cryo-EM structure of 7SK core RNP with linear RNA,Cryo-EM structure of 7SK core RNP with linear RNA,other,,low
train,7UGA_A,43,Solution structure of NPSL2,Solution structure of NPSL2,nmr_solution_motif,\b(nmr|solution)\b,high
train,7S36_R,102,"Cas9:sgRNA:DNA (S. pyogenes) with 0 RNA:DNA base pairs, closed-protein/bent-DNA conformation","Cas9:sgRNA:DNA (S. pyogenes) with 0 RNA:DNA base pairs, closed-protein/bent-DNA ...",other,,low
train,7S38_R,102,Cas9:sgRNA:DNA (S. pyogenes) forming a 3-base-pair R-loop,Cas9:sgRNA:DNA (S. pyogenes) forming a 3-base-pair R-loop,loop_motif,\b(loop|hairpin|kink[-\s]?turn|sarcin[-\s]?ricin|tetraloop)\b,high
train,7S3H_R,102,"Cas9:sgRNA:DNA (S. pyogenes) with 0 RNA:DNA base pairs, open-protein/linear-DNA conformation","Cas9:sgRNA:DNA (S. pyogenes) with 0 RNA:DNA base pairs, open-protein/linear-DNA ...",other,,low
train,7KUB_A,60,Au1 Domain of VEGF Readthrough Element,Au1 Domain of VEGF Readthrough Element,other,,low
train,7KUD_A,13,Ax2 Domain of VEGF Readthrough Element,Ax2 Domain of VEGF Readthrough Element,other,,low
train,7KUC_A,16,Ax1 Domain of VEGF Readthrough Element,Ax1 Domain of VEGF Readthrough Element,other,,low
train,7X34_3,130,Cryo-EM structure of RNC-RAC complex in presence of Ssb from S. cerevisiae 2,Cryo-EM structure of RNC-RAC complex in presence of Ssb from S. cerevisiae 2,other,,low
train,7V06_A,43,Encoded Conformational Dynamics of the HIV Splice Site A3 Regulatory Locus: Implications for differential binding of hnRNP Splicing Auxiliary Factors,Encoded Conformational Dynamics of the HIV Splice Site A3 Regulatory Locus: Impl...,viral_rna,\bhiv\b|\bhcv\b|\bsars\b|\bires\b|\bframeshift\w*\b|\btar\s+rna\b|\bviral\s+r...,high
train,7UMC_A,70,DENV1 SLA RNA (DenvSLATL),DENV1 SLA RNA (DenvSLATL),other,,low
train,7UMD_A,40,DENV1 SLA three-way junction RNA (DenvSLAsh),DENV1 SLA three-way junction RNA (DenvSLAsh),other,,low
train,7UME_A,28,DENV1 SLA top stemloop RNA (DenvTSL),DENV1 SLA top stemloop RNA (DenvTSL),other,,low
train,7XSN_N,388,Native Tetrahymena ribozyme conformation,Native Tetrahymena ribozyme conformation,ribozyme,\bribozyme(s)?\b|\bhammerhead\b|\bhairpin\s+ribozyme\b|\bhdv\b|\bgroup\s+i+\b...,high
train,7URM_v,90,allo-tRNAUTu1A in the P site of the E. coli ribosome,allo-tRNAUTu1A in the P site of the E. coli ribosome,ribosome_subunit,\bribosom(e|al|os)\b|\b(small|large)\s+subunit\b|\b(30|40|50|60|70|80)s\b|\b(...,high
train,7UR5_y,90,"allo-tRNAUTu1 in the A, P, and E sites of the E. coli ribosome","allo-tRNAUTu1 in the A, P, and E sites of the E. coli ribosome",ribosome_subunit,\bribosom(e|al|os)\b|\b(small|large)\s+subunit\b|\b(30|40|50|60|70|80)s\b|\b(...,high
train,7V59_C,115,Cryo-EM structure of spyCas9-sgRNA-DNA dimer,Cryo-EM structure of spyCas9-sgRNA-DNA dimer,other,,low
train,7UVT_A,387,Kinetically trapped misfolded state of the Tetrahymena ribozyme,Kinetically trapped misfolded state of the Tetrahymena ribozyme,ribozyme,\bribozyme(s)?\b|\bhammerhead\b|\bhairpin\s+ribozyme\b|\bhdv\b|\bgroup\s+i+\b...,high
train,7VTN_B,61,Cryo-EM structure of the Cas13bt3-crRNA-target RNA ternary complex,Cryo-EM structure of the Cas13bt3-crRNA-target RNA ternary complex,other,,low
train,7U2A_C,38,Cryo-electron microscopy structure of human mt-SerRS in complex with mt-tRNA (GCU),Cryo-electron microscopy structure of human mt-SerRS in complex with mt-tRNA (GC...,tRNA,\btrna\b|\btransfer\s+rna\b,medium
train,7UO0_C,82,E.coli RNaseP Holoenzyme with Mg2+,E.coli RNaseP Holoenzyme with Mg2+,ribozyme,\bribozyme(s)?\b|\bhammerhead\b|\bhairpin\s+ribozyme\b|\bhdv\b|\bgroup\s+i+\b...,high
train,7UO1_C,82,E.coli RNaseP Holoenzyme with Mg2+,E.coli RNaseP Holoenzyme with Mg2+,ribozyme,\bribozyme(s)?\b|\bhammerhead\b|\bhairpin\s+ribozyme\b|\bhdv\b|\bgroup\s+i+\b...,high
train,7PTL_B,720,Mature conformer of a 6-helix bundle of RNA with clasp,Mature conformer of a 6-helix bundle of RNA with clasp,other,,low
train,7PTQ_C,544,RNA origami 5-helix tile,RNA origami 5-helix tile,other,,low
train,7PTS_A,558,RNA origami 5-helix tile,RNA origami 5-helix tile,other,,low
train,7OZS_3,119,Structure of the hexameric 5S RNP from C. thermophilum,Structure of the hexameric 5S RNP from C. thermophilum,other,,low
train,7SHX_A,94,"A functional SNP regulates E-cadherin expression by dynamically remodeling the 3D structure of a promoter-associated non-coding RNA transcript, NMR, minimized average structure",A functional SNP regulates E-cadherin expression by dynamically remodeling the 3...,other,,low
train,7QGG_v,76,Neuronal RNA granules are ribosome complexes stalled at the pre-translocation state,Neuronal RNA granules are ribosome complexes stalled at the pre-translocation st...,ribosome_subunit,\bribosom(e|al|os)\b|\b(small|large)\s+subunit\b|\b(30|40|50|60|70|80)s\b|\b(...,high
train,7RGU_H,28,The crystal structure of RocC bound to a transcriptional terminator,The crystal structure of RocC bound to a transcriptional terminator,other,,low
train,8AW3_1,75,Cryo-EM structure of the Tb ADAT2/3 deaminase in complex with tRNA,Cryo-EM structure of the Tb ADAT2/3 deaminase in complex with tRNA,tRNA,\btrna\b|\btransfer\s+rna\b,medium
train,8DVS_B,26,Cryo-EM structure of RIG-I bound to the end of OHSLR30 (+ATP),Cryo-EM structure of RIG-I bound to the end of OHSLR30 (+ATP),other,,low
train,8DK7_C,34,Crystal structure of theophylline aptamer soaked with TAL2,Crystal structure of theophylline aptamer soaked with TAL2,riboswitch,\briboswitch(es)?\b|\baptamer\b|\b(sam|tpp|fmn|cobalamin|glycine|lysine|preq[...,high
train,8CTI_C,73,Cryo-EM structure of human METTL1-WDR4-tRNA(Val) complex,Cryo-EM structure of human METTL1-WDR4-tRNA(Val) complex,tRNA,\btrna\b|\btransfer\s+rna\b,high
train,7QDU_Q,552,Twist-corrected RNA origami 5-helix Tile A,Twist-corrected RNA origami 5-helix Tile A,other,,low
train,8DC2_B,52,Cryo-EM structure of CasLambda (Cas12l) bound to crRNA and DNA,Cryo-EM structure of CasLambda (Cas12l) bound to crRNA and DNA,other,,low
train,8BTZ_A,238,Single-stranded Paranemic Crossover RNA Triangle (PXT),Single-stranded Paranemic Crossover RNA Triangle (PXT),other,,low
train,8BD5_B,256,Cas12k-sgRNA-dsDNA-S15-TniQ-TnsC transposon recruitment complex,Cas12k-sgRNA-dsDNA-S15-TniQ-TnsC transposon recruitment complex,other,,low
train,8D4A_B,41,Cas12a2 quaternary complex,Cas12a2 quaternary complex,other,,low
train,8D49_B,26,Structure of Cas12a2 binary complex,Structure of Cas12a2 binary complex,other,,low
train,8EXY_R,30,M. tuberculosis RNAP paused complex with B. subtilis NusG and GMPCPP,M. tuberculosis RNAP paused complex with B. subtilis NusG and GMPCPP,complex_with_protein,\bcomplex\b.*\b(protein|with)\b|\b(bound\s+to|in\s+complex\s+with)\b.*\bprote...,high
train,7YOJ_B,174,Structure of CasPi with guide RNA and target DNA,Structure of CasPi with guide RNA and target DNA,other,,low
train,7ZPQ_6,76,Structure of the RQT-bound 80S ribosome from S. cerevisiae (C1),Structure of the RQT-bound 80S ribosome from S. cerevisiae (C1),ribosome_subunit,\bribosom(e|al|os)\b|\b(small|large)\s+subunit\b|\b(30|40|50|60|70|80)s\b|\b(...,high
train,8FCS_A,71,Structure of pre-miR-31 reveals an active role in Dicer processing,Structure of pre-miR-31 reveals an active role in Dicer processing,other,,low
train,7ZRS_6,75,Structure of the RQT-bound 80S ribosome from S. cerevisiae (C2) - composite map,Structure of the RQT-bound 80S ribosome from S. cerevisiae (C2) - composite map,ribosome_subunit,\bribosom(e|al|os)\b|\b(small|large)\s+subunit\b|\b(30|40|50|60|70|80)s\b|\b(...,high
train,8E29_B,33,Human Dis3L2 in complex with hairpin C-U12,Human Dis3L2 in complex with hairpin C-U12,loop_motif,\b(loop|hairpin|kink[-\s]?turn|sarcin[-\s]?ricin|tetraloop)\b,medium
train,7XW2_C,73,Cryo-EM structure of human DICER-pre-miRNA in a dicing state,Cryo-EM structure of human DICER-pre-miRNA in a dicing state,other,,low
train,7VW3_B,104,Cryo-EM structure of SaCas9-sgRNA-DNA ternary complex,Cryo-EM structure of SaCas9-sgRNA-DNA ternary complex,other,,low
train,8E79_R,42,Mycobacterium tuberculosis RNAP paused elongation complex with Escherichia coli NusG transcription factor,Mycobacterium tuberculosis RNAP paused elongation complex with Escherichia coli ...,complex_with_protein,\bcomplex\b.*\b(protein|with)\b|\b(bound\s+to|in\s+complex\s+with)\b.*\bprote...,high
train,7ZAP_B,28,Solution structure of RBM39 RRM1 bound to U1 snRNA stem loop 3,Solution structure of RBM39 RRM1 bound to U1 snRNA stem loop 3,nmr_solution_motif,\b(nmr|solution)\b,medium
train,8C98_A,1018,Cryo-EM captures early ribosome assembly in action,Cryo-EM captures early ribosome assembly in action,ribosome_subunit,\bribosom(e|al|os)\b|\b(small|large)\s+subunit\b|\b(30|40|50|60|70|80)s\b|\b(...,high
train,8C8X_B,119,Cryo-EM captures early ribosome assembly in action,Cryo-EM captures early ribosome assembly in action,ribosome_subunit,\bribosom(e|al|os)\b|\b(small|large)\s+subunit\b|\b(30|40|50|60|70|80)s\b|\b(...,high
train,8C9C_A,513,Cryo-EM captures early ribosome assembly in action,Cryo-EM captures early ribosome assembly in action,ribosome_subunit,\bribosom(e|al|os)\b|\b(small|large)\s+subunit\b|\b(30|40|50|60|70|80)s\b|\b(...,high
train,7YR7_A,118,Cryo-EM structure of Pseudomonas aeruginosa RsmZ RNA in complex with three RsmA protein dimers,Cryo-EM structure of Pseudomonas aeruginosa RsmZ RNA in complex with three RsmA ...,complex_with_protein,\bcomplex\b.*\b(protein|with)\b|\b(bound\s+to|in\s+complex\s+with)\b.*\bprote...,high
train,8G1I_B,98,SpCas9 with sgRNA and target DNA,SpCas9 with sgRNA and target DNA,other,,low
train,7ZRZ_ZN1,89,Structure of the human tRNA splicing endonuclease defines substrate recognition,Structure of the human tRNA splicing endonuclease defines substrate recognition,tRNA,\btrna\b|\btransfer\s+rna\b,high
train,8FZT_B,70,SpCas9 with dual-guide RNA and target DNA,SpCas9 with dual-guide RNA and target DNA,other,,low
train,8G1S_R,47,Cryo-EM structure of 3DVA component 1 of Escherichia coli que-PEC (paused elongation complex) RNA Polymerase minus preQ1 ligand,Cryo-EM structure of 3DVA component 1 of Escherichia coli que-PEC (paused elonga...,other,,low
train,8H69_5,19,Cryo-EM structure of influenza RNA polymerase,Cryo-EM structure of influenza RNA polymerase,other,,low
train,8GAP_B,159,Structure of LARP7 protein p65-telomerase RNA complex in telomerase,Structure of LARP7 protein p65-telomerase RNA complex in telomerase,other,,low
train,8SCF_A,30,TCEIII NMR Structure,TCEIII NMR Structure,nmr_solution_motif,\b(nmr|solution)\b,high
train,8SCH_A,68,TCEI_III NMR Structure,TCEI_III NMR Structure,other,,low
train,8CI5_C,18,Structure of the SNV L protein bound to 5' RNA,Structure of the SNV L protein bound to 5' RNA,other,,low
train,8CLR_A,14,Integrated NMR/MD structure determination of a dynamic and thermodynamically stable CUUG RNA tetraloop,Integrated NMR/MD structure determination of a dynamic and thermodynamically sta...,nmr_solution_motif,\b(nmr|solution)\b,medium
train,8SA6_A,210,apo form of adenosylcobalamin riboswitch dimer,apo form of adenosylcobalamin riboswitch dimer,riboswitch,\briboswitch(es)?\b|\baptamer\b|\b(sam|tpp|fmn|cobalamin|glycine|lysine|preq[...,high
train,8IDF_B,53,Crystal structure of human TUT1 complexed with U6 snRNA,Crystal structure of human TUT1 complexed with U6 snRNA,other,,low
train,8EWG_B,60,Cryo-EM structure of a riboendonclease,Cryo-EM structure of a riboendonclease,other,,low
train,8BWT_A,26,Structure of a symmetrical internal loop motif with three consecutive U:U mismatches from stem-loop 1 in the 3'-UTR of the SARS-CoV2 genomic RNA,Structure of a symmetrical internal loop motif with three consecutive U:U mismat...,viral_rna,\bhiv\b|\bhcv\b|\bsars\b|\bires\b|\bframeshift\w*\b|\btar\s+rna\b|\bviral\s+r...,medium
train,8EVQ_EC,202,"Hypopseudouridylated Ribosome bound with TSV IRES, eEF2, GDP, and sordarin, Structure I","Hypopseudouridylated Ribosome bound with TSV IRES, eEF2, GDP, and sordarin, Stru...",ribosome_subunit,\bribosom(e|al|os)\b|\b(small|large)\s+subunit\b|\b(30|40|50|60|70|80)s\b|\b(...,medium
train,8EVR_EC,202,"Hypopseudouridylated yeast 80S bound with Taura syndrome virus (TSV) internal ribosome entry site (IRES), eEF2, GDP, and sordarin, Structure II",Hypopseudouridylated yeast 80S bound with Taura syndrome virus (TSV) internal ri...,ribosome_subunit,\bribosom(e|al|os)\b|\b(small|large)\s+subunit\b|\b(30|40|50|60|70|80)s\b|\b(...,medium
train,8CQ1_A,44,Stem-Loop 4 of the 5'-UTR of the SARS-CoV2 genomic RNA,Stem-Loop 4 of the 5'-UTR of the SARS-CoV2 genomic RNA,viral_rna,\bhiv\b|\bhcv\b|\bsars\b|\bires\b|\bframeshift\w*\b|\btar\s+rna\b|\bviral\s+r...,medium
train,8U3M_A,31,The FARFAR-MD-NMR ensemble of an HIV-1 TAR excited state,The FARFAR-MD-NMR ensemble of an HIV-1 TAR excited state,viral_rna,\bhiv\b|\bhcv\b|\bsars\b|\bires\b|\bframeshift\w*\b|\btar\s+rna\b|\bviral\s+r...,medium
train,8UYL_A,135,"MERS 5' proximal stem-loop 5, conformation 2","MERS 5' proximal stem-loop 5, conformation 2",loop_motif,\b(loop|hairpin|kink[-\s]?turn|sarcin[-\s]?ricin|tetraloop)\b,high
train,8UYS_A,124,SARS-CoV-2 5' proximal stem-loop 5,SARS-CoV-2 5' proximal stem-loop 5,viral_rna,\bhiv\b|\bhcv\b|\bsars\b|\bires\b|\bframeshift\w*\b|\btar\s+rna\b|\bviral\s+r...,medium
train,8UYJ_A,135,"BtCoV-HKU5 5' proximal stem-loop 5, conformation 4","BtCoV-HKU5 5' proximal stem-loop 5, conformation 4",loop_motif,\b(loop|hairpin|kink[-\s]?turn|sarcin[-\s]?ricin|tetraloop)\b,high
train,8UYP_A,143,SARS-CoV-1 5' proximal stem-loop 5,SARS-CoV-1 5' proximal stem-loop 5,viral_rna,\bhiv\b|\bhcv\b|\bsars\b|\bires\b|\bframeshift\w*\b|\btar\s+rna\b|\bviral\s+r...,medium
train,8OMR_C,75,Human tRNA guanine transglycosylase (TGT) bound to tRNAAsp,Human tRNA guanine transglycosylase (TGT) bound to tRNAAsp,tRNA,\btrna\b|\btransfer\s+rna\b,high
train,8HUD_B,75,Cryo-EM structure of the EvCas9-sgRNA-target DNA ternary complex,Cryo-EM structure of the EvCas9-sgRNA-target DNA ternary complex,other,,low
train,8T2B_R,90,Crystal structure of SCV PTE G18C mutant RNA in complex with Fab BL3-6,Crystal structure of SCV PTE G18C mutant RNA in complex with Fab BL3-6,complex_with_protein,\bcomplex\b.*\b(protein|with)\b|\b(bound\s+to|in\s+complex\s+with)\b.*\bprote...,high
train,8UPT_A,71,Candidatus Methanomethylophilus alvus tRNAPyl in A-site of ribosome,Candidatus Methanomethylophilus alvus tRNAPyl in A-site of ribosome,ribosome_subunit,\bribosom(e|al|os)\b|\b(small|large)\s+subunit\b|\b(30|40|50|60|70|80)s\b|\b(...,high
train,8T2O_R,90,Crystal structure of SCV PTE G18U RNA in complex with Fab BL3-6,Crystal structure of SCV PTE G18U RNA in complex with Fab BL3-6,complex_with_protein,\bcomplex\b.*\b(protein|with)\b|\b(bound\s+to|in\s+complex\s+with)\b.*\bprote...,high
train,8T29_R,90,Crystal structure of SCV PTE RNA in complex with Fab BL3-6,Crystal structure of SCV PTE RNA in complex with Fab BL3-6,complex_with_protein,\bcomplex\b.*\b(protein|with)\b|\b(bound\s+to|in\s+complex\s+with)\b.*\bprote...,high
train,8T2A_R,90,Crystal structure of SCV PTE G18A mutant RNA in complex with Fab BL3-6,Crystal structure of SCV PTE G18A mutant RNA in complex with Fab BL3-6,complex_with_protein,\bcomplex\b.*\b(protein|with)\b|\b(bound\s+to|in\s+complex\s+with)\b.*\bprote...,high
train,8VCI_A,118,SARS-CoV-2 Frameshift Stimulatory Element with Upstream Multibranch Loop,SARS-CoV-2 Frameshift Stimulatory Element with Upstream Multibranch Loop,viral_rna,\bhiv\b|\bhcv\b|\bsars\b|\bires\b|\bframeshift\w*\b|\btar\s+rna\b|\bviral\s+r...,medium
train,8BU8_A,354,Double-motif Single-stranded Paranemic Crossover RNA Triangle (2PXT),Double-motif Single-stranded Paranemic Crossover RNA Triangle (2PXT),other,,low
train,8T2P_B,152,5TU-t1 - heterodimeric triplet polymerase ribozyme,5TU-t1 - heterodimeric triplet polymerase ribozyme,ribozyme,\bribozyme(s)?\b|\bhammerhead\b|\bhairpin\s+ribozyme\b|\bhdv\b|\bgroup\s+i+\b...,high
train,8T2P_A,135,5TU-t1 - heterodimeric triplet polymerase ribozyme,5TU-t1 - heterodimeric triplet polymerase ribozyme,ribozyme,\bribozyme(s)?\b|\bhammerhead\b|\bhairpin\s+ribozyme\b|\bhdv\b|\bgroup\s+i+\b...,high
train,8PM4_B,58,Cryo-EM structure of the Cas12m-crRNA-target DNA complex,Cryo-EM structure of the Cas12m-crRNA-target DNA complex,other,,low
train,8IEW_B,38,Cas005-crRNA-DNA complex,Cas005-crRNA-DNA complex,other,,low
train,8TOC_R,4269,Acinetobacter phage AP205,Acinetobacter phage AP205,other,,low
train,8J72_C,11,Crystal structure of mammalian Trim71 in complex with lncRNA Trincr1,Crystal structure of mammalian Trim71 in complex with lncRNA Trincr1,complex_with_protein,\bcomplex\b.*\b(protein|with)\b|\b(bound\s+to|in\s+complex\s+with)\b.*\bprote...,high
train,8QO3_A,118,Conserved Structures and Dynamics in 5-Proximal Regions of Betacoronavirus RNA Genomes,Conserved Structures and Dynamics in 5-Proximal Regions of Betacoronavirus RNA G...,other,,low
train,8QO4_A,156,Conserved Structures and Dynamics in 5-Proximal Regions of Betacoronavirus RNA Genomes,Conserved Structures and Dynamics in 5-Proximal Regions of Betacoronavirus RNA G...,other,,low
train,8QO5_A,145,Conserved Structures and Dynamics in 5-Proximal Regions of Betacoronavirus RNA Genomes,Conserved Structures and Dynamics in 5-Proximal Regions of Betacoronavirus RNA G...,other,,low
train,8QO2_A,222,Conserved Structures and Dynamics in 5-Proximal Regions of Betacoronavirus RNA Genomes,Conserved Structures and Dynamics in 5-Proximal Regions of Betacoronavirus RNA G...,other,,low
train,8TVZ_C,363,RNA origami 3-helix tile Traptamer,RNA origami 3-helix tile Traptamer,other,,low
train,8H6E_4A,146,Cryo-EM structure of human exon-defined spliceosome in the late pre-B state.,Cryo-EM structure of human exon-defined spliceosome in the late pre-B state.,ribozyme,\bribozyme(s)?\b|\bhammerhead\b|\bhairpin\s+ribozyme\b|\bhdv\b|\bgroup\s+i+\b...,high
train,8H6E_5A,117,Cryo-EM structure of human exon-defined spliceosome in the late pre-B state.,Cryo-EM structure of human exon-defined spliceosome in the late pre-B state.,ribozyme,\bribozyme(s)?\b|\bhammerhead\b|\bhairpin\s+ribozyme\b|\bhdv\b|\bgroup\s+i+\b...,high
train,8P0B_V,32,Thogoto virus polymerase in Mode B conformation and bound to 32-mer loop promoter RNA,Thogoto virus polymerase in Mode B conformation and bound to 32-mer loop promote...,loop_motif,\b(loop|hairpin|kink[-\s]?turn|sarcin[-\s]?ricin|tetraloop)\b,high
train,8P0G_V,35,Thogoto virus polymerase in Mode A conformation and bound to 35-mer loop promoter RNA,Thogoto virus polymerase in Mode A conformation and bound to 35-mer loop promote...,loop_motif,\b(loop|hairpin|kink[-\s]?turn|sarcin[-\s]?ricin|tetraloop)\b,high
train,8JHP_A,27,Another hairpin structure found in the RNA element involved in piRNA biogenesis,Another hairpin structure found in the RNA element involved in piRNA biogenesis,loop_motif,\b(loop|hairpin|kink[-\s]?turn|sarcin[-\s]?ricin|tetraloop)\b,high
train,8Z85_D,18,Cryo-EM structure of Thogoto virus polymerase in transcription pre-initiation conformation 1,Cryo-EM structure of Thogoto virus polymerase in transcription pre-initiation co...,other,,low
train,8Z90_D,18,Cryo-EM structure of Thogoto virus polymerase in transcription initiation conformation 2,Cryo-EM structure of Thogoto virus polymerase in transcription initiation confor...,other,,low
train,8Z8N_D,18,Cryo-EM structure of Thogoto virus polymerase in transcription pre-initiation conformation 3,Cryo-EM structure of Thogoto virus polymerase in transcription pre-initiation co...,other,,low
train,8KAI_I,65,Crystal structure of SpyCas9-crRNA-tracrRNA complex bound to 17nt target DNA,Crystal structure of SpyCas9-crRNA-tracrRNA complex bound to 17nt target DNA,other,,low
train,8KAM_A,98,Crystal structure of SpyCas9 in complex with sgRNA and 16nt target DNA,Crystal structure of SpyCas9 in complex with sgRNA and 16nt target DNA,complex_with_protein,\bcomplex\b.*\b(protein|with)\b|\b(bound\s+to|in\s+complex\s+with)\b.*\bprote...,high
train,8K8B_A,19,Solution structure of a hairpin RNA with the UUCGA loop,Solution structure of a hairpin RNA with the UUCGA loop,nmr_solution_motif,\b(nmr|solution)\b,medium
train,8JTJ_B,139,Cryo-EM structure of GeoCas9-sgRNA-dsDNA ternary complex,Cryo-EM structure of GeoCas9-sgRNA-dsDNA ternary complex,other,,low
train,8WUS_B,115,SpCas9-MMLV RT-pegRNA-target DNA complex (termination),SpCas9-MMLV RT-pegRNA-target DNA complex (termination),other,,low
train,8YGJ_B,137,SpCas9-MMLV RT-pegRNA-target DNA complex (elongation 28-nt),SpCas9-MMLV RT-pegRNA-target DNA complex (elongation 28-nt),other,,low
train,8UO6_B,134,HIV-1 Rev Response Element (RRE) Stem-Loop II (SLII),HIV-1 Rev Response Element (RRE) Stem-Loop II (SLII),viral_rna,\bhiv\b|\bhcv\b|\bsars\b|\bires\b|\bframeshift\w*\b|\btar\s+rna\b|\bviral\s+r...,medium
train,8JTR_B,139,Cryo-EM structure of GeoCas9-sgRNA binary complex,Cryo-EM structure of GeoCas9-sgRNA binary complex,other,,low
train,8KAG_A,98,Crystal structure of SpyCas9 in complex with sgRNA and target RNA,Crystal structure of SpyCas9 in complex with sgRNA and target RNA,complex_with_protein,\bcomplex\b.*\b(protein|with)\b|\b(bound\s+to|in\s+complex\s+with)\b.*\bprote...,high
train,8URY_d,120,"Escherichia coli transcription-translation coupled complex class B (TTC-B) containing RfaH bound to ops signal, NusA, mRNA with a 30 nt long spacer, and fMet-tRNA in E-site and P-site of the ribosome",Escherichia coli transcription-translation coupled complex class B (TTC-B) conta...,ribosome_subunit,\bribosom(e|al|os)\b|\b(small|large)\s+subunit\b|\b(30|40|50|60|70|80)s\b|\b(...,medium
train,8URY_A,76,"Escherichia coli transcription-translation coupled complex class B (TTC-B) containing RfaH bound to ops signal, NusA, mRNA with a 30 nt long spacer, and fMet-tRNA in E-site and P-site of the ribosome",Escherichia coli transcription-translation coupled complex class B (TTC-B) conta...,ribosome_subunit,\bribosom(e|al|os)\b|\b(small|large)\s+subunit\b|\b(30|40|50|60|70|80)s\b|\b(...,medium
train,9EOW_A,29,The 5-terminal stem-loop RNA element of SARS-CoV-2 features highly dynamic structural elements that are sensitive to differences in cellular pH,The 5-terminal stem-loop RNA element of SARS-CoV-2 features highly dynamic struc...,viral_rna,\bhiv\b|\bhcv\b|\bsars\b|\bires\b|\bframeshift\w*\b|\btar\s+rna\b|\bviral\s+r...,medium
train,8WT6_E,180,"Cryo-EM structure of the IS621 recombinase in complex with bridge RNA, donor DNA, and target DNA in the pre-strand exchange state","Cryo-EM structure of the IS621 recombinase in complex with bridge RNA, donor DNA...",complex_with_protein,\bcomplex\b.*\b(protein|with)\b|\b(bound\s+to|in\s+complex\s+with)\b.*\bprote...,high
train,8WT8_F,180,"Cryo-EM structure of the IS621 recombinase in complex with bridge RNA, donor DNA, and target DNA in the post-strand exchange state (Holliday junction intermediate)","Cryo-EM structure of the IS621 recombinase in complex with bridge RNA, donor DNA...",complex_with_protein,\bcomplex\b.*\b(protein|with)\b|\b(bound\s+to|in\s+complex\s+with)\b.*\bprote...,high
train,8WT8_E,180,"Cryo-EM structure of the IS621 recombinase in complex with bridge RNA, donor DNA, and target DNA in the post-strand exchange state (Holliday junction intermediate)","Cryo-EM structure of the IS621 recombinase in complex with bridge RNA, donor DNA...",complex_with_protein,\bcomplex\b.*\b(protein|with)\b|\b(bound\s+to|in\s+complex\s+with)\b.*\bprote...,high
train,8WT6_F,180,"Cryo-EM structure of the IS621 recombinase in complex with bridge RNA, donor DNA, and target DNA in the pre-strand exchange state","Cryo-EM structure of the IS621 recombinase in complex with bridge RNA, donor DNA...",complex_with_protein,\bcomplex\b.*\b(protein|with)\b|\b(bound\s+to|in\s+complex\s+with)\b.*\bprote...,high
train,8WT7_E,180,"Cryo-EM structure of the IS621 recombinase in complex with bridge RNA, donor DNA, and target DNA in the pre-strand exchange locked state","Cryo-EM structure of the IS621 recombinase in complex with bridge RNA, donor DNA...",complex_with_protein,\bcomplex\b.*\b(protein|with)\b|\b(bound\s+to|in\s+complex\s+with)\b.*\bprote...,high
train,8WT7_F,180,"Cryo-EM structure of the IS621 recombinase in complex with bridge RNA, donor DNA, and target DNA in the pre-strand exchange locked state","Cryo-EM structure of the IS621 recombinase in complex with bridge RNA, donor DNA...",complex_with_protein,\bcomplex\b.*\b(protein|with)\b|\b(bound\s+to|in\s+complex\s+with)\b.*\bprote...,high
train,8SFO_B,48,WT CRISPR-Cas12a with a 20bp R-loop and nontarget strand in the RuvC active site.,WT CRISPR-Cas12a with a 20bp R-loop and nontarget strand in the RuvC active site...,loop_motif,\b(loop|hairpin|kink[-\s]?turn|sarcin[-\s]?ricin|tetraloop)\b,high
train,8SFI_B,48,WT CRISPR-Cas12a with a 8bp R-loop,WT CRISPR-Cas12a with a 8bp R-loop,loop_motif,\b(loop|hairpin|kink[-\s]?turn|sarcin[-\s]?ricin|tetraloop)\b,high
train,8SFL_B,48,WT CRISPR-Cas12a with a 15bp R-loop,WT CRISPR-Cas12a with a 15bp R-loop,loop_motif,\b(loop|hairpin|kink[-\s]?turn|sarcin[-\s]?ricin|tetraloop)\b,high
train,8SFN_B,48,WT CRISPR-Cas12a with a 16bp R-loop and nontarget strand in the RuvC active site.,WT CRISPR-Cas12a with a 16bp R-loop and nontarget strand in the RuvC active site...,loop_motif,\b(loop|hairpin|kink[-\s]?turn|sarcin[-\s]?ricin|tetraloop)\b,high
train,8SFH_B,27,WT CRISPR-Cas12a with a 5bp R-loop,WT CRISPR-Cas12a with a 5bp R-loop,loop_motif,\b(loop|hairpin|kink[-\s]?turn|sarcin[-\s]?ricin|tetraloop)\b,high
train,8SFJ_B,48,WT CRISPR-Cas12a with a 10bp R-loop,WT CRISPR-Cas12a with a 10bp R-loop,loop_motif,\b(loop|hairpin|kink[-\s]?turn|sarcin[-\s]?ricin|tetraloop)\b,high
train,9ENF_C,94,Human pseudouridine synthase 3 (PUS3 D118A mutant) and two pre-tRNA-Arg,Human pseudouridine synthase 3 (PUS3 D118A mutant) and two pre-tRNA-Arg,tRNA,\btrna\b|\btransfer\s+rna\b,high
train,9ENE_D,76,Human pseudouridine synthase 3 (PUS3 D118A mutant) and two tRNA-Arg,Human pseudouridine synthase 3 (PUS3 D118A mutant) and two tRNA-Arg,tRNA,\btrna\b|\btransfer\s+rna\b,high
train,9ENC_D,75,Human pseudouridine synthase 3 (PUS3 R116A mutant) and one tRNA-Gln,Human pseudouridine synthase 3 (PUS3 R116A mutant) and one tRNA-Gln,tRNA,\btrna\b|\btransfer\s+rna\b,high
train,8OKD_X,75,Human pseudouridine synthase 3 and tRNA-Gln,Human pseudouridine synthase 3 and tRNA-Gln,tRNA,\btrna\b|\btransfer\s+rna\b,high
train,8OST_C,69,"Structure of human terminal uridylyltransferase 4 (TUT4, ZCCHC11) in complex with pre-let7g miRNA and Lin28A","Structure of human terminal uridylyltransferase 4 (TUT4, ZCCHC11) in complex wit...",complex_with_protein,\bcomplex\b.*\b(protein|with)\b|\b(bound\s+to|in\s+complex\s+with)\b.*\bprote...,high
train,8OPT_D,54,Human terminal uridylyltransferase 7 (TUT7/ZCCHC6) bound with pre-let7g miRNA and Lin28A - complex 2,Human terminal uridylyltransferase 7 (TUT7/ZCCHC6) bound with pre-let7g miRNA an...,other,,low
train,8OPP_D,25,Structure of human terminal uridylyltransferase 7 (hTUT7/ZCCHC6) bound with pre-let7g miRNA and UTPalphaS,Structure of human terminal uridylyltransferase 7 (hTUT7/ZCCHC6) bound with pre-...,other,,low
train,8OPS_C,71,Human terminal uridylyltransferase 7 (TUT7/ZCCHC6) bound with pre-let7g miRNA and Lin28A - complex 1,Human terminal uridylyltransferase 7 (TUT7/ZCCHC6) bound with pre-let7g miRNA an...,other,,low
train,8I0P_F,107,The cryo-EM structure of human pre-Bact complex,The cryo-EM structure of human pre-Bact complex,other,,low
train,8KDA_O,73,Cryo-EM structure of Hydrogenobacter thermophilus minimal protein-only RNase P (HARP) in complex with pre-tRNAs,Cryo-EM structure of Hydrogenobacter thermophilus minimal protein-only RNase P (...,ribozyme,\bribozyme(s)?\b|\bhammerhead\b|\bhairpin\s+ribozyme\b|\bhdv\b|\bgroup\s+i+\b...,medium
train,8UAU_R,76,human ATE1 in complex with Arg-tRNA and a peptide substrate,human ATE1 in complex with Arg-tRNA and a peptide substrate,tRNA,\btrna\b|\btransfer\s+rna\b,medium
train,9CF1_W,61,Parasitella parasitica Fanzor (PpFz) State 2,Parasitella parasitica Fanzor (PpFz) State 2,other,,low
train,9CF3_W,61,Parasitella parasitica Fanzor (PpFz) State 4,Parasitella parasitica Fanzor (PpFz) State 4,other,,low
train,8YE6_C,92,Cryo-EM structure of Cas9-sgRNA-A32 complex,Cryo-EM structure of Cas9-sgRNA-A32 complex,other,,low
train,8KI7_E,10,Structure of Tomato spotted wilt virus L protein contained endoH domain binding to 3'5'vRNA,Structure of Tomato spotted wilt virus L protein contained endoH domain binding ...,other,,low
train,9G8O_S2,1739,human 40S ribosome bound by a SKI238-exosome complex,human 40S ribosome bound by a SKI238-exosome complex,ribosome_subunit,\bribosom(e|al|os)\b|\b(small|large)\s+subunit\b|\b(30|40|50|60|70|80)s\b|\b(...,high
train,8UBE_I,140,Diversity-generating retroelement (DGR) ribonucleoprotein reverse transcriptase - Resting State 1a,Diversity-generating retroelement (DGR) ribonucleoprotein reverse transcriptase ...,other,,low
train,9DTT_B,70,Cryo-EM structure of DENV2 NS5 in complex with Stem Loop A (SLA),Cryo-EM structure of DENV2 NS5 in complex with Stem Loop A (SLA),loop_motif,\b(loop|hairpin|kink[-\s]?turn|sarcin[-\s]?ricin|tetraloop)\b,medium
train,9G7C_A,224,Cryo-EM structure of raiA ncRNA from Clostridium reveals a new RNA 3D fold,Cryo-EM structure of raiA ncRNA from Clostridium reveals a new RNA 3D fold,other,,low
train,9FO8_A,29,5_SL5b_GC of the 5_SL5 RNA,5_SL5b_GC of the 5_SL5 RNA,other,,low
train,9FO9_A,33,5_SL5a of S_SL5 of Sars-Cov-2,5_SL5a of S_SL5 of Sars-Cov-2,viral_rna,\bhiv\b|\bhcv\b|\bsars\b|\bires\b|\bframeshift\w*\b|\btar\s+rna\b|\bviral\s+r...,high
train,8XPP_B,35,Crystal structure of the enterovirus 71 RdRP elongation complex with the nucleoside monophosphate form of compound HNC-1664 at product position -1 (post-translocation state),Crystal structure of the enterovirus 71 RdRP elongation complex with the nucleos...,complex_with_protein,\bcomplex\b.*\b(protein|with)\b|\b(bound\s+to|in\s+complex\s+with)\b.*\bprote...,high
train,8T2Y_tA,76,"Hypomethylated yeast 80S bound with cycloheximide, P-site tRNA, and A-site tRNA, messenger RNA, PRE","Hypomethylated yeast 80S bound with cycloheximide, P-site tRNA, and A-site tRNA,...",ribosome_subunit,\bribosom(e|al|os)\b|\b(small|large)\s+subunit\b|\b(30|40|50|60|70|80)s\b|\b(...,medium
train,8T2Y_tP,75,"Hypomethylated yeast 80S bound with cycloheximide, P-site tRNA, and A-site tRNA, messenger RNA, PRE","Hypomethylated yeast 80S bound with cycloheximide, P-site tRNA, and A-site tRNA,...",ribosome_subunit,\bribosom(e|al|os)\b|\b(small|large)\s+subunit\b|\b(30|40|50|60|70|80)s\b|\b(...,medium
train,8XCA_B,60,"Cryo-EM structure of Cas12j19,crRNA and target DNA complex","Cryo-EM structure of Cas12j19,crRNA and target DNA complex",other,,low
train,8T3E_EC,202,"Hypomethylated yeast 80S bound with Taura syndrome virus (TSV) internal ribosome entry site (IRES), eEF2, GDP, and sordarin, Structure IV",Hypomethylated yeast 80S bound with Taura syndrome virus (TSV) internal ribosome...,ribosome_subunit,\bribosom(e|al|os)\b|\b(small|large)\s+subunit\b|\b(30|40|50|60|70|80)s\b|\b(...,medium
train,8T3F_EC,202,"Hypomethylated yeast 80S bound with Taura syndrome virus (TSV) internal ribosome entry site (IRES), eEF2, GDP, and sordarin, Structure V",Hypomethylated yeast 80S bound with Taura syndrome virus (TSV) internal ribosome...,ribosome_subunit,\bribosom(e|al|os)\b|\b(small|large)\s+subunit\b|\b(30|40|50|60|70|80)s\b|\b(...,medium
train,8XCC_B,60,"Cryo-EM structure of Cas12j19 (E100K), crRNA and target DNA complex","Cryo-EM structure of Cas12j19 (E100K), crRNA and target DNA complex",other,,low
train,8Z1G_T,86,Cryo-EM structure of human ELAC2-pre-tRNA,Cryo-EM structure of human ELAC2-pre-tRNA,tRNA,\btrna\b|\btransfer\s+rna\b,high
train,8Z1F_T,86,Cryo-EM structure of human ELAC2-tRNA,Cryo-EM structure of human ELAC2-tRNA,tRNA,\btrna\b|\btransfer\s+rna\b,high
val,R1107,69,"CPEB3 ribozyme
Human
human CPEB3 HDV-like ribozyme","CPEB3 ribozyme
Human
human CPEB3 HDV-like ribozyme",ribozyme,\bribozyme(s)?\b|\bhammerhead\b|\bhairpin\s+ribozyme\b|\bhdv\b|\bgroup\s+i+\b...,high
val,R1108,69,"CPEB3 ribozyme
Chimpanzee
Chimpanzee CPEB3 HDV-like ribozyme","CPEB3 ribozyme
Chimpanzee
Chimpanzee CPEB3 HDV-like ribozyme",ribozyme,\bribozyme(s)?\b|\bhammerhead\b|\bhairpin\s+ribozyme\b|\bhdv\b|\bgroup\s+i+\b...,high
val,R1116,157,"Cloverleaf RNA
Poliovirus
Crystal Structure of Poliovirus (type 1 Mahoney) cloverleaf RNA with tRNA scaffold","Cloverleaf RNA
Poliovirus
Crystal Structure of Poliovirus (type 1 Mahoney) clove...",tRNA,\btrna\b|\btransfer\s+rna\b,high
val,R1117v2,30,"PreQ1 class I type III riboswitch
K. pneumoniae
Additional Information:        This is a ligand-only target (re-release of R1117 with the corrected SMILES string).
ID  Name    SMILES  Relevant
001 PRF NCc1c[nH]c2nc(N)[nH]c(=O)c12    Yes
Class I type III preQ1 riboswitch from E. coli","PreQ1 class I type III riboswitch
K. pneumoniae
Additional Information:        T...",riboswitch,\briboswitch(es)?\b|\baptamer\b|\b(sam|tpp|fmn|cobalamin|glycine|lysine|preq[...,high
val,R1126,363,"Traptamer
Synthetic
Additional Information: Contains a relevant ion.
RNA origami 3-helix tile Traptamer","Traptamer
Synthetic
Additional Information: Contains a relevant ion.
RNA origami...",synthetic_designed,\b(designed|engineered|synthetic|chimer\w*)\b,high
val,R1128,238,"6WJ
Single-stranded Paranemic Crossover RNA Triangle (PXT)","6WJ
Single-stranded Paranemic Crossover RNA Triangle (PXT)",other,,low
val,R1136,374,"Apta-FRET
Additional Information:        Information about the bound ligand is provided in SMILES section below.
ID        Name        SMILES        Relevant
001        1TU        Cc1nc(Cc2cc(F)c(O)c(F)c2)c(O)n1C        Yes
002        J93        CN(CCO)c1cc2sc(/C=C(\C#N)c3ccc(C#N)cc3)cc2s1        Yes
003        K        [K+]        Yes
Ligand bound state of a brocolli-pepper aptamer FRET tile","Apta-FRET
Additional Information:        Information about the bound ligand is p...",riboswitch,\briboswitch(es)?\b|\baptamer\b|\b(sam|tpp|fmn|cobalamin|glycine|lysine|preq[...,high
val,R1138,720,"6HBC-Young
Additional Information:        This is a co-transcriptional product. The structure observed in the cryo-EM grids immediately after the transcription and that around 8 hours later have alternative conformations. You can submit alternative conformations as separate models (we still stick to 5 models per target maximum).
Young conformer of a 6-helix bundle of RNA with clasp","6HBC-Young
Additional Information:        This is a co-transcriptional product. ...",other,,low
val,R1149,124,"SARS-CoV-2 SL5
Additional Information:        Alternative conformations present.
SARS-CoV-2 5 proximal stem-loop 5","SARS-CoV-2 SL5
Additional Information:        Alternative conformations present....",viral_rna,\bhiv\b|\bhcv\b|\bsars\b|\bires\b|\bframeshift\w*\b|\btar\s+rna\b|\bviral\s+r...,medium
val,R1156,135,"BtCoV-HKU5 SL5
BtCoV-HKU5 5 proximal stem-loop 5, conformation 1","BtCoV-HKU5 SL5
BtCoV-HKU5 5 proximal stem-loop 5, conformation 1",loop_motif,\b(loop|hairpin|kink[-\s]?turn|sarcin[-\s]?ricin|tetraloop)\b,high
val,R1189,118,"A-6B
Additional Information:        The T1189/R1189 and T1190/R1190 complexes represent alternative conformations corresponding to different particles in the same cryo-EM data set. The complexes contain one RNA molecule and several (4 or 6) protein molecules. The R1189/T1189 target pair represent the A1B6 complex, while the R1190/T1190 pair - A1B4 complex. Predictions for the corresponding RNA and protein targets should be submitted in the same frame of reference so that the concatenation of corresponding models, say, R1189TS000_1 and T1189TS000_1 will give a coordinate set for the full RNA-protein complex.
Cryo-EM structure of Pseudomonas aeruginosa RsmZ RNA in complex with three RsmA protein dimers","A-6B
Additional Information:        The T1189/R1189 and T1190/R1190 complexes re...",complex_with_protein,\bcomplex\b.*\b(protein|with)\b|\b(bound\s+to|in\s+complex\s+with)\b.*\bprote...,high
val,R1190,118,"A-4B
Additional Information:        The T1189/R1189 and T1190/R1190 complexes represent alternative conformations corresponding to different particles in the same cryo-EM data set. The complexes contain one RNA molecule and several (4 or 6) protein molecules. The R1189/T1189 target pair represent the A1B6 complex, while the R1190/T1190 pair - A1B4 complex. Predictions for the corresponding RNA and protein targets should be submitted in the same frame of reference so that the concatenation of corresponding models, say, R1189TS000_1 and T1189TS000_1 will give a coordinate set for the full RNA-protein complex.
Cryo-EM structure of Pseudomonas aeruginosa RsmZ RNA in complex with two RsmA protein dimers","A-4B
Additional Information:        The T1189/R1189 and T1190/R1190 complexes re...",complex_with_protein,\bcomplex\b.*\b(protein|with)\b|\b(bound\s+to|in\s+complex\s+with)\b.*\bprote...,high
test,R1107,69,"CPEB3 ribozyme
Human
human CPEB3 HDV-like ribozyme","CPEB3 ribozyme
Human
human CPEB3 HDV-like ribozyme",ribozyme,\bribozyme(s)?\b|\bhammerhead\b|\bhairpin\s+ribozyme\b|\bhdv\b|\bgroup\s+i+\b...,high
test,R1108,69,"CPEB3 ribozyme
Chimpanzee
Chimpanzee CPEB3 HDV-like ribozyme","CPEB3 ribozyme
Chimpanzee
Chimpanzee CPEB3 HDV-like ribozyme",ribozyme,\bribozyme(s)?\b|\bhammerhead\b|\bhairpin\s+ribozyme\b|\bhdv\b|\bgroup\s+i+\b...,high
test,R1116,157,"Cloverleaf RNA
Poliovirus
Crystal Structure of Poliovirus (type 1 Mahoney) cloverleaf RNA with tRNA scaffold","Cloverleaf RNA
Poliovirus
Crystal Structure of Poliovirus (type 1 Mahoney) clove...",tRNA,\btrna\b|\btransfer\s+rna\b,high
test,R1117v2,30,"PreQ1 class I type III riboswitch
K. pneumoniae
Additional Information:        This is a ligand-only target (re-release of R1117 with the corrected SMILES string).
ID  Name    SMILES  Relevant
001 PRF NCc1c[nH]c2nc(N)[nH]c(=O)c12    Yes
Class I type III preQ1 riboswitch from E. coli","PreQ1 class I type III riboswitch
K. pneumoniae
Additional Information:        T...",riboswitch,\briboswitch(es)?\b|\baptamer\b|\b(sam|tpp|fmn|cobalamin|glycine|lysine|preq[...,high
test,R1126,363,"Traptamer
Synthetic
Additional Information: Contains a relevant ion.
RNA origami 3-helix tile Traptamer","Traptamer
Synthetic
Additional Information: Contains a relevant ion.
RNA origami...",synthetic_designed,\b(designed|engineered|synthetic|chimer\w*)\b,high
test,R1128,238,"6WJ
Single-stranded Paranemic Crossover RNA Triangle (PXT)","6WJ
Single-stranded Paranemic Crossover RNA Triangle (PXT)",other,,low
test,R1136,374,"Apta-FRET
Additional Information:        Information about the bound ligand is provided in SMILES section below.
ID        Name        SMILES        Relevant
001        1TU        Cc1nc(Cc2cc(F)c(O)c(F)c2)c(O)n1C        Yes
002        J93        CN(CCO)c1cc2sc(/C=C(\C#N)c3ccc(C#N)cc3)cc2s1        Yes
003        K        [K+]        Yes
Ligand bound state of a brocolli-pepper aptamer FRET tile","Apta-FRET
Additional Information:        Information about the bound ligand is p...",riboswitch,\briboswitch(es)?\b|\baptamer\b|\b(sam|tpp|fmn|cobalamin|glycine|lysine|preq[...,high
test,R1138,720,"6HBC-Young
Additional Information:        This is a co-transcriptional product. The structure observed in the cryo-EM grids immediately after the transcription and that around 8 hours later have alternative conformations. You can submit alternative conformations as separate models (we still stick to 5 models per target maximum).
Young conformer of a 6-helix bundle of RNA with clasp","6HBC-Young
Additional Information:        This is a co-transcriptional product. ...",other,,low
test,R1149,124,"SARS-CoV-2 SL5
Additional Information:        Alternative conformations present.
SARS-CoV-2 5 proximal stem-loop 5","SARS-CoV-2 SL5
Additional Information:        Alternative conformations present....",viral_rna,\bhiv\b|\bhcv\b|\bsars\b|\bires\b|\bframeshift\w*\b|\btar\s+rna\b|\bviral\s+r...,medium
test,R1156,135,"BtCoV-HKU5 SL5
BtCoV-HKU5 5 proximal stem-loop 5, conformation 1","BtCoV-HKU5 SL5
BtCoV-HKU5 5 proximal stem-loop 5, conformation 1",loop_motif,\b(loop|hairpin|kink[-\s]?turn|sarcin[-\s]?ricin|tetraloop)\b,high
test,R1189,118,"A-6B
Additional Information:        The T1189/R1189 and T1190/R1190 complexes represent alternative conformations corresponding to different particles in the same cryo-EM data set. The complexes contain one RNA molecule and several (4 or 6) protein molecules. The R1189/T1189 target pair represent the A1B6 complex, while the R1190/T1190 pair - A1B4 complex. Predictions for the corresponding RNA and protein targets should be submitted in the same frame of reference so that the concatenation of corresponding models, say, R1189TS000_1 and T1189TS000_1 will give a coordinate set for the full RNA-protein complex.
Cryo-EM structure of Pseudomonas aeruginosa RsmZ RNA in complex with three RsmA protein dimers","A-6B
Additional Information:        The T1189/R1189 and T1190/R1190 complexes re...",complex_with_protein,\bcomplex\b.*\b(protein|with)\b|\b(bound\s+to|in\s+complex\s+with)\b.*\bprote...,high
test,R1190,118,"A-4B
Additional Information:        The T1189/R1189 and T1190/R1190 complexes represent alternative conformations corresponding to different particles in the same cryo-EM data set. The complexes contain one RNA molecule and several (4 or 6) protein molecules. The R1189/T1189 target pair represent the A1B6 complex, while the R1190/T1190 pair - A1B4 complex. Predictions for the corresponding RNA and protein targets should be submitted in the same frame of reference so that the concatenation of corresponding models, say, R1189TS000_1 and T1189TS000_1 will give a coordinate set for the full RNA-protein complex.
Cryo-EM structure of Pseudomonas aeruginosa RsmZ RNA in complex with two RsmA protein dimers","A-4B
Additional Information:        The T1189/R1189 and T1190/R1190 complexes re...",complex_with_protein,\bcomplex\b.*\b(protein|with)\b|\b(bound\s+to|in\s+complex\s+with)\b.*\bprote...,high
