target_id,msa_depth,msa_avg_len,msa_first_len,gap_fraction,status
1AQ3_S,6,19.0,19,0.0,OK
1A4T_A,1,15.0,15,0.0,OK
1AM0_A,1,16.0,16,0.0,OK
1AW4_A,12,27.0,27,0.06481481481481481,OK
1AUD_B,11,30.0,30,0.08484848484848485,OK
1ATW_A,1,15.0,15,0.0,OK
1BR3_B,5,28.0,28,0.014285714285714285,OK
1BAU_A,7,23.0,23,0.006211180124223602,OK
1EA4_Y,11,21.0,21,0.0,OK
1D16_A,3,16.0,16,0.0,OK
1BYJ_A,43,27.0,27,0.05512489233419466,OK
1E4P_A,10,24.0,24,0.020833333333333332,OK
1EA4_Z,8,21.0,21,0.0,OK
1AJU_A,253,30.0,30,0.037944664031620556,OK
1BZ2_A,338,17.0,17,0.0,OK
1EGK_B,7,34.0,34,0.12605042016806722,OK
1EC6_D,5,20.0,20,0.0,OK
1BGZ_A,8,23.0,23,0.0,OK
1EBS_A,17,29.0,29,0.036511156186612576,OK
1ESH_A,1,13.0,13,0.0,OK
1AJF_A,4,18.0,18,0.0,OK
1EKZ_B,154,30.0,30,0.13593073593073593,OK
1ESY_A,3,19.0,19,0.0,OK
1ET4_B,2,35.0,35,0.0,OK
1E95_A,92,36.0,36,0.13285024154589373,OK
1ETF_A,33,34.0,34,0.044563279857397504,OK
1EBR_A,430,30.0,30,0.06581395348837209,OK
1A51_A,3352,41.0,41,0.07389108795622562,OK
1CQ5_A,2851,43.0,43,0.023932850978440858,OK
1D6K_B,1523,37.0,37,0.08248300828734184,OK
1B01_F,2,19.0,19,0.0,OK
1E7K_D,2651,22.0,22,0.0037035766949007234,OK
1F1T_A,15,38.0,38,0.03684210526315789,OK
1EXY_A,25,33.0,33,0.06060606060606061,OK
1F5U_A,15,18.0,18,0.0,OK
1F85_A,1,14.0,14,0.0,OK
1F6U_B,3,19.0,19,0.0,OK
1F84_A,129,29.0,29,0.09141940657578188,OK
1F9L_A,39,22.0,22,0.0011655011655011655,OK
1HLX_A,11,20.0,20,0.0,OK
1FOQ_E,13,120.0,120,0.12051282051282051,OK
1FMN_A,5,35.0,35,0.19428571428571428,OK
1F6X_A,46,27.0,27,0.08856682769726248,OK
1HOQ_A,1,12.0,12,0.0,OK
1F7U_B,64,64.0,64,0.0390625,OK
1HS1_A,1,13.0,13,0.0,OK
1HS2_A,1,13.0,13,0.0,OK
1HS4_A,1,13.0,13,0.0,OK
1HS8_A,1,13.0,13,0.0,OK
1HS3_A,1,13.0,13,0.0,OK
1HMH_E,1219,34.0,34,0.12370313178593834,OK
1HWQ_A,34,30.0,30,0.06372549019607843,OK
1I3X_A,3,19.0,19,0.0,OK
1I46_A,1,13.0,13,0.0,OK
1I3Y_A,3,19.0,19,0.0,OK
1IDV_A,1,10.0,10,0.0,OK
1I4C_A,1,13.0,13,0.0,OK
1IBM_Y,10,15.0,15,0.0,OK
1I6U_C,87,37.0,37,0.21155638397017706,OK
1IE2_A,4,22.0,22,0.0,OK
1IKD_A,28,22.0,22,0.00974025974025974,OK
1IK1_A,1,14.0,14,0.0,OK
1JO7_A,42,31.0,31,0.15745007680491552,OK
1JP0_A,8,21.0,21,0.0,OK
1JBR_D,941,31.0,31,0.04600459360323609,OK
1JUR_A,12,22.0,22,0.045454545454545456,OK
1JBS_C,546,29.0,29,0.002147278009346975,OK
1JZC_A,1,13.0,13,0.0,OK
1JU7_A,1682,28.0,28,0.07826567012060472,OK
1HQ1_B,4713,49.0,49,0.05623178615812971,OK
1JBT_D,1159,29.0,29,0.0024694296510071106,OK
1K2G_A,2,22.0,22,0.0,OK
1K4B_A,1,14.0,14,0.0,OK
1K4A_A,3,14.0,14,0.0,OK
1JID_B,3858,29.0,29,0.03597540265637011,OK
1KIS_B,1,16.0,16,0.0,OK
1KIS_A,1,16.0,16,0.0,OK
1K8W_B,40,22.0,22,0.007954545454545454,OK
1K6G_A,2,22.0,22,0.0,OK
1GID_A,3655,158.0,158,0.14585014459124834,OK
1KH6_A,444,53.0,53,0.2143039265680775,OK
1KOG_N,146,37.0,37,0.021288411699370603,OK
1KPD_A,15,32.0,32,0.11875,OK
1KKS_A,908,24.0,24,0.03703193832599119,OK
1KOS_A,4,17.0,17,0.0,OK
1LU3_A,6,17.0,17,0.0,OK
1KPY_A,21,33.0,33,0.044733044733044736,OK
1HR2_B,4025,158.0,158,0.15690856199386743,OK
1L3D_A,36,28.0,28,0.031746031746031744,OK
1LUU_A,3,17.0,17,0.0,OK
1LUX_A,3,17.0,17,0.0,OK
1HR2_A,4025,158.0,158,0.15690856199386743,OK
1MFK_A,18,23.0,23,0.04589371980676329,OK
1M5L_A,62,38.0,38,0.15959252971137522,OK
1M8Y_D,1,10.0,10,0.0,OK
1M82_A,59,25.0,25,0.01152542372881356,OK
1MME_D,2,25.0,25,0.0,OK
1FFK_9,7500,122.0,122,0.06837595628415301,OK
1MY9_B,1,14.0,14,0.0,OK
1N33_Y,5,17.0,17,0.0,OK
1N32_Y,2,17.0,17,0.0,OK
1MNX_A,1205,42.0,42,0.01284331159849832,OK
1N66_A,11,22.0,22,0.07851239669421488,OK
1N53_A,51,16.0,16,0.007352941176470588,OK
1NBK_A,5,34.0,34,0.18235294117647058,OK
1IL2_C,7036,75.0,75,0.04356073526624976,OK
1NA2_A,116,30.0,30,0.034195402298850576,OK
1GRZ_B,4651,247.0,247,0.16794350960178342,OK
1N8X_A,241,36.0,36,0.11721991701244813,OK
1IL2_D,7036,75.0,75,0.04356073526624976,OK
1M5K_E,2119,92.0,92,0.11309682582021872,OK
1NBR_A,57,29.0,29,0.17543859649122806,OK
1NC0_A,4,24.0,24,0.0,OK
1NYB_B,10,24.0,24,0.04583333333333333,OK
1O15_A,43,33.0,33,0.021141649048625793,OK
1NTA_B,2,18.0,18,0.0,OK
1OQ0_A,1,15.0,15,0.0,OK
1OTC_D,1,12.0,12,0.0,OK
1P5N_A,141,34.0,34,0.13412599082186066,OK
1OSW_A,6,23.0,23,0.021739130434782608,OK
1NZ1_A,403,24.0,24,0.12117452440033086,OK
1PH1_D,1,13.0,13,0.0,OK
1PH7_D,1,10.0,10,0.0,OK
1PH3_D,1,12.0,12,0.0,OK
1LNG_B,4624,97.0,97,0.1849917953840117,OK
1PH8_D,1,11.0,11,0.0,OK
1P5P_A,674,77.0,77,0.17098924814058344,OK
1PH9_D,1,11.0,11,0.0,OK
1Q75_A,1,15.0,15,0.0,OK
1PHJ_D,1,11.0,11,0.0,OK
1Q8N_A,15,38.0,38,0.03684210526315789,OK
1Q2R_E,8,20.0,20,0.0125,OK
1PJY_A,197,22.0,22,0.011305952930318412,OK
1Q93_C,454,27.0,27,0.002284222548539729,OK
1QD3_A,231,29.0,29,0.10419465591879384,OK
1QFQ_A,2,15.0,15,0.0,OK
1R7W_A,171,34.0,34,0.01891984864121087,OK
1R7Z_A,408,34.0,34,0.03943194925028835,OK
1RAW_A,94,36.0,36,0.17523640661938533,OK
1RFR_A,204,30.0,30,0.011111111111111112,OK
1L9A_B,6336,128.0,128,0.036126647332702023,OK
1I9V_A,14335,76.0,76,0.010563031226479173,OK
1RKJ_B,9,21.0,21,0.0,OK
1JGP_D,13173,74.0,74,0.022191173181835902,OK
1RNK_A,10,34.0,34,0.15588235294117647,OK
1Q96_C,65,27.0,27,0.038746438746438745,OK
1R3E_C,4,17.0,17,0.0,OK
1ROQ_A,1,14.0,14,0.0,OK
1RY1_R,1,12.0,12,0.0,OK
1IVS_C,16313,75.0,75,0.015514824577535299,OK
1P6V_D,4231,68.0,68,0.25759798128658223,OK
1FIR_A,18456,76.0,76,0.030192007163552574,OK
1EUY_B,16947,74.0,74,0.025920237816148595,OK
1S03_A,36,47.0,47,0.18971631205673758,OK
1H3E_B,17411,86.0,86,0.11281360487155273,OK
1SLP_A,26,19.0,19,0.0,OK
1S2F_A,34,23.0,23,0.01278772378516624,OK
1JGP_B,14335,76.0,76,0.010563031226479173,OK
1SY4_A,403,24.0,24,0.12117452440033086,OK
1T28_A,110,34.0,34,0.13877005347593582,OK
1TOB_A,11,27.0,27,0.19865319865319866,OK
1U1Y_R,1,17.0,17,0.0,OK
1U1Y_S,1,17.0,17,0.0,OK
1QA6_D,4333,58.0,58,0.03132336439673078,OK
1G59_D,18111,75.0,75,0.013811127675629913,OK
1U3K_A,18,38.0,38,0.42105263157894735,OK
1U63_B,43,49.0,49,0.27906976744186046,OK
1TXS_A,801,38.0,38,0.015572639463828109,OK
1SCL_A,1274,29.0,29,0.0007578628268283441,OK
1ULL_A,8,35.0,35,0.08928571428571429,OK
1VC5_B,138,76.0,76,0.115465293668955,OK
1U6P_B,146,101.0,101,0.15699172656991728,OK
1GTR_B,16987,74.0,74,0.02169783252375823,OK
1VFG_C,124,31.0,31,0.049167533818938604,OK
1QZW_H,4853,47.0,47,0.22784765729467624,OK
1NEM_A,5,23.0,23,0.05217391304347826,OK
1MT4_A,118,24.0,24,0.012005649717514125,OK
1WKS_A,50,17.0,17,0.001176470588235294,OK
1WSU_F,66,23.0,23,0.022397891963109356,OK
1WTS_A,1,14.0,14,0.0,OK
1XMQ_X,1,11.0,11,0.0,OK
1XNQ_X,1,11.0,11,0.6363636363636364,OK
1XP7_B,99,23.0,23,0.020202020202020204,OK
1XWP_A,1,15.0,15,0.0,OK
1YN2_A,1,17.0,17,0.0,OK
1YKV_D,122,38.0,38,0.42083692838654013,OK
1XHP_A,531,32.0,32,0.0472575329566855,OK
1YSV_A,37,27.0,27,0.031031031031031032,OK
1NBS_A,4324,155.0,155,0.25406284503595833,OK
1YNG_A,123,31.0,31,0.11513244164699711,OK
1Z30_A,1,18.0,18,0.0,OK
1YSH_F,191,34.0,34,0.05281798583307669,OK
1URN_Q,3033,21.0,21,0.0007693153093746566,OK
1ZDH_R,7,19.0,19,0.0,OK
1ZDI_S,6,19.0,19,0.0,OK
1J2B_C,17456,77.0,77,0.016674205720951827,OK
1J2B_D,17456,77.0,77,0.016674205720951827,OK
1ZE2_C,165,22.0,22,0.01818181818181818,OK
1ZIF_A,1,12.0,12,0.0,OK
1ZIG_A,2,12.0,12,0.0,OK
1ZDK_S,7,19.0,19,0.0,OK
1ZSE_R,11,20.0,20,0.004545454545454545,OK
2A43_A,17,26.0,26,0.02262443438914027,OK
229D_A,1,12.0,12,0.0,OK
2A6O_D,56,22.0,22,0.017857142857142856,OK
2A9X_2,7,28.0,28,0.07142857142857142,OK
2AC0_E,1,12.0,12,0.0,OK
2AHT_A,6,27.0,27,0.012345679012345678,OK
2ANR_B,4,24.0,24,0.0,OK
2ANN_B,3,25.0,25,0.0,OK
2AU4_A,14,41.0,41,0.08710801393728224,OK
2B2E_S,6,19.0,19,0.0,OK
2AP0_A,17,28.0,28,0.03361344537815126,OK
2B2G_R,6,19.0,19,0.0,OK
2B3J_H,1,16.0,16,0.0,OK
28SP_A,2331,28.0,28,0.011245939817368388,OK
1ZC5_A,2584,41.0,41,0.011704296609529563,OK
2B6G_B,16,19.0,19,0.0,OK
2B8R_B,101,23.0,23,0.01076194575979337,OK
2BJ2_A,6,21.0,21,0.0,OK
2BNY_R,6,19.0,19,0.0,OK
2BQ5_S,6,19.0,19,0.0,OK
2BJ2_B,1,19.0,19,0.0,OK
2BS1_S,11,20.0,20,0.004545454545454545,OK
2BS0_R,11,20.0,20,0.00909090909090909,OK
2C0B_R,1,13.0,13,0.0,OK
2C4R_R,1,10.0,10,0.0,OK
2C4Y_R,6,19.0,19,0.0,OK
2C51_R,6,19.0,19,0.03508771929824561,OK
2C50_R,7,19.0,19,0.0,OK
2C4Z_S,6,19.0,19,0.0,OK
2D2K_D,4,19.0,19,0.0,OK
2AB4_B,129,20.0,20,0.001937984496124031,OK
2B3J_E,1,16.0,16,0.0,OK
2B63_R,7,31.0,31,0.35023041474654376,OK
2D1B_B,683,39.0,39,0.1271915005443556,OK
2DR7_B,155,33.0,33,0.05513196480938416,OK
2DVI_B,544,34.0,34,0.12975778546712802,OK
1Z43_A,4856,101.0,101,0.18778850702203664,OK
1Y0Q_A,2799,229.0,229,0.2213813105429107,OK
1QU3_T,14297,75.0,75,0.013679326665267772,OK
2ESE_B,173,23.0,23,0.02261874842925358,OK
2EUY_A,164,34.0,34,0.1606886657101865,OK
2EVY_A,1,14.0,14,0.0,OK
1X8W_D,3569,247.0,247,0.13921272133066678,OK
2CZJ_B,4418,63.0,63,0.2220964740204215,OK
1X8W_B,3569,247.0,247,0.13921272133066678,OK
2EXF_B,1,14.0,14,0.0,OK
2F4X_A,84,24.0,24,0.018849206349206348,OK
2F87_A,1,12.0,12,0.0,OK
2EZ6_C,715,28.0,28,0.0533966033966034,OK
2F8K_B,1,16.0,16,0.0,OK
2FEY_A,28,43.0,43,0.14119601328903655,OK
2FCZ_A,100,23.0,23,0.02,OK
2FY1_B,6,21.0,21,0.12698412698412698,OK
2EEU_A,3747,67.0,67,0.06860413704097607,OK
2G1G_A,7,17.0,17,0.0,OK
1FFZ_A,7081,602.0,602,0.22331507130822692,OK
1U0B_A,12133,74.0,74,0.017444049175690157,OK
1X8W_C,4838,237.0,237,0.1646101625144121,OK
2GRW_A,21,22.0,22,0.008658008658008658,OK
2GVO_A,1,18.0,18,0.0,OK
2GV4_A,67,22.0,22,0.012890094979647219,OK
2F88_A,3205,34.0,34,0.015490501973020097,OK
2HNS_A,4,22.0,22,0.06818181818181818,OK
2H0S_B,1669,125.0,125,0.07595446375074895,OK
2H0Z_B,1669,125.0,125,0.07595446375074895,OK
2G9C_A,3935,67.0,67,0.015699140890212217,OK
2HVY_E,85,65.0,65,0.12434389140271493,OK
2HGH_B,3894,55.0,55,0.14495961152355605,OK
2HUA_A,15,40.0,40,0.255,OK
2HW8_B,27,36.0,36,0.2890946502057613,OK
2I91_D,1,15.0,15,0.0,OK
2I82_H,31,21.0,21,0.027649769585253458,OK
2I91_F,1,15.0,15,0.0,OK
2IHX_B,95,75.0,75,0.02049122807017544,OK
2GIS_A,4915,94.0,94,0.05156814787558711,OK
2IXY_A,121,27.0,27,0.025711662075298437,OK
2IZ9_S,6,19.0,19,0.0,OK
2IZ8_R,8,19.0,19,0.006578947368421052,OK
2IZM_R,3,19.0,19,0.0,OK
2IZN_R,1,19.0,19,0.0,OK
2IZN_S,1,19.0,19,0.0,OK
2DU4_C,12125,71.0,71,0.04158791926818644,OK
2HOJ_A,5037,83.0,83,0.14431998392617523,OK
2JR4_A,3,17.0,17,0.0,OK
2JRG_A,1,15.0,15,0.0,OK
2JTP_A,201,34.0,34,0.1340357038337723,OK
2CSX_C,14396,75.0,75,0.012711864406779662,OK
1SER_T,18681,94.0,94,0.13274666375097238,OK
2GO5_A,6187,127.0,127,0.03739616595121343,OK
2JYF_B,196,43.0,43,0.1006169909824395,OK
2CT8_C,15158,74.0,74,0.008118984534078874,OK
2K5Z_A,23,29.0,29,0.0704647676161919,OK
2HOP_A,5037,83.0,83,0.14431998392617523,OK
2K66_A,16,22.0,22,0.005681818181818182,OK
2DET_C,16905,76.0,76,0.03217126667600679,OK
2K96_A,181,47.0,47,0.4403432467379805,OK
2KBP_B,1,12.0,12,0.0,OK
2KD8_A,3,22.0,22,0.030303030303030304,OK
2KPD_A,3,17.0,17,0.0,OK
2KRL_A,8,102.0,102,0.05024509803921569,OK
2KPC_A,1,17.0,17,0.0,OK
2KRP_A,4,17.0,17,0.0,OK
2KRW_A,4,17.0,17,0.0,OK
2KUU_A,133,48.0,48,0.18671679197994986,OK
2KRZ_A,7,17.0,17,0.008403361344537815,OK
2DER_C,16905,76.0,76,0.03217126667600679,OK
2KVN_A,1,17.0,17,0.0,OK
2KUR_A,860,48.0,48,0.27933624031007753,OK
2JLT_B,4,16.0,16,0.0,OK
2KE6_A,1569,48.0,48,0.27820267686424477,OK
2KYE_A,1,11.0,11,0.0,OK
2KZL_A,40,55.0,55,0.26,OK
2JWV_A,120,29.0,29,0.07614942528735633,OK
2AKE_B,17388,72.0,72,0.024119443805434144,OK
2KUV_A,1090,48.0,48,0.3038799694189602,OK
2L2K_A,139,42.0,42,0.1668379582048647,OK
2L3C_B,177,34.0,34,0.11332668660684612,OK
2L1F_B,302,66.0,66,0.03848083483845073,OK
2L9E_A,7,17.0,17,0.0,OK
2FK6_R,13366,79.0,79,0.04773589515812841,OK
2J28_8,6625,74.0,74,0.11476185619581845,OK
2KX8_A,1865,42.0,42,0.2064981488573982,OK
2BYT_B,19721,83.0,83,0.06551941756173317,OK
2LBK_A,2,17.0,17,0.0,OK
2LBJ_A,2,17.0,17,0.0,OK
2LBQ_A,4,17.0,17,0.0,OK
2HOK_A,5037,83.0,83,0.14431998392617523,OK
2LDZ_A,4,30.0,30,0.03333333333333333,OK
2DLC_Y,19418,76.0,76,0.030875449257606886,OK
2LI4_A,188,32.0,32,0.05618351063829787,OK
2JYM_A,15,22.0,22,0.0,OK
2LBL_A,2,17.0,17,0.0,OK
2LHP_A,40,37.0,37,0.1783783783783784,OK
2LAC_A,4,17.0,17,0.0,OK
2LA5_A,67,36.0,36,0.10655058043117745,OK
2LU0_A,27,49.0,49,0.23356009070294784,OK
2LP9_A,1,16.0,16,0.0,OK
2LUN_A,48,28.0,28,0.047619047619047616,OK
2LQZ_A,25,27.0,27,0.02074074074074074,OK
2L94_A,1390,45.0,45,0.04799360511590727,OK
2M12_A,15,23.0,23,0.0,OK
2LUP_A,417,32.0,32,0.04106714628297362,OK
2D6F_F,20501,74.0,74,0.025950612824423857,OK
2D6F_E,20501,74.0,74,0.025950612824423857,OK
2M21_A,3,21.0,21,0.0,OK
2M22_A,12,23.0,23,0.050724637681159424,OK
2HOM_A,5037,83.0,83,0.14431998392617523,OK
2M23_A,25,29.0,29,0.06620689655172414,OK
2M58_A,16,59.0,59,0.2807203389830508,OK
2JQ7_B,3351,58.0,58,0.023184021239156607,OK
2MFD_A,1,19.0,19,0.0,OK
2MFC_B,67,22.0,22,0.04816824966078698,OK
1WZ2_D,25191,88.0,88,0.07414850541860188,OK
2MER_A,108,19.0,19,0.0,OK
2MFE_D,90,22.0,22,0.017676767676767676,OK
2MHI_A,339,53.0,53,0.19374408638058663,OK
2MI0_B,3,21.0,21,0.0,OK
2MIS_A,3,26.0,26,0.02564102564102564,OK
2MN0_A,1,15.0,15,0.0,OK
2MIY_A,141,59.0,59,0.0847457627118644,OK
2MTJ_A,12,47.0,47,0.1595744680851064,OK
2MFF_D,94,21.0,21,0.011144883485309016,OK
2MNC_A,24,29.0,29,0.14080459770114942,OK
2MXJ_A,1,11.0,11,0.0,OK
2N0J_A,9,27.0,27,0.07818930041152264,OK
2N2O_A,62,23.0,23,0.012622720897615708,OK
2MXL_A,733,39.0,39,0.05995732325882394,OK
2N2P_A,12,23.0,23,0.014492753623188406,OK
2N0R_A,30,26.0,26,0.021794871794871794,OK
2J37_A,6336,128.0,128,0.036126647332702023,OK
2N3R_A,1,62.0,62,0.0,OK
2N3O_B,12,23.0,23,0.0,OK
2N6S_A,66,36.0,36,0.117003367003367,OK
2N6T_A,22,42.0,42,0.07142857142857142,OK
2N82_A,25,23.0,23,0.022608695652173914,OK
2NOQ_C,1,13.0,13,0.0,OK
2NBY_A,46,39.0,39,0.11538461538461539,OK
2N6X_A,315,43.0,43,0.11266149870801033,OK
2MF1_G,1598,72.0,72,0.1528212348769295,OK
2N8A_B,92,45.0,45,0.33164251207729467,OK
2O32_A,1,14.0,14,0.0,OK
2NUF_D,34,28.0,28,0.16491596638655462,OK
2NC1_A,250,67.0,67,0.1675820895522388,OK
2O33_A,26,20.0,20,0.025,OK
2MQT_A,2109,68.0,68,0.22848157755278498,OK
2NUE_C,475,46.0,46,0.1674141876430206,OK
2OM7_A,1,12.0,12,0.0,OK
2OIU_P,3,71.0,71,0.3333333333333333,OK
2OIH_B,102,75.0,75,0.2073202614379085,OK
2OOM_B,1,16.0,16,0.0,OK
2OM7_D,1,13.0,13,0.0,OK
2OOM_A,4,16.0,16,0.0,OK
2OM7_B,1,10.0,10,0.0,OK
2PCW_A,17,35.0,35,0.16302521008403362,OK
2NZ4_Q,1711,141.0,141,0.11511247621771516,OK
2QH4_A,17,18.0,18,0.0032679738562091504,OK
2QH3_A,6,23.0,23,0.0,OK
2PXV_B,4477,49.0,49,0.06092363235220378,OK
2PXF_B,3687,49.0,49,0.036847611298384285,OK
2QWY_A,973,52.0,52,0.06826626610799273,OK
2LKR_A,4576,111.0,111,0.22072662697662698,OK
2PXL_B,4378,47.0,47,0.05242848672764208,OK
2QUW_D,443,57.0,57,0.26834580808680847,OK
2QUX_I,3,25.0,25,0.0,OK
2PXD_B,4044,49.0,49,0.035694099598296294,OK
2OZB_C,4620,33.0,33,0.011176702085792994,OK
2PXP_B,3854,49.0,49,0.03854463425224786,OK
2PXK_B,3658,49.0,49,0.04501177179455708,OK
2RN1_B,1,16.0,16,0.0,OK
2RLU_A,2,19.0,19,0.0,OK
2RO2_A,45,23.0,23,0.022222222222222223,OK
2R93_R,1,18.0,18,0.0,OK
2RP1_A,11,27.0,27,0.06060606060606061,OK
2PXU_B,4499,49.0,49,0.032569595964636135,OK
2RPT_A,17,20.0,20,0.05,OK
2RPK_A,6,20.0,20,0.08333333333333333,OK
2RQJ_A,1,12.0,12,0.0,OK
2RRC_A,13,22.0,22,0.04895104895104895,OK
2TPK_A,13,36.0,36,0.053418803418803416,OK
2UUC_Y,1,11.0,11,0.0,OK
2PXB_B,4958,49.0,49,0.05358480625005145,OK
2UWM_C,66,23.0,23,0.022397891963109356,OK
2OEU_A,5119,43.0,43,0.0643748551906486,OK
2VPL_B,39,48.0,48,0.25747863247863245,OK
2VPL_D,39,48.0,48,0.25747863247863245,OK
2J37_Z,4383,280.0,280,0.23219419184511586,OK
2QBZ_X,2010,161.0,161,0.03652235715830784,OK
2RVO_A,1852,34.0,34,0.014975860754669038,OK
2W2H_S,8,22.0,22,0.0,OK
2VWJ_B,122,26.0,26,0.02364438839848676,OK
2XEB_A,18,19.0,19,0.0,OK
2WWA_G,4,18.0,18,0.0,OK
2XDD_G,104,36.0,36,0.13942307692307693,OK
2WWB_G,1,14.0,14,0.0,OK
2WWB_F,132,25.0,25,0.05181818181818182,OK
2XHB_D,1,19.0,19,0.0,OK
2WWA_E,1187,34.0,34,9.91129391942118e-05,OK
2Y8W_B,10,20.0,20,0.0,OK
2Y9H_L,3,19.0,19,0.0,OK
2Y9H_N,3,19.0,19,0.0,OK
2ZH2_B,116,34.0,34,0.04994929006085193,OK
2ZH1_B,57,33.0,33,0.04891015417331207,OK
2YJY_D,1,10.0,10,0.0,OK
2ZH4_B,110,34.0,34,0.05962566844919786,OK
2ZH7_B,111,33.0,33,0.2716352716352716,OK
2ZH5_B,267,34.0,34,0.06400088125137696,OK
2WW9_D,3083,63.0,63,0.021840198940425992,OK
2ZH8_B,265,34.0,34,0.08812430632630411,OK
2ZHB_B,330,34.0,34,0.09304812834224599,OK
2R8S_R,4059,159.0,159,0.1616409531733968,OK
2ZH9_B,230,33.0,33,0.2085638998682477,OK
397D_A,1,15.0,15,0.0,OK
2ZY6_A,15,39.0,39,0.19658119658119658,OK
2XNW_A,3935,67.0,67,0.015699140890212217,OK
3AGV_U,1,15.0,15,0.0,OK
2XO1_A,3851,67.0,67,0.054942116217148486,OK
2V3C_M,4698,96.0,96,0.17900569391230312,OK
3AGV_S,1,10.0,10,0.0,OK
2MS0_B,11852,71.0,71,0.03875021984760402,OK
2YIE_X,4450,54.0,54,0.090715771951727,OK
2YIF_X,4450,54.0,54,0.090715771951727,OK
2YDH_A,4565,94.0,94,0.05346414672228566,OK
3BBM_B,8,30.0,30,0.04583333333333333,OK
3BO0_D,236,27.0,27,0.010200878844946642,OK
3BO0_E,822,27.0,27,0.00013517166801838335,OK
3C2P_C,5,20.0,20,0.0,OK
3C3L_C,1,19.0,19,0.0,OK
3B4B_B,1661,125.0,125,0.06850331125827815,OK
2ZNI_D,4793,72.0,72,0.08293054686232237,OK
3B4C_B,1669,125.0,125,0.07595446375074895,OK
2XXA_F,6849,106.0,106,0.1314253285839828,OK
3DEG_E,1,16.0,16,0.0,OK
3DEG_K,1,15.0,15,0.0,OK
3CUL_D,740,92.0,92,0.3364424206815511,OK
3CUL_C,740,92.0,92,0.3364424206815511,OK
3DH3_G,282,22.0,22,0.0025789813023855577,OK
3DKN_D,123,20.0,20,0.0004065040650406504,OK
3BO1_G,4935,32.0,32,0.14036854103343466,OK
3EGZ_B,592,65.0,65,0.24893451143451142,OK
2XKV_B,7381,114.0,114,0.1398612368884547,OK
1I95_A,6882,1514.0,1514,0.057836344462244664,OK
3A3A_A,8282,90.0,90,0.10302530253025302,OK
3F4E_X,3508,54.0,54,0.14365049199712826,OK
2NR0_F,24103,87.0,87,0.03191809480481516,OK
3F4G_Y,4990,56.0,56,0.16549885485256227,OK
3DJ2_A,4092,174.0,174,0.06887843956809474,OK
3D2G_B,4181,77.0,77,0.15405809211118945,OK
3FU2_B,300,34.0,34,0.18901960784313726,OK
3GS5_C,60,36.0,36,0.11851851851851852,OK
3HAY_E,58,71.0,71,0.12433220009713453,OK
3E5F_A,193,53.0,53,0.06765079675432593,OK
3DIR_A,4092,174.0,174,0.06887843956809474,OK
3AKZ_H,9952,74.0,74,0.027122077865646996,OK
2NR0_G,24103,87.0,87,0.03191809480481516,OK
3I2R_C,4,19.0,19,0.0,OK
3I2U_B,4,30.0,30,0.0,OK
3IAB_R,47,46.0,46,0.09343200740055504,OK
3IBK_A,1,12.0,12,0.0,OK
3ID5_D,76,35.0,35,0.544360902255639,OK
2NR0_E,24103,87.0,87,0.03191809480481516,OK
1FKA_A,7289,1479.0,1479,0.05584396393799097,OK
3CCV_9,9081,122.0,122,0.07310345325585216,OK
3G9C_S,1711,141.0,141,0.11511247621771516,OK
2NRE_F,24103,87.0,87,0.03191809480481516,OK
3FO6_A,3991,68.0,68,0.018353796041092458,OK
3J0O_4,1,14.0,14,0.0,OK
2NR0_H,24103,87.0,87,0.03191809480481516,OK
3ADC_C,14623,92.0,92,0.1158679447802598,OK
3J0L_b,1,12.0,12,0.0,OK
3IWN_B,2798,93.0,93,0.13228342825520534,OK
3AMT_B,16248,78.0,78,0.02500347182769635,OK
3ADC_D,14623,92.0,92,0.1158679447802598,OK
3IRW_R,2775,92.0,92,0.1856090873482178,OK
3J0O_6,1,19.0,19,0.0,OK
1HNW_A,6997,1507.0,1507,0.05381840107984472,OK
3ADD_D,14623,92.0,92,0.1158679447802598,OK
2V0G_F,19649,83.0,83,0.06729549374657774,OK
3J0Q_3,1,12.0,12,0.0,OK
3IQN_A,4854,94.0,94,0.05355530424567586,OK
3J45_3,1,18.0,18,0.0,OK
3IZZ_D,4355,60.0,60,0.03950631458094145,OK
3J6B_e,17,20.0,20,0.0029411764705882353,OK
3J0L_1,3571,50.0,50,0.010204424530943713,OK
3J5S_B,48,32.0,32,0.06315104166666667,OK
3HL2_E,8282,90.0,90,0.10302530253025302,OK
3EOH_A,3948,412.0,412,0.2580352839338586,OK
3J0O_7,2959,50.0,50,0.01668807029401825,OK
3FOZ_D,10927,69.0,69,0.0680550637100229,OK
3ICQ_D,7274,67.0,67,0.13892456879747536,OK
3IQR_A,4892,94.0,94,0.052310763556653504,OK
3J0Q_a,2496,48.0,48,0.047501001602564104,OK
3ICQ_E,7274,67.0,67,0.13892456879747536,OK
3JCS_5,38,133.0,133,0.15037593984962405,OK
3J0E_C,1,13.0,13,0.0,OK
3JCS_6,31,76.0,76,0.09465195246179967,OK
3J2C_O,4469,144.0,144,0.14298034608786456,OK
2ZJQ_Y,7595,122.0,122,0.0689398763207028,OK
3J7Y_B,3574,73.0,73,0.04736644410544955,OK
1N34_A,6944,1513.0,1513,0.05698415194276333,OK
3IIN_B,3954,197.0,197,0.19856779358562557,OK
3JCM_E,6119,85.0,85,0.028336041067840767,OK
3FOZ_C,13840,74.0,74,0.010789329792219965,OK
3J0O_h,5152,111.0,111,0.05247852666330927,OK
3J45_5,8224,108.0,108,0.028813589854445886,OK
3KYL_E,172,24.0,24,0.015746124031007752,OK
3MJ3_B,21,29.0,29,0.013136288998357963,OK
3MJA_C,1,14.0,14,0.0,OK
3LWO_D,57,58.0,58,0.1675741076830006,OK
3NPN_A,480,54.0,54,0.4339506172839506,OK
3K0J_E,6760,87.0,87,0.14889308304427668,OK
3EPL_E,23150,69.0,69,0.011489028703790653,OK
3NPQ_B,283,54.0,54,0.331370239497448,OK
3NMU_E,11,34.0,34,0.01871657754010695,OK
3J5L_B,7624,118.0,118,0.04551527735785299,OK
1VY6_AA,6972,1498.0,1498,0.05287093443390192,OK
3NVI_F,16,24.0,24,0.015625,OK
3OIJ_C,1,14.0,14,0.0,OK
3NPQ_C,283,54.0,54,0.331370239497448,OK
3KTW_D,2494,96.0,96,0.17382133787757284,OK
3JBV_a,7437,120.0,120,0.056696248487293266,OK
3Q0A_D,2,20.0,20,0.0,OK
3MUT_R,2686,92.0,92,0.1978212308588818,OK
3JCM_F,4510,214.0,214,0.5837153159127173,OK
3KTV_A,5902,108.0,108,0.028169986319766055,OK
3LA5_A,4186,71.0,71,0.03461235641272383,OK
3Q22_D,8,21.0,21,0.0,OK
3MUV_R,2686,92.0,92,0.1978212308588818,OK
3Q23_C,6,20.0,20,0.0,OK
3R4F_A,11,66.0,66,0.1349862258953168,OK
3R1H_C,334,130.0,130,0.3274988484569323,OK
3S8U_A,7,27.0,27,0.0,OK
3KTV_C,5902,108.0,108,0.028169986319766055,OK
3OXD_A,4075,88.0,88,0.14195203569436698,OK
3OWZ_B,4188,88.0,88,0.14367890943822176,OK
3SIV_C,683,32.0,32,0.06460468521229869,OK
3OVS_C,3600,34.0,34,0.03454248366013072,OK
3JB9_P,11364,186.0,186,0.1261363937429271,OK
3OX0_A,4188,88.0,88,0.14367890943822176,OK
3OWW_B,4188,88.0,88,0.14367890943822176,OK
3Q51_A,12,33.0,33,0.07575757575757576,OK
3Q24_D,20,22.0,22,0.031818181818181815,OK
3OXB_B,4146,88.0,88,0.1429718677367013,OK
3P22_E,62,40.0,40,0.2669354838709677,OK
3SKW_A,196,66.0,66,0.01886209029066172,OK
3SNP_D,207,30.0,30,0.052012882447665054,OK
3SD3_A,803,89.0,89,0.055843955951697985,OK
3SN2_B,259,29.0,29,0.11436559712421782,OK
3OXB_A,4146,88.0,88,0.1429718677367013,OK
3OUY_C,3899,35.0,35,0.05565529622980251,OK
3TS2_V,6,24.0,24,0.0,OK
3TS0_U,15,23.0,23,0.028985507246376812,OK
3Q3Z_V,969,75.0,75,0.0730374957000344,OK
3TRZ_U,2,21.0,21,0.0,OK
3UZS_C,55,28.0,28,0.03116883116883117,OK
3JBU_v,15279,76.0,76,0.006496705143971258,OK
3VA3_C,1,12.0,12,0.0,OK
3WPH_B,1,12.0,12,0.0,OK
3JBO_7,14904,75.0,75,0.03072105922347468,OK
1VVJ_XA,6945,1501.0,1501,0.05277220993539704,OK
3J7R_S6,16089,76.0,76,0.02755969263079384,OK
3UD3_R,2750,92.0,92,0.1985098814229249,OK
3OXD_B,4075,88.0,88,0.14195203569436698,OK
3WC1_Q,6795,75.0,75,0.09166151582045622,OK
3ZD4_A,5419,43.0,43,0.06042477587472159,OK
3UCU_R,2775,92.0,92,0.1856090873482178,OK
3J81_1,16204,75.0,75,0.014955977947831812,OK
3V7E_C,4864,126.0,126,0.19102933114035087,OK
3TRA_A,7036,75.0,75,0.04356073526624976,OK
3JBO_AB,23891,118.0,118,0.04167160316380397,OK
484D_B,9,27.0,27,0.024691358024691357,OK
3ZN8_G,5796,88.0,88,0.1598143704121965,OK
4A4R_A,14,22.0,22,0.0,OK
430D_A,1274,29.0,29,0.0007578628268283441,OK
488D_B,1,20.0,20,0.0,OK
4A4S_A,36,22.0,22,0.016414141414141416,OK
4AL7_B,238,20.0,20,0.0002100840336134454,OK
4AL5_B,238,20.0,20,0.0002100840336134454,OK
4ANG_R,9,20.0,20,0.027777777777777776,OK
3UMY_B,7453,80.0,80,0.0647826378639474,OK
4AY2_C,99,20.0,20,0.022222222222222223,OK
4ATO_G,59,34.0,34,0.0353938185443669,OK
3WC2_P,13947,76.0,76,0.015132475197458046,OK
3ZJT_B,12275,88.0,88,0.11014626920940566,OK
3WFR_A,12487,74.0,74,0.006051699172544852,OK
3TUP_T,11445,76.0,76,0.013042928421972362,OK
4AOB_A,3694,94.0,94,0.0636829130620097,OK
4C4W_D,960,35.0,35,0.07160714285714286,OK
3W3S_B,18387,99.0,99,0.11725730684777838,OK
3WC2_Q,13947,76.0,76,0.015132475197458046,OK
4C9D_D,1,13.0,13,0.0,OK
4C8Y_C,4,16.0,16,0.0,OK
4C9D_C,17,29.0,29,0.028397565922920892,OK
3RG5_B,12575,86.0,86,0.10604836099680984,OK
4C7O_E,429,48.0,48,0.19425019425019424,OK
4CXG_b,1,17.0,17,0.0,OK
486D_A,8592,74.0,74,0.0568961070008556,OK
3WQZ_C,17887,75.0,75,0.017811073218911313,OK
4CXG_c,21,19.0,19,0.0,OK
4DR4_W,10,15.0,15,0.0,OK
3ZGZ_E,20710,88.0,88,0.12674377770949474,OK
4CXG_2,2881,50.0,50,0.017716070808746962,OK
4B5R_A,4802,94.0,94,0.0507501307079497,OK
4ED5_C,1,11.0,11,0.0,OK
3WQY_C,17817,75.0,75,0.01702194533310883,OK
3ZJV_B,20563,87.0,87,0.12945805461321278,OK
486D_C,15236,72.0,72,0.004053812607566874,OK
3ZGZ_B,20710,88.0,88,0.12674377770949474,OK
4ENB_A,1189,52.0,52,0.1495277220676716,OK
3W1K_G,19893,95.0,95,0.0977000637621803,OK
3JCS_8,29952,121.0,121,0.08006501863035954,OK
4FNJ_A,162,35.0,35,0.20970017636684304,OK
4FF1_C,13,20.0,20,0.11538461538461539,OK
4HQU_C,1,11.0,11,0.0,OK
4ER8_B,3403,32.0,32,0.08443836320893329,OK
4ILL_R,37,24.0,24,0.0,OK
4J50_B,7,19.0,19,0.03007518796992481,OK
4ILM_K,1,16.0,16,0.0,OK
4FEJ_B,3933,67.0,67,0.020670863834906322,OK
4FEN_B,3993,67.0,67,0.026583835144338413,OK
4JF2_A,92,77.0,77,0.14088085827216262,OK
4FEO_B,3955,67.0,67,0.016857557974979717,OK
4JV5_Y,1,10.0,10,0.0,OK
4JYA_Y,1,10.0,10,0.0,OK
4JRC_A,932,57.0,57,0.18509524885174308,OK
3IYQ_A,18098,349.0,349,0.10882220042994192,OK
4K27_U,278,55.0,55,0.41393067364290387,OK
4K50_F,58,35.0,35,0.17586206896551723,OK
4CSU_A,7624,118.0,118,0.04551527735785299,OK
4K50_B,58,35.0,35,0.17586206896551723,OK
4ERJ_A,3948,161.0,161,0.07100851441409126,OK
4K50_N,58,35.0,35,0.17586206896551723,OK
4KAZ_B,1,15.0,15,0.0,OK
4ANG_S,9,20.0,20,0.027777777777777776,OK
4KJI_C,8,16.0,16,0.0,OK
4KB1_C,160,18.0,18,0.00034722222222222224,OK
4KB0_D,155,18.0,18,0.0017921146953405018,OK
4BY9_B,156,72.0,72,0.19756054131054132,OK
4KR6_D,21,39.0,39,0.18315018315018314,OK
4AS1_B,20487,87.0,87,0.12719644473170258,OK
4L47_QY,2,18.0,18,0.0,OK
4M2Z_C,26,27.0,27,0.18376068376068377,OK
4ARI_B,20487,87.0,87,0.12719644473170258,OK
4CXH_Y,14678,76.0,76,0.012251597449817485,OK
4M59_D,1,18.0,18,0.0,OK
4M30_D,69,27.0,27,0.057971014492753624,OK
4LW0_A,833,89.0,89,0.05104064097549132,OK
4M6D_B,8,45.0,45,0.20277777777777778,OK
4CXG_1,10198,135.0,135,0.06408591372309748,OK
4NI9_D,1,16.0,16,0.0,OK
3IZ4_A,17372,377.0,377,0.1331046758984701,OK
4M6D_H,8,45.0,45,0.20277777777777778,OK
4O26_F,366,51.0,51,0.166130933247616,OK
4GXY_A,9403,172.0,172,0.13773375147466543,OK
4P5J_A,135,86.0,86,0.09035314384151594,OK
4PCJ_A,162,35.0,35,0.20970017636684304,OK
4OOG_D,1386,34.0,34,0.12573211102622867,OK
4PDB_I,14,38.0,38,0.11466165413533834,OK
4E8V_A,4107,393.0,393,0.24010393723618398,OK
4NLF_A,1836,27.0,27,0.0019769224562252883,OK
4GCW_B,14158,76.0,76,0.0236940617541877,OK
4GMA_Z,6148,210.0,210,0.22070204789788395,OK
4PMI_A,12,40.0,40,0.0875,OK
4Q0Z_D,2,17.0,17,0.0,OK
4Q9R_R,9,84.0,84,0.1746031746031746,OK
4PRF_B,114,76.0,76,0.1956371191135734,OK
4QI2_E,319,23.0,23,0.026713915769388034,OK
4QIL_C,2,19.0,19,0.0,OK
4QI2_F,319,23.0,23,0.026713915769388034,OK
4PJO_3,4372,60.0,60,0.1688662702043306,OK
4PJO_2,4372,60.0,60,0.1688662702043306,OK
3JAG_9,4523,1719.0,1719,0.08571714835569272,OK
4KR3_C,13400,74.0,74,0.050423557886244454,OK
4JXX_B,16507,75.0,75,0.020086831849114518,OK
4PJO_4,4372,60.0,60,0.1688662702043306,OK
4JYZ_B,16329,75.0,75,0.02074672872394717,OK
4PKD_V,3921,55.0,55,0.3449073752057685,OK
4JXZ_B,16380,75.0,75,0.02086691086691087,OK
4QQB_C,1,18.0,18,0.0,OK
3Q1R_B,16203,347.0,347,0.11268166264439236,OK
4QOZ_D,690,26.0,26,0.03634336677814939,OK
4RGF_A,18,56.0,56,0.3134920634920635,OK
4RZD_A,116,101.0,101,0.16251280300443838,OK
4TUA_QY,2,17.0,17,0.0,OK
4TUB_QY,2,17.0,17,0.0,OK
4LCK_B,12532,75.0,75,0.14823066283647196,OK
4TS2_Y,52,47.0,47,0.2622749590834697,OK
4TUC_XY,5,18.0,18,0.011111111111111112,OK
4RUM_A,391,94.0,94,0.16996789465092235,OK
4P3E_A,5957,125.0,125,0.035322477757260363,OK
4TUW_C,1411,28.0,28,0.08329958489419864,OK
4TUX_C,569,26.0,26,0.0627281330269028,OK
4OJI_A,12298,54.0,54,0.07523204616227872,OK
4RMO_F,53,45.0,45,0.05408805031446541,OK
4TZP_F,743,102.0,102,0.0670704351727232,OK
4QKA_A,3661,122.0,122,0.1895455420672485,OK
4QK8_A,3661,122.0,122,0.1895455420672485,OK
3JCE_a,6872,1533.0,1533,0.0640534739419234,OK
4QK9_A,4464,124.0,124,0.18742051104173893,OK
4QJD_H,10629,47.0,47,0.09079135164133452,OK
4QLN_A,4764,125.0,125,0.14014609571788414,OK
4RQE_D,8887,90.0,90,0.11227760899191078,OK
4TVX_X,7699,61.0,61,0.06742412789397814,OK
4QEI_C,13905,69.0,69,0.054591977653747736,OK
4V2S_Q,103,65.0,65,0.07333831217326363,OK
4RQF_C,8887,90.0,90,0.11227760899191078,OK
4RQE_B,8887,90.0,90,0.11227760899191078,OK
4V4P_B1,786,78.0,78,0.08051151562601944,OK
4QLM_A,4764,125.0,125,0.14014609571788414,OK
4V50_CW,2,17.0,17,0.0,OK
4V3P_S2,7036,75.0,75,0.04356073526624976,OK
4U7U_X,11850,61.0,61,0.014545203015840077,OK
4V4G_HA,8088,119.0,119,0.04882219950294658,OK
4V4S_BB,6141,123.0,123,0.05816562806566024,OK
4UYJ_S,4836,110.0,110,0.2056883976238815,OK
4V4W_B9,7240,108.0,108,0.07454215264988745,OK
4UE4_A,4372,266.0,266,0.08260960039623304,OK
4V5P_CY,3000,67.0,67,0.22171144278606966,OK
4V6E_CX,32,17.0,17,0.0055147058823529415,OK
4V4I_0,13147,76.0,76,0.009086523641575224,OK
4V49_AW,14335,76.0,76,0.010563031226479173,OK
4UY8_V,14562,77.0,77,0.014385422296423532,OK
4U6F_3,18466,121.0,121,0.05370200135518214,OK
4V4X_AC,14643,77.0,77,0.022061869019459678,OK
3JCS_1,7754,1538.0,1538,0.21606609013913872,OK
4ADV_A,6649,1410.0,1410,0.04722152000674127,OK
4BTS_AA,5078,1717.0,1717,0.07801614556655258,OK
4V69_BA,7700,117.0,117,0.035742035742035744,OK
4V5G_CY,17330,69.0,69,0.03494484725323432,OK
4V5C_CY,14140,76.0,76,0.011638316087247823,OK
4V68_AY,16887,72.0,72,0.10656866228459762,OK
4V51_CV,14643,77.0,77,0.022061869019459678,OK
4V6G_BB,5974,122.0,122,0.05266811922703299,OK
4V75_A1,1,97.0,97,0.20618556701030927,OK
4UJC_A4,29832,121.0,121,0.06600378095295086,OK
4V6P_AB,15857,76.0,76,0.012715619533793809,OK
4B3R_A,6937,1512.0,1512,0.05688745954711069,OK
4V6L_AB,14565,76.0,76,0.011511915731656639,OK
4V6U_B3,7444,126.0,126,0.10710554148222069,OK
4V6U_A0,15113,76.0,76,0.01701480426401808,OK
4K0K_A,7088,1511.0,1511,0.055969821758571084,OK
4V6W_BC,12491,75.0,75,0.05432391321751661,OK
4DR3_A,7274,1498.0,1498,0.055444102355519026,OK
4V83_AV,10,35.0,35,0.2057142857142857,OK
4DR6_A,7274,1500.0,1500,0.05650728622491064,OK
4V8M_BF,25,73.0,73,0.06410958904109589,OK
4DV7_A,7267,1498.0,1498,0.05544652628898528,OK
4LEL_QA,6783,1500.0,1500,0.053876062705784065,OK
4V7L_DB,6015,122.0,122,0.052119700748129674,OK
4V6I_DC,21560,118.0,118,0.050154083204930665,OK
4V6X_BC,14906,75.0,75,0.04527572789480746,OK
4V7Z_DB,6015,122.0,122,0.052119700748129674,OK
4V99_AD,1,17.0,17,0.0,OK
4V8A_AB,6041,122.0,122,0.05224137790670853,OK
4V84_CV,10,34.0,34,0.10588235294117647,OK
4V7H_B3,12823,113.0,113,0.03127193324495048,OK
4V75_A3,14643,77.0,77,0.022061869019459678,OK
4U4O_2,5187,1750.0,1750,0.07573978903302211,OK
4V8Q_BY,4283,90.0,90,0.2289698290398734,OK
4V8Y_CN,9035,87.0,87,0.020502642978455433,OK
4UJC_C1,4138,1742.0,1742,0.09864566264117565,OK
4L47_XA,6801,1500.0,1500,0.05385835416360339,OK
4V8N_CV,16777,78.0,78,0.029322041928586604,OK
4V8N_CW,16845,78.0,78,0.03257452945787763,OK
4V8M_BG,7854,182.0,182,0.1720569346619767,OK
4V7L_CY,16126,75.0,75,0.018887097440985573,OK
4W90_C,4169,119.0,119,0.2098038543793627,OK
4V90_AV,14948,76.0,76,0.01174070109713674,OK
4WFM_B,4115,103.0,103,0.1320813033066333,OK
4V6X_A7,29832,121.0,121,0.06600378095295086,OK
4W29_CX,13093,76.0,76,0.010828405696897097,OK
4V8F_BB,17048,85.0,85,0.10266375907472328,OK
4V4G_EA,6727,1526.0,1526,0.051826026881363244,OK
4V8M_BD,15177,119.0,119,0.018401351447873082,OK
4V9I_CY,22825,75.0,75,0.04277590361445783,OK
4WC2_B,12852,75.0,75,0.00690113082269945,OK
4U52_6,6149,1795.0,1795,0.07207404243097706,OK
4U27_AA,6874,1538.0,1538,0.06585234953669108,OK
4WJ3_Q,14480,76.0,76,0.032275915963943004,OK
4V6T_AV,17370,363.0,363,0.10935180030799438,OK
4W92_C,4169,119.0,119,0.2098038543793627,OK
4WC3_B,13130,76.0,76,0.006779372269210727,OK
4WQF_BW,14140,76.0,76,0.011638316087247823,OK
4V8P_C3,27589,120.0,120,0.06714602438169802,OK
4WQ1_1L,17048,85.0,85,0.10266375907472328,OK
4WQ1_1K,17048,85.0,85,0.10266375907472328,OK
4WQR_1L,14140,76.0,76,0.011638316087247823,OK
4V56_AA,6889,1530.0,1530,0.06238258016711305,OK
4V4Y_AA,6884,1515.0,1515,0.05768721846037015,OK
4WQ1_3L,17048,85.0,85,0.10266375907472328,OK
4WR6_1L,17048,85.0,85,0.10266375907472328,OK
4WSD_1K,14140,76.0,76,0.011638316087247823,OK
4WRA_3L,17048,85.0,85,0.10266375907472328,OK
4V5E_CA,7050,1504.0,1504,0.052397578089633315,OK
4V6F_BA,6856,1516.0,1516,0.05838269658839358,OK
4WSD_3K,14140,76.0,76,0.011638316087247823,OK
4WRA_3K,17048,85.0,85,0.10266375907472328,OK
4WT8_DV,7898,55.0,55,0.0799235709845991,OK
4X4P_H,16,28.0,28,0.033482142857142856,OK
4WZJ_VVVV,3017,68.0,68,0.2503168320692546,OK
4X4N_B,3401,32.0,32,0.14897272860923258,OK
4WRA_1K,17048,85.0,85,0.10266375907472328,OK
4V6O_AA,6924,1531.0,1531,0.06756947974104215,OK
4WSD_3L,14140,76.0,76,0.011638316087247823,OK
4X4U_G,696,37.0,37,0.20437247592420008,OK
4XEJ_BIRE,10,32.0,32,0.13125,OK
4X4Q_B,3602,36.0,36,0.10437102844098957,OK
4X4U_B,696,37.0,37,0.20437247592420008,OK
4X4V_D,696,37.0,37,0.20437247592420008,OK
4XW7_A,2065,64.0,64,0.10686289346246973,OK
4X4Q_D,3375,36.0,36,0.12976954732510287,OK
4X4T_D,4094,34.0,34,0.0891764131153194,OK
4X4O_B,4094,34.0,34,0.0891764131153194,OK
4WT1_2K,14619,77.0,77,0.021897317403165955,OK
4Y1I_B,2453,100.0,100,0.10738279657562169,OK
4Y1M_B,2660,107.0,107,0.1220609936055091,OK
4YB1_R,4134,91.0,91,0.16525781910397294,OK
4YAZ_A,4091,84.0,84,0.14546158233520737,OK
4Y1O_A,3761,275.0,275,0.1770573590196031,OK
4Z0C_B,1,13.0,13,0.0,OK
4WU1_2L,17048,85.0,85,0.10266375907472328,OK
4Z7K_C,113,31.0,31,0.20982015415358266,OK
4WSM_1L,24103,87.0,87,0.03191809480481516,OK
4WSM_2L,24103,87.0,87,0.03191809480481516,OK
4ZLD_B,3,17.0,17,0.0,OK
4WSM_2K,24103,87.0,87,0.03191809480481516,OK
4V8G_CA,6573,1501.0,1501,0.056042459852060696,OK
4ZT9_D,367,85.0,85,0.1812469947106908,OK
4WZD_2K,17048,85.0,85,0.10266375907472328,OK
4ZNP_A,2078,73.0,73,0.08585705433306524,OK
5A17_A,21,32.0,32,0.12648809523809523,OK
4V8A_DA,6977,1498.0,1498,0.0533395729205995,OK
4WSM_3L,24103,87.0,87,0.03191809480481516,OK
4YVI_C,9952,74.0,74,0.027122077865646996,OK
5A8L_P,3,18.0,18,0.0,OK
4YCO_E,14027,76.0,76,0.007176010175863842,OK
4YCO_F,14027,76.0,76,0.007176010175863842,OK
4YCO_D,14027,76.0,76,0.007176010175863842,OK
4YPB_QV,14643,77.0,77,0.022061869019459678,OK
5B43_B,37,43.0,43,0.32558139534883723,OK
4YVJ_C,11923,74.0,74,0.017503077177655722,OK
4WSM_3K,24103,87.0,87,0.03191809480481516,OK
5BJO_E,35,36.0,36,0.2777777777777778,OK
5BTM_A,18,55.0,55,0.17676767676767677,OK
5B2S_A,399,81.0,81,0.2100312509669235,OK
5A2Q_3,1217,257.0,257,0.21980119513123103,OK
5CZZ_B,38,73.0,73,0.2782984859408796,OK
4V8E_BA,7023,1502.0,1502,0.05190051785336102,OK
5D0A_F,1,17.0,17,0.0,OK
5D0B_F,1,17.0,17,0.0,OK
5BTP_B,1348,75.0,75,0.09824925816023738,OK
5D5L_D,83,77.0,77,0.15443592552026286,OK
5DCV_D,49,51.0,51,0.1480592236894758,OK
5DE5_A,109,35.0,35,0.07601572739187418,OK
5DO4_A,1,14.0,14,0.0,OK
5DDO_A,695,61.0,61,0.29430357353461495,OK
4YYE_C,16939,76.0,76,0.02104532983678276,OK
5F5F_B,3,20.0,20,0.0,OK
5D6G_0,4418,74.0,74,0.04205767560226591,OK
5AKA_7,6185,74.0,74,0.07556424654241954,OK
4YVK_C,20849,74.0,74,0.029886066218744047,OK
5A8L_A,3538,253.0,253,0.2624034480524268,OK
5E54_A,3915,71.0,71,0.058007303077725614,OK
5F5H_D,26,22.0,22,0.013986013986013986,OK
5F9H_B,239,23.0,23,0.010005457522284883,OK
5FJ1_H,55,24.0,24,0.05227272727272727,OK
4ZDO_E,12812,87.0,87,0.10577188770585048,OK
5FJ4_D,362,35.0,35,0.10883977900552486,OK
4ZDP_E,12812,87.0,87,0.10577188770585048,OK
4Z7L_F,1,14.0,14,0.0,OK
4Z31_E,1,15.0,15,0.0,OK
5DUN_A,68,54.0,54,0.27913943355119825,OK
5G4V_B,4,19.0,19,0.013157894736842105,OK
5G4U_I,3,19.0,19,0.017543859649122806,OK
5DI4_A,2776,48.0,48,0.23300912584053796,OK
5GAM_W,30,31.0,31,0.0978494623655914,OK
5FK3_A,4789,94.0,94,0.059849033467654154,OK
5FKH_A,4763,94.0,94,0.05259737068984772,OK
5FKE_A,4792,94.0,94,0.05441915604020886,OK
5GAO_V,404,96.0,96,0.29692656765676567,OK
4WF1_CA,6791,1539.0,1539,0.0670679928495355,OK
5E6M_C,13400,74.0,74,0.050423557886244454,OK
4W2E_a,7013,1496.0,1496,0.052623146013781895,OK
5E7K_3L,12543,76.0,76,0.006955022092423117,OK
5EL7_3L,12543,76.0,76,0.006955022092423117,OK
5FJ0_C,2,19.0,19,0.0,OK
5FQ5_A,379,84.0,84,0.2413933911295389,OK
5HLF_E,55,33.0,33,0.03801652892561983,OK
5CCB_N,17990,77.0,77,0.036339813604960906,OK
4W2F_CA,6852,1503.0,1503,0.053839392629413285,OK
5E81_3K,12543,76.0,76,0.006955022092423117,OK
5GAP_V,4689,67.0,67,0.022548804283126913,OK
5CD1_N,17990,77.0,77,0.036339813604960906,OK
4V9Q_BA,7077,1504.0,1504,0.05236180509832571,OK
5HSW_B,6,18.0,18,0.0,OK
5HRT_B,15,25.0,25,0.024,OK
5GAN_V,4410,160.0,160,0.20160714285714285,OK
5FK4_A,4608,93.0,93,0.047829394414575864,OK
5GAG_1,9295,113.0,113,0.12826193547772854,OK
5AH5_D,25960,84.0,84,0.05241488737251449,OK
5GAN_W,9617,80.0,80,0.08450920245398773,OK
5GM6_L,4959,66.0,66,0.10909457551925791,OK
5H9F_L,7699,61.0,61,0.06742412789397814,OK
5GMK_L,6106,127.0,127,0.2125984251968504,OK
5H1S_B,7532,121.0,121,0.062016388478030926,OK
5AH5_C,25960,84.0,84,0.05241488737251449,OK
5GAP_W,10418,112.0,112,0.28976633848010314,OK
5FKG_A,3684,94.0,94,0.04189190750109733,OK
5FKF_A,4718,94.0,94,0.05276532609381905,OK
5ANC_N,3598,1162.0,1162,0.2837888519056772,OK
5GAK_B,20576,77.0,77,0.026417109329239966,OK
4WRA_13,6977,1505.0,1505,0.053174526457839405,OK
5IB7_1L,12543,76.0,76,0.006955022092423117,OK
5HR6_C,17069,68.0,68,0.03642309932350701,OK
5IB8_1K,12543,76.0,76,0.006955022092423117,OK
5IB8_1L,12543,76.0,76,0.006955022092423117,OK
4V9K_CA,6929,1511.0,1511,0.05606234513075279,OK
5IEM_A,5365,57.0,57,0.07606154248622488,OK
5IB8_3L,12543,76.0,76,0.006955022092423117,OK
5HR6_D,17069,68.0,68,0.03642309932350701,OK
5JUT_EC,112,201.0,201,0.09137348969438522,OK
5K36_L,1,17.0,17,0.0,OK
5HR7_D,16905,76.0,76,0.03217126667600679,OK
5IBB_1K,13093,76.0,76,0.010828405696897097,OK
5IBB_3K,13093,76.0,76,0.010828405696897097,OK
5JTE_AY,3313,65.0,65,0.06575959506837865,OK
5KQE_A,16,36.0,36,0.11284722222222222,OK
5IBB_2L,14619,77.0,77,0.021897317403165955,OK
5KH8_A,2725,47.0,47,0.11770447003708764,OK
5L1Z_N,112,23.0,23,0.023680124223602484,OK
5LJ3_I,56,33.0,33,0.027597402597402596,OK
4WR6_1G,7004,1498.0,1498,0.052564279500022494,OK
5IBB_3L,13093,76.0,76,0.010828405696897097,OK
5K7D_A,231,47.0,47,0.16385741917656813,OK
5JUS_C,4159,158.0,158,0.0611956379485088,OK
5LM7_G,45,30.0,30,0.06222222222222222,OK
5JEA_R,799,27.0,27,0.10457516339869281,OK
5LM7_R,45,30.0,30,0.06222222222222222,OK
5IQR_6,14140,76.0,76,0.011638316087247823,OK
5JPQ_3,3886,274.0,274,0.255771231934964,OK
5JVH_Y,7482,123.0,123,0.07451813892637724,OK
5LWJ_A,5,34.0,34,0.047058823529411764,OK
5J8B_y,14140,76.0,76,0.011638316087247823,OK
5LSN_A,2650,29.0,29,0.03405335068314899,OK
5IQR_5,14547,78.0,78,0.0357550151322063,OK
5J4D_IA,14643,77.0,77,0.022061869019459678,OK
5KMZ_A,10,31.0,31,0.08709677419354839,OK
5JTE_AW,13460,74.0,74,0.007538853861290711,OK
5KCS_1x,14751,77.0,77,0.01913495629175922,OK
5LZD_x,83,48.0,48,0.31400602409638556,OK
5J02_A,3798,418.0,418,0.2640214819686009,OK
5M0I_F,8,28.0,28,0.10714285714285714,OK
5M0H_A,9,42.0,42,0.24867724867724866,OK
5M3H_V,1,16.0,16,0.0,OK
5LJ3_Z,4940,171.0,171,0.24785140990127139,OK
5IBB_1L,13093,76.0,76,0.010828405696897097,OK
5LYV_B,5365,57.0,57,0.07606154248622488,OK
5LYU_B,5592,58.0,58,0.07105902520842583,OK
5LQW_2,8328,81.0,81,0.12369990868229741,OK
5LJ3_V,10418,112.0,112,0.28976633848010314,OK
5L3P_y,14452,73.0,73,0.003208542970779036,OK
5L4O_A,14429,77.0,77,0.0169670927866229,OK
5MS0_R,104,29.0,29,0.15683023872679044,OK
5MPS_5,2800,141.0,141,0.3558257345491388,OK
4W2I_DA,5453,2800.0,2800,0.1250529852505829,OK
5LZV_2,9774,76.0,76,0.0824044457368098,OK
5KCR_1x,24103,87.0,87,0.03191809480481516,OK
5LMU_Z,14643,77.0,77,0.022061869019459678,OK
5MSF_R,2,18.0,18,0.0,OK
5MSF_S,2,18.0,18,0.0,OK
5MDV_5,9193,70.0,70,0.04936986216220416,OK
5M73_A,6536,145.0,145,0.044804372599501964,OK
5N5C_A,3,19.0,19,0.0,OK
5ML7_A,7232,96.0,96,0.04954830383480826,OK
5NDI_B,211,20.0,20,0.027488151658767772,OK
5NG6_B,31,43.0,43,0.23255813953488372,OK
5MLC_B,7532,121.0,121,0.062016388478030926,OK
5MLC_C,7050,103.0,103,0.09919300420023411,OK
5NP6_A,27,29.0,29,0.0421455938697318,OK
5MQF_6,5911,106.0,106,0.005424807602072248,OK
5MMI_B,7532,121.0,121,0.062016388478030926,OK
5MQ0_2,6066,155.0,155,0.20843410654839772,OK
5NS3_C,2164,34.0,34,0.12211862563879526,OK
5NS3_D,2164,34.0,34,0.12211862563879526,OK
5NS4_C,2152,33.0,33,0.11008786752281176,OK
5NY8_B,515,41.0,41,0.09452995500828795,OK
5NZ3_B,515,41.0,41,0.09452995500828795,OK
5O5J_W,75,19.0,19,0.021052631578947368,OK
5O69_B,515,41.0,41,0.09452995500828795,OK
5O62_B,515,41.0,41,0.09452995500828795,OK
5MQ0_6,10418,112.0,112,0.28976633848010314,OK
5LZC_y,17500,95.0,95,0.07944661654135339,OK
5NRL_4,4410,160.0,160,0.20160714285714285,OK
5O7H_A,1952,43.0,43,0.26353412123522685,OK
5MRE_bb,12903,76.0,76,0.0062541555003528355,OK
5ND9_B,7650,114.0,114,0.038508198601077855,OK
5NCO_1,9078,104.0,104,0.09470910230989543,OK
5MYJ_BB,9092,115.0,115,0.03816637655655234,OK
4ZSN_XA,6656,1508.0,1508,0.060417556684860235,OK
4ZSN_QA,6976,1511.0,1511,0.057725285976235434,OK
5MQF_2,11593,188.0,188,0.11017929014390562,OK
5OSG_2,395,88.0,88,0.38486766398158806,OK
5NRL_6,10418,112.0,112,0.28976633848010314,OK
5O9Z_6,5911,106.0,106,0.005424807602072248,OK
5T2A_H,34,127.0,127,0.1509958314034275,OK
5T5H_H,46,91.0,91,0.33659818442427136,OK
5O9Z_4,7022,145.0,145,0.14015557017845393,OK
5O2R_x,14751,77.0,77,0.01913495629175922,OK
5NWY_M,16507,75.0,75,0.020086831849114518,OK
5T83_A,2111,95.0,95,0.10134882445336459,OK
5U30_B,12,112.0,112,0.21502976190476192,OK
5HD1_1a,6685,1477.0,1477,0.057806536425641944,OK
5U33_B,12,112.0,112,0.21502976190476192,OK
5OA3_1,16419,75.0,75,0.016915362283533304,OK
5UA3_B,6,20.0,20,0.0,OK
5UC6_B,1,15.0,15,0.0,OK
5UDZ_V,15,25.0,25,0.17066666666666666,OK
5T7V_C,7579,114.0,114,0.04208882808684199,OK
5T2A_G,8152,183.0,183,0.15458675868873908,OK
5ON2_B,20487,87.0,87,0.12719644473170258,OK
5UX3_A,23,22.0,22,0.023715415019762844,OK
5UQ8_x,150,55.0,55,0.13575757575757577,OK
5T7V_D,13731,74.0,74,0.010388802610782073,OK
5UZ6_C,10,23.0,23,0.017391304347826087,OK
5UZZ_A,89,31.0,31,0.12903225806451613,OK
5TF6_B,11665,72.0,72,0.10643544315854646,OK
5V3F_A,11,31.0,31,0.05571847507331378,OK
5ON2_E,20487,87.0,87,0.12719644473170258,OK
5OMW_B,20487,87.0,87,0.12719644473170258,OK
5ON3_E,20487,87.0,87,0.12719644473170258,OK
5OMW_E,20487,87.0,87,0.12719644473170258,OK
5V3F_B,11,31.0,31,0.05571847507331378,OK
5UZ9_M,3069,60.0,60,0.05114043662430759,OK
5TF6_D,11665,72.0,72,0.10643544315854646,OK
5V9Z_A,23,23.0,23,0.03213610586011342,OK
5IB7_1G,6905,1508.0,1508,0.05588202528825266,OK
5VJ9_A,236,16.0,16,0.007415254237288136,OK
5H5U_h,6867,1534.0,1534,0.06446092824572065,OK
5VJB_A,236,16.0,16,0.007415254237288136,OK
5VPO_QV,2,18.0,18,0.0,OK
5ONH_B,20487,87.0,87,0.12719644473170258,OK
5VW1_C,385,85.0,85,0.23865546218487396,OK
5IBB_13,6879,1496.0,1496,0.05564929456697241,OK
5W1I_D,16,52.0,52,0.31850961538461536,OK
5W1H_B,16,52.0,52,0.31850961538461536,OK
5ONH_E,20487,87.0,87,0.12719644473170258,OK
5VZL_B,789,118.0,118,0.3013576507486413,OK
5LL6_2,5585,1325.0,1325,0.13414543673248763,OK
5WNP_b,1,15.0,15,0.0,OK
5WQ1_A,90,23.0,23,0.03816425120772947,OK
5WQE_B,10,112.0,112,0.23482142857142857,OK
5WLC_L0,345,488.0,488,0.29046685673556666,OK
5WTI_B,1,123.0,123,0.0,OK
5WTK_B,62,58.0,58,0.2800333704115684,OK
5V6X_C,5577,72.0,72,0.07581485466100851,OK
5WYK_5A,1,703.0,703,0.004267425320056899,OK
5VT0_R,4136,144.0,144,0.058440119277885234,OK
5V8I_1B,6083,120.0,120,0.04260918406488027,OK
5WYJ_3A,1402,157.0,157,0.28768274621332585,OK
5U4J_x,15021,77.0,77,0.024679734086564525,OK
5UQ7_y,14619,77.0,77,0.021897317403165955,OK
5J91_BA,6943,1522.0,1522,0.06360663885368051,OK
5NDG_6,3637,1700.0,1700,0.07807857154409743,OK
5XJ2_G,1,10.0,10,0.0,OK
5XUZ_F,18,40.0,40,0.2513888888888889,OK
5XTM_B,46,47.0,47,0.19148936170212766,OK
5XWY_B,205,59.0,59,0.32658123191401406,OK
5WSG_D,4510,214.0,214,0.5837153159127173,OK
5WIT_2y,14140,76.0,76,0.011638316087247823,OK
5W4K_2y,14140,76.0,76,0.011638316087247823,OK
5VSU_I,14814,83.0,83,0.12625227520043722,OK
5W4K_1y,14140,76.0,76,0.011638316087247823,OK
5WFK_w,15021,77.0,77,0.024679734086564525,OK
5X8T_W,7297,106.0,106,0.10443811232840583,OK
5Y7M_B,62,51.0,51,0.41366223908918404,OK
5Y87_D,144,50.0,50,0.10930555555555556,OK
5XJC_F,6755,107.0,107,0.00473861521752665,OK
5AJ4_BA,10265,1515.0,1515,0.2341885255257138,OK
5WWR_D,14901,75.0,75,0.023580520323020826,OK
5WT1_F,15754,76.0,76,0.013988093249500545,OK
5WWS_D,14901,75.0,75,0.023580520323020826,OK
5XXB_4,4569,158.0,158,0.06077140664522331,OK
5ZAM_C,502,44.0,44,0.31098333936979355,OK
5YDT_SA,5165,64.0,64,0.011096321393998064,OK
5ZAL_C,3261,73.0,73,0.1621739696622181,OK
5ZE2_J,918,31.0,31,0.013634127486119895,OK
5T5H_D,31922,118.0,118,0.05907354685520533,OK
5Y88_F,4451,82.0,82,0.17247425900455365,OK
5LMS_A,6965,1514.0,1514,0.05735641786968433,OK
5ZQ8_D,1,12.0,12,0.0,OK
5ZTM_C,62,55.0,55,0.1689149560117302,OK
5JPQ_2,13867,852.0,852,0.23118460045143824,OK
5XYM_B,8391,118.0,118,0.08472253362662578,OK
5X6B_P,18602,75.0,75,0.01960792746299681,OK
5YLZ_F,7910,91.0,91,0.1600908573095678,OK
5Z58_F,6755,107.0,107,0.00473861521752665,OK
6AAU_A,312,24.0,24,0.0010683760683760685,OK
5Y88_D,10418,112.0,112,0.28976633848010314,OK
5Z57_B,7273,117.0,117,0.07536245168583956,OK
5LZF_a,6958,1528.0,1528,0.06594146028000464,OK
5XJC_H,11593,188.0,188,0.11017929014390562,OK
6AZ3_3,39,211.0,211,0.10268562401263823,OK
5ZWM_H,4550,206.0,206,0.2344052064440414,OK
5ZEB_B,8391,118.0,118,0.08472253362662578,OK
5ZWM_I,4410,160.0,160,0.20160714285714285,OK
5ZWO_H,3678,150.0,150,0.16991118361428312,OK
6AZ4_A,103,32.0,32,0.18446601941747573,OK
6AZ3_5,38,133.0,133,0.15037593984962405,OK
5ZLU_DD,14662,77.0,77,0.019469890360628322,OK
6B3K_R,14,83.0,83,0.14285714285714285,OK
6AH0_F,6755,107.0,107,0.00473861521752665,OK
6BHJ_E,264,38.0,38,0.11782296650717704,OK
5Z56_H,11593,188.0,188,0.11017929014390562,OK
5NDK_1G,6936,1513.0,1513,0.057840793095746135,OK
6BMD_A,7,22.0,22,0.012987012987012988,OK
6BZ8_QY,5,17.0,17,0.0,OK
6BY4_A,1,14.0,14,0.0,OK
6AHD_F,6755,107.0,107,0.00473861521752665,OK
5ZEB_v,15021,77.0,77,0.024679734086564525,OK
6C65_C,223,35.0,35,0.11146700832799487,OK
6AH0_I,7309,144.0,144,0.13672070962740002,OK
6AHD_I,7309,144.0,144,0.13672070962740002,OK
5NJT_A,6955,1544.0,1544,0.0669666769722457,OK
5ZWO_F,10140,112.0,112,0.29340219075796,OK
6BK8_5,3633,103.0,103,0.29561810694309715,OK
6CB3_A,2987,101.0,101,0.11104886852930355,OK
6CC3_A,2677,101.0,101,0.11399268428897429,OK
6CCE_O,2989,57.0,57,0.10329688389592248,OK
6CC1_A,3267,101.0,101,0.11004433776711005,OK
6AH3_T,14880,80.0,80,0.055509072580645163,OK
6AHU_T,14934,72.0,72,0.037681539514605004,OK
6CK4_A,2618,117.0,117,0.11877338347926583,OK
6CRO_R,4,20.0,20,0.0,OK
6CRO_U,5,20.0,20,0.01,OK
6ASO_I,12595,69.0,69,0.11074212794357088,OK
6CC3_B,796,101.0,101,0.1168092939947261,OK
6D2U_B,80,29.0,29,0.13793103448275862,OK
6D12_C,104,38.0,38,0.15106275303643724,OK
6CK4_B,2617,117.0,117,0.12215331053695594,OK
6D3P_A,14,45.0,45,0.20317460317460317,OK
6D6V_C,1,19.0,19,0.0,OK
6D6V_B,21,159.0,159,0.24468403713686732,OK
6CK4_C,2618,117.0,117,0.11877338347926583,OK
6CU1_A,2264,81.0,81,0.3488145094446626,OK
6BK8_2,6716,135.0,135,0.20080294708049323,OK
6DCB_B,169,36.0,36,0.1341222879684418,OK
6DB9_R,8,60.0,60,0.3,OK
6CK5_A,2631,117.0,117,0.12155204059422987,OK
6C4H_x,1,12.0,12,0.0,OK
6CK5_B,2631,117.0,117,0.12155204059422987,OK
6C66_J,290,61.0,61,0.42498586772187674,OK
6DTI_X,4,17.0,17,0.0,OK
6DTD_C,135,37.0,37,0.07567567567567568,OK
6DMC_B,1791,102.0,102,0.1037978563843181,OK
6BK8_6,10418,112.0,112,0.28976633848010314,OK
6DU5_B,70,27.0,27,0.05767195767195767,OK
6DN1_Z,3114,57.0,57,0.1277141150886207,OK
6DU4_B,49,29.0,29,0.06826178747361013,OK
6DLR_A,2504,107.0,107,0.0913006479352662,OK
5XXU_2,3490,1619.0,1619,0.09703467597353066,OK
6DVK_H,48,95.0,95,0.17521929824561402,OK
6E1T_A,25,33.0,33,0.1296969696969697,OK
6DN2_X,3508,54.0,54,0.14365049199712826,OK
6E81_A,35,36.0,36,0.2777777777777778,OK
6E53_E,78,23.0,23,0.007246376811594203,OK
6CC1_B,3267,101.0,101,0.11004433776711005,OK
6E8S_B,45,38.0,38,0.10584795321637427,OK
6E82_A,11,36.0,36,0.2474747474747475,OK
6E8T_D,30,36.0,36,0.15462962962962962,OK
6E80_A,35,36.0,36,0.2777777777777778,OK
6E9E_B,61,51.0,51,0.38347798135647704,OK
6D8L_B,3665,158.0,158,0.14704612568428688,OK
6D8M_A,3575,159.0,159,0.15270616176276552,OK
5XY3_3,33874,118.0,118,0.09199821271851918,OK
6D8M_B,3575,159.0,159,0.15270616176276552,OK
6D8O_B,3634,158.0,158,0.1460973366865678,OK
6ERH_F,22,32.0,32,0.11647727272727272,OK
6ERG_R,20,31.0,31,0.035483870967741936,OK
6E9F_B,74,52.0,52,0.40124740124740127,OK
6EXN_I,58,39.0,39,0.20291777188328913,OK
6F4G_C,8,25.0,25,0.005,OK
6F4H_B,109,22.0,22,0.0016680567139282735,OK
6FFR_A,6,22.0,22,0.12878787878787878,OK
6D8N_B,4660,159.0,159,0.14611439522768374,OK
6FQ3_B,1,13.0,13,0.0,OK
6G7Z_A,20,132.0,132,0.3261363636363636,OK
6DN1_X,4450,54.0,54,0.090715771951727,OK
6GB2_BB,4599,73.0,73,0.04800030977550212,OK
6FLQ_R,2,21.0,21,0.0,OK
6G7Z_B,12,54.0,54,0.3410493827160494,OK
6FQL_B,1,13.0,13,0.0,OK
6G90_2,3802,143.0,143,0.19048127043918733,OK
6EVJ_V,1,16.0,16,0.0,OK
6EZ0_A,6,27.0,27,0.012345679012345678,OK
6FF7_6,6755,107.0,107,0.00473861521752665,OK
6GSL_1K,1,79.0,79,0.02531645569620253,OK
6FF7_5,7026,116.0,116,0.0841517221747794,OK
6DDG_2,7562,115.0,115,0.041671745454963605,OK
6GSL_1L,1,79.0,79,0.02531645569620253,OK
6EXN_2,6078,136.0,136,0.19990128331688056,OK
6GTC_B,30,43.0,43,0.24031007751937986,OK
6GTF_B,30,43.0,43,0.24031007751937986,OK
6GTG_B,30,43.0,43,0.24031007751937986,OK
6ERI_Ax,7929,118.0,118,0.03778983392865922,OK
6GZR_A,21,48.0,48,0.14087301587301587,OK
6H9H_E,26,26.0,26,0.0029585798816568047,OK
6H9I_C,20,25.0,25,0.052,OK
5WYK_SA,8358,1000.0,1000,0.33587628619286913,OK
6C4H_A,5527,619.0,619,0.3521224781970605,OK
6HBX_A,358,18.0,18,0.012259466170080694,OK
6HCT_A,6,19.0,19,0.0,OK
6FRK_2,14444,76.0,76,0.028068474981416434,OK
6GSK_16,5974,122.0,122,0.05266811922703299,OK
6HCT_E,6,19.0,19,0.0,OK
6HAG_A,727,43.0,43,0.013915101884136784,OK
6HIY_CA,66,478.0,478,0.1717066058070242,OK
6HIW_CA,238,621.0,621,0.37069513795856507,OK
6GSK_1L,13550,76.0,76,0.009528063701689649,OK
5UQ8_a,7103,1501.0,1501,0.05882989640488396,OK
6HYK_A,53,31.0,31,0.1363359707851491,OK
6GSJ_3L,13324,76.0,76,0.009457607167122248,OK
6I1K_B,89,40.0,40,0.19410112359550563,OK
6HA8_x,5829,75.0,75,0.04952250243037685,OK
6GSK_2L,14643,77.0,77,0.022061869019459678,OK
6IFO_D,726,99.0,99,0.26430976430976433,OK
6IFO_C,726,99.0,99,0.26430976430976433,OK
6IK9_E,76,33.0,33,0.19936204146730463,OK
5VPP_XA,6919,1515.0,1515,0.057810200733904867,OK
6GSL_3K,14733,77.0,77,0.011638331125197344,OK
5ZEY_A,17375,369.0,369,0.10421711411358718,OK
6FF7_2,11593,188.0,188,0.11017929014390562,OK
6IV9_B,26,50.0,50,0.26153846153846155,OK
6IV8_B,23,51.0,51,0.2966751918158568,OK
6IV6_G,421,59.0,59,0.22102339063569387,OK
6GSL_3L,14973,77.0,77,0.013091096441126495,OK
6IZP_A,121,29.0,29,0.05699629524080935,OK
6I7O_YS,4087,157.0,157,0.0629820512141184,OK
5XYI_2,5694,1490.0,1490,0.16478808494989428,OK
5V8I_1a,7495,1488.0,1488,0.05439773469051052,OK
6GSM_1,15949,76.0,76,0.028303209902617223,OK
6JDG_G,1,13.0,13,0.0,OK
6H58_w,14707,77.0,77,0.0221627831609473,OK
6JDQ_B,174,135.0,135,0.3032779906343125,OK
6JE3_B,174,135.0,135,0.3032779906343125,OK
6JE4_L,174,135.0,135,0.3032779906343125,OK
6HD7_A,12543,76.0,76,0.006955022092423117,OK
6JE9_D,174,135.0,135,0.3032779906343125,OK
6JFU_B,174,135.0,135,0.3032779906343125,OK
6JOO_B,20,96.0,96,0.371875,OK
6JQ5_B,174,82.0,82,0.16372301654051022,OK
6JQ6_U,163,81.0,81,0.161402711504961,OK
6K3Z_A,371,83.0,83,0.2437891728639626,OK
6ID0_B,7273,117.0,117,0.07536245168583956,OK
6ICZ_B,7273,117.0,117,0.07536245168583956,OK
6K84_A,1,25.0,25,0.0,OK
6K4P_A,383,84.0,84,0.2431306726345891,OK
6KDO_F,29,36.0,36,0.07758620689655173,OK
6K4U_A,371,83.0,83,0.2437891728639626,OK
6KDN_F,49,36.0,36,0.09240362811791383,OK
5MRC_aa,11007,1501.0,1501,0.16823289788274157,OK
6J6H_L,2751,209.0,209,0.2403371370828181,OK
6KLB_G,3,42.0,42,0.31746031746031744,OK
6KUP_V,2,15.0,15,0.0,OK
6HTQ_u,14085,76.0,76,0.011283934009678082,OK
6KUV_V,1,15.0,15,0.0,OK
6HTQ_w,14217,75.0,75,0.014331199737403578,OK
6KWQ_B,51,31.0,31,0.07463630613535736,OK
6KYV_G,56,22.0,22,0.003246753246753247,OK
6LAU_B,73,55.0,55,0.23462017434620175,OK
6KWR_B,51,31.0,31,0.07463630613535736,OK
6AZ3_8,32015,118.0,118,0.04625983053494522,OK
6LAX_B,296,55.0,55,0.3636977886977887,OK
6LAZ_B,73,55.0,55,0.23462017434620175,OK
6LNC_M,85,60.0,60,0.30686274509803924,OK
6LQS_5A,98,152.0,152,0.413265306122449,OK
6LTR_B,13,56.0,56,0.28434065934065933,OK
6M0V_B,29,71.0,71,0.23069451189898008,OK
6LTP_B,13,56.0,56,0.28434065934065933,OK
6LT7_C,417,50.0,50,0.09223021582733813,OK
6MSF_R,1,14.0,14,0.0,OK
6MCE_A,155,30.0,30,0.054838709677419356,OK
6MSF_S,1,14.0,14,0.0,OK
6MPI_X,1,10.0,10,0.0,OK
6MXQ_A,32,49.0,49,0.05739795918367347,OK
6LQP_5A,497,523.0,523,0.3224740411878537,OK
6N7R_r,4,63.0,63,0.3253968253968254,OK
6IP5_zu,10854,75.0,75,0.06304035378662244,OK
6N7W_T,6,45.0,45,0.31851851851851853,OK
6J6N_L,5145,205.0,205,0.32205266775699826,OK
6J6G_L,6161,208.0,208,0.32575568401732985,OK
6NDK_QY,4,18.0,18,0.013888888888888888,OK
6N5K_A,3689,125.0,125,0.14976416373000814,OK
6N5P_A,3616,127.0,127,0.14819960281513483,OK
6J6Q_E,10418,112.0,112,0.28976633848010314,OK
6N5Q_A,3600,128.0,128,0.15361979166666667,OK
6NDK_XY,4,18.0,18,0.013888888888888888,OK
6ND4_2,1056,146.0,146,0.2718062474055625,OK
6N5T_A,3648,126.0,126,0.1658617028682818,OK
6ID0_H,11593,188.0,188,0.11017929014390562,OK
6NM9_E,18,40.0,40,0.2513888888888889,OK
6N5O_A,4297,126.0,126,0.12389411586525852,OK
6NSH_XV,6,17.0,17,0.0,OK
6NSH_QV,6,17.0,17,0.0,OK
6N5N_A,3628,125.0,125,0.1402271223814774,OK
6NY2_B,10,122.0,122,0.4180327868852459,OK
6MTE_8,4790,151.0,151,0.05534156424117574,OK
6NY1_B,10,122.0,122,0.4180327868852459,OK
6O9E_F,41,33.0,33,0.019216555801921657,OK
6LQU_3A,4237,175.0,175,0.2444465423648808,OK
6OMV_G,18,40.0,40,0.2513888888888889,OK
6K0B_V,10856,83.0,83,0.12134314709094299,OK
6MCF_A,5649,57.0,57,0.03923687782032528,OK
5ZEU_a,6517,1506.0,1506,0.05456125475082943,OK
6O0X_B,699,102.0,102,0.26018962663749334,OK
6J6Q_L,6950,210.0,210,0.3253470366563892,OK
6P5A_E,31,44.0,44,0.09824046920821114,OK
6OZF_D,1,11.0,11,0.0,OK
6N5S_A,4994,123.0,123,0.12697187844926106,OK
6ID1_H,11593,188.0,188,0.11017929014390562,OK
6PE2_E,86,56.0,56,0.14161129568106312,OK
6OD9_B,1348,75.0,75,0.09824925816023738,OK
6PK9_A,2,20.0,20,0.0,OK
6Q8V_A,2,19.0,19,0.0,OK
6QCS_V,1,14.0,14,0.0,OK
6QN3_B,198,50.0,50,0.10252525252525252,OK
6PMO_A,3100,66.0,66,0.14535190615835777,OK
6QWL_W,1,14.0,14,0.0,OK
5V7Q_A,4687,3118.0,3118,0.10272835773425411,OK
5ZLU_G,6940,1514.0,1514,0.056929465240845294,OK
6POM_A,3184,169.0,169,0.19441698135648658,OK
6QXE_H,1,15.0,15,0.0,OK
6O8Y_B,7297,116.0,116,0.021404639601536768,OK
6Q8Y_m,12723,75.0,75,0.04612748565589877,OK
6OJ2_XW,13128,76.0,76,0.009784229770037525,OK
6JXM_B,16918,97.0,97,0.2574845555822323,OK
6NWY_XV,12990,77.0,77,0.01331793687451886,OK
6R47_A,311,50.0,50,0.13234726688102894,OK
6RR7_D,1,15.0,15,0.0,OK
6RTI_X,1,21.0,21,0.0,OK
6OM7_u,12397,76.0,76,0.00986762501963548,OK
6POM_B,12761,75.0,75,0.010096387430452158,OK
6OF6_QW,12768,76.0,76,0.006936543661786044,OK
6ORD_QY,12922,76.0,76,0.00855945388932787,OK
6SDY_B,734,34.0,34,0.09669017470748517,OK
6SEI_E,96,32.0,32,0.07486979166666667,OK
6QDV_5,7026,116.0,116,0.0841517221747794,OK
6PMO_B,12761,75.0,75,0.010096387430452158,OK
6OM0_v,16722,76.0,76,0.029196488710114002,OK
6QW6_4,6921,146.0,146,0.14518449903311936,OK
6SGA_CA,60,474.0,474,0.19753867791842475,OK
6QNQ_1K,14643,77.0,77,0.022061869019459678,OK
6R5Q_8,4790,151.0,151,0.05534156424117574,OK
6SNJ_B,4836,28.0,28,0.023639666784828074,OK
6S05_y,4159,158.0,158,0.0611956379485088,OK
6Q95_8,17640,76.0,76,0.015733530254206946,OK
6SNT_6,1,149.0,149,0.18791946308724833,OK
6QNQ_2K,14643,77.0,77,0.022061869019459678,OK
6RXX_C2,4946,232.0,232,0.201645007459877,OK
6SVS_A,1026,77.0,77,0.42688792688792687,OK
6SWE_4,5,18.0,18,0.0,OK
6R84_B,14131,76.0,76,0.10895790889012212,OK
6S0Z_B,7535,114.0,114,0.039189047602416795,OK
6SQN_Y,3033,21.0,21,0.0007693153093746566,OK
6SY6_D,20,39.0,39,0.15512820512820513,OK
6SY4_C,7,43.0,43,0.07308970099667775,OK
6SQN_Z,3033,21.0,21,0.0007693153093746566,OK
6R7Q_3,16528,75.0,75,0.018150209745079058,OK
6T0R_V,4,20.0,20,0.0,OK
6T0U_V,15,23.0,23,0.020289855072463767,OK
6T0S_V,1,45.0,45,0.022222222222222223,OK
6T0W_V,39,34.0,34,0.16817496229260936,OK
6R6G_AF,7551,206.0,206,0.13270858485920337,OK
6T2C_V,39,34.0,34,0.16817496229260936,OK
6T4Q_5,8,30.0,30,0.0,OK
6TF3_A,166,52.0,52,0.15929101019462466,OK
6DZK_A,6600,1511.0,1511,0.057376611916651624,OK
6TFH_A,166,52.0,52,0.15929101019462466,OK
6TQA_G,21,21.0,21,0.0,OK
6TQB_B,25,19.0,19,0.002105263157894737,OK
6SJ6_B,7562,115.0,115,0.041671745454963605,OK
6SKF_BB,7876,126.0,126,0.10273223052552662,OK
6U79_A,43,37.0,37,0.08359522313010685,OK
6TW1_V,29,44.0,44,0.18887147335423196,OK
6CAR_A,7302,1497.0,1497,0.05664437612557353,OK
6U7Z_A,3,22.0,22,0.0,OK
6U8F_A,4,22.0,22,0.0,OK
6U7Y_A,7,22.0,22,0.0,OK
6U82_B,92,38.0,38,0.1066933638443936,OK
6UF1_C,407,50.0,50,0.1682063882063882,OK
6U8K_A,580,68.0,68,0.10276369168356998,OK
6RFL_U,18536,72.0,72,0.01920062461036781,OK
6UFJ_C,359,51.0,51,0.22884919984706975,OK
6UZ7_8,1,210.0,210,0.4238095238095238,OK
6UGJ_A,1843,31.0,31,0.07248000280048308,OK
6V9B_B,84,28.0,28,0.026785714285714284,OK
6R6G_2,19052,75.0,75,0.09205612709076913,OK
6UFM_B,1021,98.0,98,0.079733754422435,OK
6QX9_2,12648,188.0,188,0.1114594688252789,OK
6V9B_D,84,28.0,28,0.026785714285714284,OK
6V9Q_K,23,61.0,61,0.3670705630791162,OK
6VRC_B,53,60.0,60,0.31761006289308175,OK
6VPC_A,358,82.0,82,0.2456397329336422,OK
6VUG_E,24,32.0,32,0.06380208333333333,OK
6VU1_A,8,34.0,34,0.12867647058823528,OK
6UES_A,2112,119.0,119,0.06709160937102114,OK
6W3M_A,41,41.0,41,0.08982748364069007,OK
6SPD_B,7800,116.0,116,0.046147214854111406,OK
6W62_B,4,30.0,30,0.0,OK
6W5C_B,307,59.0,59,0.2270192679291117,OK
6W64_B,8,38.0,38,0.1611842105263158,OK
6WBR_B,9,94.0,94,0.4940898345153664,OK
6KE6_SA,5153,1310.0,1310,0.1556216418805913,OK
6WB0_C,1257,35.0,35,0.0838958972610524,OK
6VWV_B,3915,71.0,71,0.058007303077725614,OK
6TPQ_V,6004,123.0,123,0.06434192922875265,OK
6TNN_V,6652,116.0,116,0.018202977585170133,OK
6R5Q_2,18190,76.0,76,0.08292511790746795,OK
6WHI_M,2466,60.0,60,0.09585698837523655,OK
6TBV_PTR1,11433,70.0,70,0.09151953617973035,OK
6W2T_A,76,377.0,377,0.2915328772860533,OK
6WPI_B,62,47.0,47,0.3150308853809197,OK
6WLH_B,6,29.0,29,0.22413793103448276,OK
6WLJ_A,13,130.0,130,0.25857988165680473,OK
6WJR_X,3555,112.0,112,0.06567711472774763,OK
6SWC_4,14821,76.0,76,0.020017826767850737,OK
6WW6_C,30,54.0,54,0.1697530864197531,OK
6WW6_E,30,54.0,54,0.1697530864197531,OK
6WJS_X,4186,112.0,112,0.06446019043068732,OK
6TNU_n,16419,75.0,75,0.016915362283533304,OK
6WW6_F,30,54.0,54,0.1697530864197531,OK
6VMY_A,5103,148.0,148,0.21636318858541082,OK
6GSN_2,5705,1798.0,1798,0.07326399280922712,OK
6WKR_H,1121,314.0,314,0.28507872293277725,OK
6XH3_D,105,27.0,27,0.05326278659611993,OK
6XH2_D,76,27.0,27,0.07456140350877193,OK
6WZR_A,1348,75.0,75,0.09824925816023738,OK
6XKO_A,88,101.0,101,0.027115211521152115,OK
6XB7_A,628,41.0,41,0.048275594220910364,OK
6XA1_Bv,1006,64.0,64,0.033036158051689864,OK
6XJZ_A,4,58.0,58,0.1939655172413793,OK
6XMF_C,2,122.0,122,0.004098360655737705,OK
6XRQ_B,1,14.0,14,0.0,OK
6WTL_A,3652,124.0,124,0.15685837190403845,OK
6UFM_A,13915,77.0,77,0.01146851710991129,OK
6XZD_IN1,4,20.0,20,0.025,OK
6XXA_A,21,21.0,21,0.0,OK
6XZP_IN1,1,49.0,49,0.04081632653061224,OK
6XZR_IN1,1,19.0,19,0.0,OK
6HHQ_A,5390,1781.0,1781,0.07319281344307413,OK
6WD8_7,14140,76.0,76,0.011638316087247823,OK
6VWM_5,15167,76.0,76,0.02080781336211234,OK
6WTR_A,3615,125.0,125,0.14661134163208853,OK
6Y0Y_A,1031,27.0,27,0.0139382835794087,OK
6YFT_SE,1,20.0,20,0.0,OK
6YMC_A,59,26.0,26,0.1694915254237288,OK
6YL5_I,414,35.0,35,0.19158040027605244,OK
6UFH_B,15159,77.0,77,0.01326030655142074,OK
6W6L_u,12397,76.0,76,0.00986762501963548,OK
6YLX_6,1487,65.0,65,0.11774869380787337,OK
6WDI_7,14140,76.0,76,0.011638316087247823,OK
6YS5_3,1,453.0,453,0.9911699779249448,OK
6WZR_B,1348,75.0,75,0.09824925816023738,OK
6Z8K_C,1,10.0,10,0.0,OK
6Y53_2,4227,98.0,98,0.09035935168957576,OK
6ZDQ_C,23,65.0,65,0.10702341137123746,OK
6WQN_2,8661,115.0,115,0.07348684507763437,OK
6WRU_2,8661,115.0,115,0.07348684507763437,OK
6ZJ3_LD,155,116.0,116,0.045550611790878756,OK
6ZJ3_LL,7,90.0,90,0.24444444444444444,OK
6ZJ3_LM,27,58.0,58,0.13665389527458494,OK
6UZ7_3,14958,76.0,76,0.01123672599066861,OK
6WOO_3,16667,76.0,76,0.011344509951906225,OK
6Q95_4,18098,349.0,349,0.10882220042994192,OK
6RM3_L70,34214,119.0,119,0.057483962779008836,OK
6YEF_x,14804,77.0,77,0.029069012586980705,OK
6Y69_w,14707,77.0,77,0.0221627831609473,OK
6XZ7_f,14721,76.0,76,0.020564964479672793,OK
6EM3_1,11456,1250.0,1250,0.27334783519553074,OK
6QZP_L7,30518,120.0,120,0.05828937020774625,OK
6GXM_A,4514,2896.0,2896,0.08019028277892964,OK
6ZQC_D2,616,446.0,446,0.3504600780385534,OK
6S47_BA,4085,1707.0,1707,0.07803851804686442,OK
6YAM_1,14906,75.0,75,0.04527572789480746,OK
6Z6M_CC,16028,85.0,85,0.1046572909173652,OK
6ZQA_D4,4749,175.0,175,0.24038023042445025,OK
7A5I_B3,3574,73.0,73,0.04736644410544955,OK
6YS3_v,18727,75.0,75,0.019314714939214325,OK
6Y50_2,11593,188.0,188,0.11017929014390562,OK
6ZJ3_S4,14161,76.0,76,0.008823343578917635,OK
6XIR_3,17872,121.0,121,0.04816944368401193,OK
6YYM_B,1,12.0,12,0.0,OK
6YTF_7,15021,77.0,77,0.024679734086564525,OK
6ZJ3_LK,6,64.0,64,0.11458333333333333,OK
6ZYM_5,7026,116.0,116,0.0841517221747794,OK
6YLG_3,18466,121.0,121,0.05370200135518214,OK
6ZP4_1,17041,75.0,75,0.051329538563855796,OK
7ALU_A,47,22.0,22,0.0,OK
7ABF_6,5911,106.0,106,0.005424807602072248,OK
7AAV_6,5911,106.0,106,0.005424807602072248,OK
7ADE_R,3,32.0,32,0.0,OK
7AM2_R2,1,35.0,35,0.0,OK
6ZVI_d,12321,76.0,76,0.014471441569592352,OK
7AAV_5,7026,116.0,116,0.0841517221747794,OK
7A5P_5,2723,40.0,40,0.09248071979434447,OK
6ZMO_CB,16190,87.0,87,0.10729980902075213,OK
6XU7_A7,23790,120.0,120,0.06414564943253467,OK
6ZTL_AW,15021,77.0,77,0.024679734086564525,OK
7ABF_5,7026,116.0,116,0.0841517221747794,OK
7ABG_6,5911,106.0,106,0.005424807602072248,OK
7ABG_5,7026,116.0,116,0.0841517221747794,OK
6OSI_QA,6924,1511.0,1511,0.05723662905685669,OK
6Z1P_Ba,11959,196.0,196,0.24382328397535116,OK
6YWY_bb,12309,73.0,73,0.021161707048078196,OK
7ABI_6,5911,106.0,106,0.005424807602072248,OK
6ZJ3_LF,5876,527.0,527,0.21422458836188243,OK
7BG9_B,412,451.0,451,0.36415839665898864,OK
7AZO_5SB,6063,124.0,124,0.0638018547189989,OK
7D2L_B,13,43.0,43,0.2522361359570662,OK
7D12_A,107,20.0,20,0.044859813084112146,OK
7AS9_2,12402,76.0,76,0.010991436016262233,OK
7D4I_5A,43,118.0,118,0.21757981868348444,OK
7D7V_A,167,57.0,57,0.24036138249816158,OK
7D5T_5A,10,43.0,43,0.2302325581395349,OK
7ASN_B,7996,106.0,106,0.06199444061653468,OK
7D8C_B,11,44.0,44,0.25413223140495866,OK
7D7W_A,173,51.0,51,0.20899920661906382,OK
7AQC_T,12402,76.0,76,0.010991436016262233,OK
7B9V_2,4309,196.0,196,0.24229898503843403,OK
7AS8_2,12402,76.0,76,0.010991436016262233,OK
7DD4_A,38,36.0,36,0.22295321637426901,OK
7CPU_L8,4439,158.0,158,0.04438934530242585,OK
7DAS_C,675,66.0,66,0.4041526374859708,OK
7E9I_A,12,33.0,33,0.07575757575757576,OK
7ASA_2,12402,76.0,76,0.010991436016262233,OK
7EAG_A,1,19.0,19,0.0,OK
7ABI_2,11593,188.0,188,0.11017929014390562,OK
7AZS_ASIB,14140,76.0,76,0.011638316087247823,OK
7EAG_C,1,19.0,19,0.0,OK
7EEM_A,70,27.0,27,0.0,OK
7EEN_B,3,17.0,17,0.0,OK
7EEN_D,1,16.0,16,0.0,OK
7EFI_A,2,19.0,19,0.0,OK
6ZJ3_LO,28783,120.0,120,0.06141675062826437,OK
7EIA_E,2,19.0,19,0.0,OK
7ENI_B,49,74.0,74,0.2404853833425262,OK
7ASE_1,16077,75.0,75,0.017887250938193277,OK
7ELR_A,238,45.0,45,0.19850606909430438,OK
7D8O_L,96,37.0,37,0.17060810810810811,OK
7ABG_2,11593,188.0,188,0.11017929014390562,OK
7A5P_2,7940,155.0,155,0.1078573169740798,OK
7ENR_B,48,98.0,98,0.2181122448979592,OK
7DWH_X,129,45.0,45,0.3347114556416882,OK
7EOI_A,30,49.0,49,0.1489795918367347,OK
7EOP_A,124,48.0,48,0.0907258064516129,OK
7EXY_A,1,16.0,16,0.0,OK
7DVQ_F,3879,124.0,124,0.10553518116574774,OK
7FJ0_A,4,20.0,20,0.0125,OK
7B5K_x,14766,77.0,77,0.05840373902137413,OK
7ABH_2,11593,188.0,188,0.11017929014390562,OK
7JJU_A,165,51.0,51,0.0487225193107546,OK
7JRR_A,4,51.0,51,0.06372549019607843,OK
7DA7_C,1460,150.0,150,0.358296803652968,OK
7JRS_B,40,129.0,129,0.33275193798449615,OK
7JJF_A,1630,27.0,27,0.001272438082254033,OK
7B5K_z,16539,76.0,76,0.06285303318153901,OK
7JRT_A,1,134.0,134,0.0,OK
7EQG_M,2466,60.0,60,0.09585698837523655,OK
7K4L_A,20,36.0,36,0.12083333333333333,OK
7K16_P,122,51.0,51,0.19736419157827065,OK
7EAF_A,4379,94.0,94,0.04591546695301074,OK
7KI3_B,20,23.0,23,0.030434782608695653,OK
7KUD_A,1,13.0,13,0.0,OK
7KGA_A,1000,90.0,90,0.28842222222222225,OK
7KVU_G,4,83.0,83,0.16265060240963855,OK
7D0G_A,1854,916.0,916,0.645192384694017,OK
7L49_E,34,135.0,135,0.4801742919389978,OK
7DCO_H,5599,169.0,169,0.19300678164211488,OK
7CHD_I,15021,77.0,77,0.024679734086564525,OK
7DVQ_B,7273,117.0,117,0.07536245168583956,OK
7LRM_F,24,33.0,33,0.08333333333333333,OK
7AZS_ESIB,14140,76.0,76,0.011638316087247823,OK
7LYT_B,18,45.0,45,0.2654320987654321,OK
7M5O_B,18,45.0,45,0.2654320987654321,OK
7MK1_C,39,25.0,25,0.03794871794871795,OK
7JQL_1B,6109,121.0,121,0.04704886030500995,OK
7MSF_R,1,14.0,14,0.0,OK
7F0D_B,7656,115.0,115,0.06445867975103357,OK
7KUC_A,1,16.0,16,0.0,OK
7JIL_3,9316,111.0,111,0.053008676344872135,OK
7LVA_A,4532,103.0,103,0.12196976837847796,OK
7K54_2,7443,120.0,120,0.057343589054592685,OK
7EQJ_B,13093,76.0,76,0.010828405696897097,OK
7KKV_B,229,60.0,60,0.13333333333333333,OK
7N3P_B,177,265.0,265,0.23927086664534697,OK
7K00_Y,13093,76.0,76,0.010828405696897097,OK
7LJY_B,7162,76.0,76,0.1261923308690604,OK
6Y0G_S2,4900,1697.0,1697,0.08769376931680156,OK
7NIL_D,1,15.0,15,0.0,OK
7NQ4_C,6,20.0,20,0.008333333333333333,OK
7E8O_X,18084,85.0,85,0.0800018215647241,OK
7OAX_B,8,52.0,52,0.27403846153846156,OK
7KAB_C,14073,77.0,77,0.011133966580566453,OK
7MDL_E,8282,90.0,90,0.10302530253025302,OK
7EZ2_N,4881,392.0,392,0.3192204048183502,OK
7LH5_CY,14140,76.0,76,0.011638316087247823,OK
7OB9_R,1,31.0,31,0.06451612903225806,OK
7KJU_A,16244,76.0,76,0.015439708912764551,OK
7LH5_AV,15021,77.0,77,0.024679734086564525,OK
6VWN_1,6728,1508.0,1508,0.060465764042427705,OK
7ODF_F,5,43.0,43,0.14418604651162792,OK
7KJT_A,16244,76.0,76,0.015439708912764551,OK
7EVO_H,11593,188.0,188,0.11017929014390562,OK
7MRL_A,14730,75.0,75,0.0509735234215886,OK
7NHN_B,8681,114.0,114,0.03950450368520079,OK
7OJL_D,5,20.0,20,0.01,OK
7OIA_z,3813,73.0,73,0.08630532173638131,OK
7LJ3_C,20567,75.0,75,0.007903923761365294,OK
7OG4_XB,3790,72.0,72,0.04744942832014072,OK
7NHK_D,14492,77.0,77,0.02201304078201677,OK
7O1A_B8,12990,77.0,77,0.01331793687451886,OK
7N2U_Dt,15514,76.0,76,0.017728469362138104,OK
6ZU5_L70,31731,119.0,119,0.0481585089363343,OK
7OMB_T,3,21.0,21,0.06349206349206349,OK
7ORK_H,1,17.0,17,0.0,OK
7ORI_H,1,17.0,17,0.0,OK
7OQC_1,113,568.0,568,0.2963511155428144,OK
7OS0_D,14,54.0,54,0.2671957671957672,OK
7NHN_D,14656,77.0,77,0.045400491975273634,OK
7O1C_B8,12990,77.0,77,0.01331793687451886,OK
7O81_AT,10854,75.0,75,0.06304035378662244,OK
7NWW_z,12939,88.0,88,0.13142788890528284,OK
7OX7_A,379,81.0,81,0.20078829929313657,OK
7OZQ_F,25,33.0,33,0.055757575757575756,OK
7NWG_33,16611,75.0,75,0.026964461300744487,OK
7OZQ_G,25,33.0,33,0.055757575757575756,OK
7OZW_F,111,32.0,32,0.017736486486486486,OK
7O80_AT,17355,86.0,86,0.1221784486743985,OK
7ABZ_4,17370,363.0,363,0.10935180030799438,OK
7OQE_I,4824,86.0,86,0.1362928574183347,OK
7P0V_B,4210,24.0,24,0.005918448139350752,OK
7O81_AJ,17055,76.0,76,0.01969710996929439,OK
7OII_z,11594,85.0,85,0.08291611279667982,OK
7OQE_2,4558,143.0,143,0.20870244279634362,OK
7OYB_81,4709,158.0,158,0.06467550690705383,OK
7PDU_A,131,33.0,33,0.01272264631043257,OK
7PDU_B,1,19.0,19,0.0,OK
7OIZ_V,15771,75.0,75,0.009287088115317144,OK
7ONU_T,8413,128.0,128,0.1783187106264115,OK
7OX8_A,371,84.0,84,0.20767552303940445,OK
7OPE_2,12402,76.0,76,0.010991436016262233,OK
7PD3_B,3910,69.0,69,0.024493124281848844,OK
7PKT_0,27,75.0,75,0.29333333333333333,OK
7OF1_3,18466,121.0,121,0.05370200135518214,OK
7P48_5,14971,73.0,73,0.019964625673562494,OK
7P7T_B,7297,116.0,116,0.021404639601536768,OK
7PKT_1,53,162.0,162,0.41136734218495224,OK
7OHT_3,18466,121.0,121,0.05370200135518214,OK
7P7Q_D,14492,77.0,77,0.02201304078201677,OK
7PMM_C,117,44.0,44,0.291958041958042,OK
7PMM_D,117,44.0,44,0.291958041958042,OK
7PTK_B,1,720.0,720,0.0,OK
7PMQ_G,295,42.0,42,0.1863599677158999,OK
7PTS_A,1,558.0,558,0.0,OK
7POF_A,1,14.0,14,0.0,OK
7PS8_A,58,23.0,23,0.0,OK
6SKG_BA,5692,2853.0,2853,0.15576876703123957,OK
7PZY_10,1,16.0,16,0.0,OK
7P3K_V,15771,75.0,75,0.009287088115317144,OK
7PUA_CA,205,621.0,621,0.34301087938415614,OK
7Q0R_10,1,14.0,14,0.0,OK
7PAL_4,9008,108.0,108,0.043529208604697056,OK
7PAK_6,15901,76.0,76,0.008481757188392653,OK
7Q48_A,7,22.0,22,0.0,OK
7PJT_B,7437,120.0,120,0.056696248487293266,OK
7ONB_H,11593,188.0,188,0.11017929014390562,OK
7QI4_Ay,40,52.0,52,0.22259615384615383,OK
7Q4P_2,13,31.0,31,0.23076923076923078,OK
7PKT_2,4121,86.0,86,0.17295700411392584,OK
7Q0F_4,4224,158.0,158,0.06348293057153817,OK
7PJY_v,15021,77.0,77,0.024679734086564525,OK
7Q7Z_C,29,24.0,24,0.014367816091954023,OK
7QQV_A,367,85.0,85,0.1870171501843244,OK
7QQP_A,354,84.0,84,0.20739171374764595,OK
7QQQ_A,389,84.0,84,0.22071244950422328,OK
7BOI_A,8671,1070.0,1070,0.1060954066460659,OK
7QI6_Ax,10822,71.0,71,0.023305421142638495,OK
6ZSC_AA,12007,954.0,954,0.22038279906253147,OK
7QQ3_J,7751,120.0,120,0.0567582677503978,OK
7QR1_A,371,84.0,84,0.20767552303940445,OK
7QR7_A,389,84.0,84,0.22071244950422328,OK
7QTL_M,1,17.0,17,0.0,OK
7QR3_D,3183,69.0,69,0.0770123891871218,OK
7AZS_16SA,7286,1499.0,1499,0.05577851608273207,OK
7QR4_B,1810,69.0,69,0.08696452878533109,OK
7QR8_A,395,85.0,85,0.19544303797468354,OK
7REX_B,302,34.0,34,0.07177639267627581,OK
7REX_A,302,34.0,34,0.07177639267627581,OK
7PWG_3,16612,120.0,120,0.039449895657757444,OK
7Q08_3,16802,121.0,121,0.04552144028505068,OK
7QH4_1,20905,77.0,77,0.02656979471138763,OK
7REX_C,302,34.0,34,0.07177639267627581,OK
7OLC_3,33721,120.0,120,0.07308477407747892,OK
7RQ5_A,1,19.0,19,0.0,OK
7Q4O_2,11593,188.0,188,0.11017929014390562,OK
7RWR_A,79,38.0,38,0.20253164556962025,OK
7SHX_A,26,94.0,94,0.220949263502455,OK
7OF3_A,5160,1386.0,1386,0.1492839524816269,OK
7QXA_B,412,451.0,451,0.36415839665898864,OK
7SXP_A,11,22.0,22,0.0,OK
7QWQ_1,6485,167.0,167,0.04990881767690525,OK
7OI8_A,5960,1092.0,1092,0.18732637608476535,OK
7SLP_R,3389,81.0,81,0.4062161896331268,OK
7R7C_1,4880,226.0,226,0.2283330915421442,OK
7SYO_z,1477,400.0,400,0.21672816519972918,OK
7OYC_71,30174,120.0,120,0.057833731026711736,OK
7QI5_Ax,22651,70.0,70,0.039535939756680565,OK
7T1N_A,5647,56.0,56,0.05300538844898682,OK
7RGU_F,331,28.0,28,0.005826499784203712,OK
7U0Y_R,31,67.0,67,0.17091959557053443,OK
7TD7_A,5037,83.0,83,0.14431998392617523,OK
7OF2_A,6725,1407.0,1407,0.1517416634300616,OK
7R6M_A,4916,396.0,396,0.31806110330317,OK
7RR5_A,13373,76.0,76,0.012860752419446883,OK
7TDC_A,5037,83.0,83,0.14431998392617523,OK
7U0H_6,1071,59.0,59,0.12478437702764722,OK
7TAX_M,1896,61.0,61,0.09940686172788268,OK
7RQ9_1x,14804,77.0,77,0.029069012586980705,OK
7NSQ_a,6793,1540.0,1540,0.06743104532740923,OK
7U2A_C,295,38.0,38,0.2693131132917038,OK
7UMD_A,25,40.0,40,0.093,OK
7ST7_5,12161,76.0,76,0.011875754677376773,OK
7UME_A,40,28.0,28,0.12589285714285714,OK
7U2B_C,1325,53.0,53,0.029149163403346386,OK
7UMC_A,365,70.0,70,0.13154598825831704,OK
7QEP_2,30541,119.0,119,0.04738993924409094,OK
7TZR_Y,4558,80.0,80,0.134571083808688,OK
7TZU_A,5037,83.0,83,0.14431998392617523,OK
7UTN_C,5,222.0,222,0.3945945945945946,OK
7TTW_2,7773,115.0,115,0.06220417386829549,OK
7QIZ_5,29625,120.0,120,0.05780056258790436,OK
7PNW_A,5045,956.0,956,0.11772976267981472,OK
7UNR_B,7740,120.0,120,0.05926894918173988,OK
7UY6_B,21,159.0,159,0.24468403713686732,OK
7TOR_PTRN,14643,77.0,77,0.022061869019459678,OK
7OE0_A,7118,1510.0,1510,0.06201542958900949,OK
7P7U_a,6545,1521.0,1521,0.06757154358964314,OK
7V94_B,1,112.0,112,0.0,OK
7U2H_1y,16902,74.0,74,0.014723189643317439,OK
7U2I_2w,16902,74.0,74,0.014723189643317439,OK
7VNV_A,80,61.0,61,0.32786885245901637,OK
7UCJ_2,14736,76.0,76,0.05847834161952112,OK
7V06_A,2296,43.0,43,0.09394498014747589,OK
7V9X_D,48,39.0,39,0.0673076923076923,OK
7V9U_E,44,81.0,81,0.18855218855218855,OK
7UO1_C,12215,82.0,82,0.04030130886654753,OK
7UO0_C,13496,82.0,82,0.05123288562464759,OK
7VTI_B,15,41.0,41,0.004878048780487805,OK
7VTN_B,6,61.0,61,0.25136612021857924,OK
7WAZ_D,10,122.0,122,0.4180327868852459,OK
7U2J_1w,16902,74.0,74,0.014723189643317439,OK
7UVV_v,13707,77.0,77,0.010015737527228006,OK
7WM3_E,1,12.0,12,0.0,OK
7XD9_K,1,16.0,16,0.0,OK
7XG3_I,42,61.0,61,0.41100702576112413,OK
7XHT_B,26,228.0,228,0.5224358974358975,OK
7UVY_B,8330,115.0,115,0.038154392191659274,OK
7XUE_R,132,95.0,95,0.10837320574162679,OK
7XUI_R,140,122.0,122,0.14531615925058547,OK
7YQ3_G,11,22.0,22,0.024793388429752067,OK
7VNW_B,2201,64.0,64,0.09428952748750567,OK
7V08_2,4159,158.0,158,0.0611956379485088,OK
7R81_B1,30855,120.0,120,0.047396424134392046,OK
7UXA_E,11965,88.0,88,0.17356399346579038,OK
7URI_y,19050,90.0,90,0.0798915135608049,OK
7UQ6_B,17951,86.0,86,0.15664347260565908,OK
7Z2E_E,33,34.0,34,0.06506238859180036,OK
7Z43_RRR,4,18.0,18,0.0,OK
7Z42_H,1,13.0,13,0.0,OK
7YR7_A,1290,118.0,118,0.19675469714886348,OK
7WIE_V,52,50.0,50,0.12692307692307692,OK
7VYX_D,25,136.0,136,0.3458823529411765,OK
7ZQS_C,10,30.0,30,0.12666666666666668,OK
7Z4C_A,727,102.0,102,0.2342017962618335,OK
7XD9_N,1,19.0,19,0.0,OK
7YFX_B,110,26.0,26,0.1465034965034965,OK
7PIT_5,6602,1493.0,1493,0.07156663439786559,OK
7YZP_F,2515,59.0,59,0.10391212049735485,OK
7UR5_y,18802,90.0,90,0.08129099741162288,OK
8A3W_3,52,216.0,216,0.11396011396011396,OK
7Y7C_V,6403,75.0,75,0.07421729397678171,OK
7P2E_A,11441,955.0,955,0.21794858301021722,OK
8A3W_6,29,73.0,73,0.09116674539442607,OK
7XW2_C,2976,73.0,73,0.16721903078509354,OK
8A3W_S4,13,20.0,20,0.0038461538461538464,OK
7QVP_S3,4295,1705.0,1705,0.07734711643833278,OK
7MT2_A,4683,3115.0,3115,0.10266093437929412,OK
8A98_3,52,216.0,216,0.11396011396011396,OK
8A98_6,29,73.0,73,0.09116674539442607,OK
7UZ0_A,18004,87.0,87,0.1871767959610508,OK
8A98_S4,2,19.0,19,0.0,OK
7Q3L_2,11593,188.0,188,0.11017929014390562,OK
8AC0_R,165,93.0,93,0.08576083414793093,OK
7ZJW_F,8282,90.0,90,0.10302530253025302,OK
8ACP_R,165,93.0,93,0.08576083414793093,OK
7XSN_N,4820,388.0,388,0.31378865979381443,OK
7ZTA_ATR1,12133,74.0,74,0.017444049175690157,OK
7ZP8_v,12990,77.0,77,0.01331793687451886,OK
7YG8_N,4452,393.0,393,0.31347548861591784,OK
7ZQ5_a,7437,120.0,120,0.056696248487293266,OK
7PJW_a,6939,1529.0,1529,0.06643646290372489,OK
8ASB_P,3,20.0,20,0.03333333333333333,OK
7ZUW_6,11006,76.0,76,0.030645963445775987,OK
8APO_C2,172,23.0,23,0.0,OK
7X34_3,9097,130.0,130,0.04031760259087949,OK
8AS6_P,3,20.0,20,0.03333333333333333,OK
7VPX_H,11593,188.0,188,0.11017929014390562,OK
8APO_A6,191,109.0,109,0.22575531965992604,OK
8ASG_P,3,20.0,20,0.03333333333333333,OK
7ZTA_PTR1,12543,76.0,76,0.006955022092423117,OK
8A63_B,7649,114.0,114,0.030464938657272022,OK
7PD3_A,10209,1278.0,1278,0.18885542551901563,OK
7ZTA_ETR1,16507,75.0,75,0.020086831849114518,OK
8BE0_V,1,14.0,14,0.0,OK
7VPX_L,14979,164.0,164,0.07389573044538778,OK
8BH9_B,1,12.0,12,0.0,OK
8B0I_K,998,207.0,207,0.1430542243908106,OK
8BF8_B,605,150.0,150,0.2262258953168044,OK
7UO0_B,14356,373.0,373,0.12605783833085454,OK
7Q4K_AA,6937,1523.0,1523,0.06410172558561242,OK
8BSJ_LD,799,142.0,142,0.14374482187241094,OK
8A98_4,8365,183.0,183,0.16195440931019503,OK
8A3W_4,9748,183.0,183,0.1374562471550841,OK
8AZW_B,3822,163.0,163,0.049151987364082016,OK
8BTZ_A,89,238.0,238,0.43423661599471247,OK
8BVJ_B,37,117.0,117,0.3418803418803419,OK
8AGV_x,14131,76.0,76,0.10895790889012212,OK
8AGU_y,14131,76.0,76,0.10895790889012212,OK
8BWT_A,70,26.0,26,0.0016483516483516484,OK
8C4U_H,1,20.0,20,0.0,OK
8C4V_H,1,20.0,20,0.0,OK
8AAF_x,18286,74.0,74,0.13442568676080652,OK
7UO2_B,14462,376.0,376,0.1254064209358642,OK
8APN_A3,7421,207.0,207,0.09170997306898364,OK
8BTK_AT,4548,75.0,75,0.1154676048079742,OK
8CEP_a,590,28.0,28,0.08710653753026634,OK
8AM9_8,18178,85.0,85,0.10638457605508922,OK
8ASD_P,3,20.0,20,0.03333333333333333,OK
8B0X_Z,14191,77.0,77,0.01636943846795161,OK
8APN_C1,18246,73.0,73,0.00386949138035884,OK
8CGV_b,2571,56.0,56,0.19096932822137022,OK
8CBM_T,5725,69.0,69,0.06996519207645086,OK
8CI5_C,1,18.0,18,0.0,OK
8BF7_4,14643,77.0,77,0.022061869019459678,OK
8ANY_Ay,22031,70.0,70,0.0398017079829072,OK
8BTD_v,12192,75.0,75,0.03616469816272966,OK
8CQ1_A,12,44.0,44,0.07196969696969698,OK
8BR8_Lu,14906,75.0,75,0.04527572789480746,OK
8CLR_A,1,14.0,14,0.0,OK
8CSP_A,1,964.0,964,0.00933609958506224,OK
8CXF_A,13,26.0,26,0.005917159763313609,OK
8CAM_b,7437,120.0,120,0.056696248487293266,OK
8D29_F,29,34.0,34,0.07707910750507099,OK
8CH6_d,5911,106.0,106,0.005424807602072248,OK
8D2L_B,42,106.0,106,0.5462713387241689,OK
8BSJ_x,14999,74.0,74,0.03898548191501055,OK
8BRM_LE,13768,121.0,121,0.062412661291484386,OK
8D2O_B,14,106.0,106,0.2398921832884097,OK
8B2L_i2,21587,76.0,76,0.024541451604645097,OK
8D2Q_B,33,106.0,106,0.6272155517438537,OK
8D2N_B,42,106.0,106,0.5462713387241689,OK
8BSI_LE,13768,121.0,121,0.062412661291484386,OK
8D5L_B,10,33.0,33,0.04242424242424243,OK
8DC2_B,14,52.0,52,0.10027472527472528,OK
8C6J_5,7026,116.0,116,0.0841517221747794,OK
8E2P_E,1,12.0,12,0.0,OK
8DVS_B,26,26.0,26,0.0621301775147929,OK
8BSJ_LE,13768,121.0,121,0.062412661291484386,OK
8E2Q_G,1,10.0,10,0.0,OK
8E2Q_E,1,10.0,10,0.0,OK
8E2Q_H,1,11.0,11,0.0,OK
8E79_R,404,42.0,42,0.10684818481848185,OK
8E9A_C,4,47.0,47,0.11702127659574468,OK
8CF1_A,3403,481.0,481,0.008712503276123612,OK
8EFK_E,1,14.0,14,0.0,OK
8EHQ_R,271,30.0,30,0.011931119311193112,OK
8BHF_21,6144,76.0,76,0.11146304481907894,OK
8CH6_e,7273,117.0,117,0.07536245168583956,OK
8ETI_6,113,81.0,81,0.3502676718015951,OK
8E29_B,2460,33.0,33,0.05598669623059867,OK
8EVT_EC,13,57.0,57,0.15519568151147098,OK
8EYV_A,29,49.0,49,0.23082336382828994,OK
8EVQ_EC,119,202.0,202,0.10200515849904318,OK
8DP3_R,2174,90.0,90,0.0859603393642032,OK
8EYW_B,29,49.0,49,0.23082336382828994,OK
8EVS_EC,119,202.0,202,0.10200515849904318,OK
8F0N_A,49,49.0,49,0.26697209496043317,OK
8EX9_B,605,150.0,150,0.2262258953168044,OK
8DFV_E,3702,60.0,60,0.1501890869800108,OK
8F5G_E,12,26.0,26,0.16666666666666666,OK
8FB3_C,302,34.0,34,0.07177639267627581,OK
8FIK_H,1,15.0,15,0.0,OK
8FIJ_E,1,11.0,11,0.0,OK
8FIM_C,1,13.0,13,0.0,OK
8CRX_b,7545,120.0,120,0.05487408880053015,OK
8A3W_8,31009,123.0,123,0.0982248269385206,OK
7ZJX_L7,30518,120.0,120,0.05828937020774625,OK
8ASW_X,14807,73.0,73,0.011933452430403613,OK
8FKQ_L2,669,69.0,69,0.09412707696973635,OK
8FCS_A,2473,71.0,71,0.1275465164622999,OK
8CKU_Bb,14335,76.0,76,0.010563031226479173,OK
8C6J_2,11593,188.0,188,0.11017929014390562,OK
8FKZ_L2,664,68.0,68,0.09667345854004253,OK
8F4O_A,5037,83.0,83,0.14431998392617523,OK
8FYH_M,20,24.0,24,0.1875,OK
8F4O_B,5037,83.0,83,0.14431998392617523,OK
8FTI_B,440,103.0,103,0.2104368932038835,OK
8FFY_C,4462,61.0,61,0.1474748513862048,OK
8FZA_B,192,30.0,30,0.07881944444444444,OK
8FZA_A,192,30.0,30,0.07881944444444444,OK
7SFR_a,7745,1511.0,1511,0.06148874255032708,OK
8E5T_2,4175,159.0,159,0.061100440628177606,OK
8A98_8,30994,123.0,123,0.09784374736049097,OK
8FZT_B,503,70.0,70,0.29508662311843226,OK
8CTH_C,14335,76.0,76,0.010563031226479173,OK
8G4W_R,213,47.0,47,0.16881430426530816,OK
8G8Z_R,321,48.0,48,0.1949636552440291,OK
8FRU_4,2153,141.0,141,0.1446241925335916,OK
8GXB_B,17,61.0,61,0.1726133076181292,OK
8CTI_C,15945,73.0,73,0.013272507807231193,OK
8H0I_Y,6,20.0,20,0.0,OK
8GZR_C,560,40.0,40,0.08303571428571428,OK
8H0S_X,6,17.0,17,0.0,OK
8CH6_f,11593,188.0,188,0.11017929014390562,OK
8H69_5,5,19.0,19,0.0,OK
8E8M_R,404,42.0,42,0.10684818481848185,OK
8EIU_Z,14900,75.0,75,0.024468008948545863,OK
8APN_A7,9792,534.0,534,0.21947462271425425,OK
8EUG_9,8354,229.0,229,0.12462873732531966,OK
8G9Z_E,8282,90.0,90,0.10302530253025302,OK
8FW4_Z,6148,210.0,210,0.22070204789788395,OK
8H1J_B,3608,247.0,247,0.1830693375943697,OK
8EG0_C,19459,72.0,72,0.024735055472760392,OK
8FR8_E,13831,77.0,77,0.021987122847508936,OK
7R4X_2,8955,1573.0,1573,0.10579811539153705,OK
8G4S_h,13647,76.0,76,0.011394445665714077,OK
8HB1_A,11,24.0,24,0.026515151515151516,OK
8H9D_G,15,21.0,21,0.0,OK
8HB8_A,39,55.0,55,0.13006993006993006,OK
8H6E_4A,6894,146.0,146,0.1432037388080165,OK
8HKU_AETN,8,19.0,19,0.0,OK
8HR5_C,10,101.0,101,0.08514851485148515,OK
8G60_At,14140,76.0,76,0.011638316087247823,OK
8GLP_Pt,14619,77.0,77,0.021897317403165955,OK
8HRB_Y,5,20.0,20,0.0,OK
8FMW_AB,9172,112.0,112,0.05507639710921438,OK
8H6E_5A,7273,117.0,117,0.07536245168583956,OK
8G29_1x,14804,77.0,77,0.029069012586980705,OK
8HZE_B,48,35.0,35,0.07738095238095238,OK
8G7S_y,15049,76.0,76,0.00713633708831851,OK
8HBA_B,38,56.0,56,0.14097744360902256,OK
8HHL_B,89,56.0,56,0.33447030497592295,OK
8HZK_A,42,36.0,36,0.10119047619047619,OK
8I44_A,2,19.0,19,0.0,OK
8FON_XV,13077,76.0,76,0.0070855620353936,OK
8I45_A,2,19.0,19,0.0,OK
8I46_A,1,19.0,19,0.0,OK
8I54_B,18,33.0,33,0.016835016835016835,OK
8IBW_D,87,50.0,50,0.3098850574712644,OK
8FRU_3,15859,120.0,120,0.0349438804464342,OK
8IEW_B,7,38.0,38,0.015037593984962405,OK
8HZL_A,2279,84.0,84,0.1617564094527675,OK
8H6J_4A,7309,144.0,144,0.13672070962740002,OK
8H6L_5A,7273,117.0,117,0.07536245168583956,OK
8H6L_4A,7121,145.0,145,0.14089942811209197,OK
8H8E_G,12705,75.0,75,0.0484869473960383,OK
8IDF_B,5422,53.0,53,0.061520847977840104,OK
8H6E_2A,11593,188.0,188,0.11017929014390562,OK
8ITS_A,168,46.0,46,0.25077639751552794,OK
8I0V_B,7273,117.0,117,0.07536245168583956,OK
8HL4_A5S,8392,122.0,122,0.17604392942536998,OK
8J1J_C,2,118.0,118,0.13559322033898305,OK
8J1Q_E,1,31.0,31,0.0,OK
8J1Q_D,20,37.0,37,0.0918918918918919,OK
8J3R_C,2,118.0,118,0.13559322033898305,OK
8J26_D,1,48.0,48,0.0,OK
8J62_X,11,20.0,20,0.0,OK
8J7R_C,745,108.0,108,0.122110365398956,OK
8JA0_B,158,117.0,117,0.23985718922427784,OK
8IR3_8,4912,156.0,156,0.0536963375929174,OK
8I9V_C2,5785,256.0,256,0.06621313202247191,OK
8HTZ_X,17972,78.0,78,0.030381305392433815,OK
8JY0_D,131,64.0,64,0.4307013358778626,OK
8JTJ_B,70,139.0,139,0.39701952723535455,OK
8IA0_C2,5785,256.0,256,0.06621313202247191,OK
8HMY_T,13985,114.0,114,0.2335422037395957,OK
8FL4_L4,29832,121.0,121,0.06600378095295086,OK
8IPA_cl,12077,75.0,75,0.03064226767133118,OK
8ISS_E,11965,88.0,88,0.17356399346579038,OK
8K0Y_A,4004,56.0,56,0.25557032253460826,OK
8K8B_A,1,19.0,19,0.0,OK
8I0R_H,11593,188.0,188,0.11017929014390562,OK
8K30_A,3100,56.0,56,0.16852534562211982,OK
8BQD_2,5218,1771.0,1771,0.07555341487216102,OK
8KAJ_I,334,65.0,65,0.2130815292491939,OK
8K30_B,3100,56.0,56,0.16852534562211982,OK
8K2Z_A,4595,57.0,57,0.2799496019701048,OK
8K2Z_B,4595,57.0,57,0.2799496019701048,OK
8KAK_A,878,98.0,98,0.2270931151503882,OK
8JOZ_B,6905,79.0,79,0.039866543231377005,OK
8KGF_G,18,44.0,44,0.19065656565656566,OK
8KAL_E,878,98.0,98,0.2270931151503882,OK
8KI7_E,1,10.0,10,0.0,OK
8I0V_H,11593,188.0,188,0.11017929014390562,OK
8KEB_A,1894,72.0,72,0.029068403144432712,OK
8OK9_S,1,15.0,15,0.0,OK
8KHH_A,1895,71.0,71,0.027410903415214242,OK
8OUE_B,165,92.0,92,0.13577075098814229,OK
8OUF_B,190,86.0,86,0.17178702570379437,OK
8I0P_H,11593,188.0,188,0.11017929014390562,OK
8HKZ_A16S,2708,1493.0,1493,0.05182629721566226,OK
8OVA_BF,42,78.0,78,0.1394993894993895,OK
8OIR_B9,3790,72.0,72,0.04744942832014072,OK
8JDK_C,15168,75.0,75,0.049441807313642755,OK
8OIN_AG,3631,71.0,71,0.08600820012335096,OK
8OVE_AB,9,19.0,19,0.0,OK
8OVJ_S4,13,20.0,20,0.0038461538461538464,OK
8P0G_V,11,35.0,35,0.05194805194805195,OK
8P0B_V,15,32.0,32,0.21875,OK
8ANY_AA,11638,954.0,954,0.22013245123777633,OK
8OI5_AU,4224,158.0,158,0.06348293057153817,OK
8K15_C,3269,470.0,470,0.3184030512291481,OK
8P6P_3,483,24.0,24,0.0027605244996549345,OK
8JDM_B,18439,76.0,76,0.026468497834966503,OK
8P7B_T,1,68.0,68,0.0,OK
8P6P_7,337,30.0,30,0.00830860534124629,OK
8OMR_C,7736,75.0,75,0.06788004136504654,OK
8KAB_B,8280,118.0,118,0.08504257758126586,OK
8KDA_O,14398,73.0,73,0.013995475018410091,OK
8P2H_B,7562,115.0,115,0.041671745454963605,OK
8EWB_B5,5409,1758.0,1758,0.07700739360998429,OK
8PM0_V,17,31.0,31,0.09487666034155598,OK
8OKD_X,18617,75.0,75,0.048070759699915845,OK
8P2K_AT,14444,76.0,76,0.028068474981416434,OK
8P7X_8,11206,76.0,76,0.007497158477131611,OK
8P7Y_4,9008,108.0,108,0.043529208604697056,OK
8IPX_3,30850,120.0,120,0.05973527822798487,OK
8PO8_D,1,11.0,11,0.0,OK
8IPB_TB,30655,120.0,120,0.05679932583047899,OK
8POH_V,159,51.0,51,0.16808484400049328,OK
8PSZ_V,10,40.0,40,0.0675,OK
8PSU_V,10,40.0,40,0.0675,OK
8PSO_S,10,40.0,40,0.0675,OK
8PT7_V,12,40.0,40,0.14791666666666667,OK
8PEG_X,10120,78.0,78,0.0305031924597142,OK
8ONY_5,14235,156.0,156,0.14434267289904804,OK
8P7X_7,20334,75.0,75,0.04651191764204452,OK
8PHJ_7,15021,77.0,77,0.024679734086564525,OK
8FC3_2a,7180,1492.0,1492,0.055015421150499975,OK
8P60_R60,2648,1354.0,1354,0.19215974152895973,OK
8PV8_C2,4195,156.0,156,0.05906145900186425,OK
8JIV_Ab,31582,119.0,119,0.04102805076181571,OK
8PVA_b,7437,120.0,120,0.056696248487293266,OK
8PJ6_w,14906,75.0,75,0.04527572789480746,OK
8GHU_a,6947,1531.0,1531,0.06418448461651938,OK
8FTO_A,7439,1508.0,1508,0.06303264785240023,OK
8QBK_Q,113,85.0,85,0.1508589276418532,OK
8QBL_L,77,37.0,37,0.06844506844506844,OK
8QEQ_R,65,30.0,30,0.13948717948717948,OK
8PO8_C,1,11.0,11,0.0,OK
8QH3_C,60,25.0,25,0.014,OK
8PPL_Iw,14906,75.0,75,0.04527572789480746,OK
8Q7N_6,5911,106.0,106,0.005424807602072248,OK
8I7J_2,5197,1780.0,1780,0.07269967764462211,OK
8GLP_S2,7210,1587.0,1587,0.1027847621145105,OK
8P60_K70,28191,119.0,119,0.06687991787116038,OK
8QHU_5,64,135.0,135,0.15150462962962963,OK
8PZQ_D,1,12.0,12,0.0,OK
8PU0_X,18617,75.0,75,0.048070759699915845,OK
8PVK_C3,1,163.0,163,0.006134969325153374,OK
8QBK_W,53,82.0,82,0.1645190980211689,OK
8Q7N_4,7022,145.0,145,0.14015557017845393,OK
8QIE_5,64,135.0,135,0.15150462962962963,OK
8PTZ_X,18617,75.0,75,0.048070759699915845,OK
8QCQ_w,11763,77.0,77,0.01612363662860985,OK
8IFE_2m,5145,1742.0,1742,0.07978106774938941,OK
8QBT_6,12213,77.0,77,0.011866214519125352,OK
8OEQ_B,4204,1712.0,1712,0.07521222000409045,OK
8Q7Z_V,13962,76.0,76,0.02611882628789421,OK
8P8V_6,15663,76.0,76,0.008045275994045639,OK
8QO9_4,7309,144.0,144,0.13672070962740002,OK
8QOA_Z,11668,76.0,76,0.011157371488371254,OK
8QP8_4,7309,144.0,144,0.13672070962740002,OK
8QHU_4,8340,184.0,184,0.1543778021061412,OK
8QHU_S4,14027,76.0,76,0.007176010175863842,OK
8QP8_5,7273,117.0,117,0.07536245168583956,OK
8QIE_S4,14027,76.0,76,0.007176010175863842,OK
8QO5_A,238,145.0,145,0.018603303390321645,OK
8Q5I_A,2565,1558.0,1558,0.07380457276410253,OK
8QPA_5,7273,117.0,117,0.07536245168583956,OK
8PV3_C4,31534,119.0,119,0.053641980671256265,OK
8QPB_4,7309,144.0,144,0.13672070962740002,OK
8QPA_4,7309,144.0,144,0.13672070962740002,OK
8QPP_Y,6223,112.0,112,0.01928617341199697,OK
8R3K_V,159,51.0,51,0.16808484400049328,OK
8R3L_V,159,51.0,51,0.16808484400049328,OK
8QPK_5,7273,117.0,117,0.07536245168583956,OK
8R3V_X2,1,94.0,94,0.19148936170212766,OK
8QPE_4,7309,144.0,144,0.13672070962740002,OK
8OVE_BB,7556,1056.0,1056,0.23083564436049217,OK
8QWF_C,46,40.0,40,0.06086956521739131,OK
8QZS_5,7273,117.0,117,0.07536245168583956,OK
8R6W_P,3,20.0,20,0.03333333333333333,OK
8PV6_C4,31534,119.0,119,0.053641980671256265,OK
8RCT_71,2,18.0,18,0.0,OK
8R7N_A,2929,135.0,135,0.0808542923257843,OK
8R08_5,7273,117.0,117,0.07536245168583956,OK
8RCT_Y1,1,82.0,82,0.07317073170731707,OK
8R09_4,7309,144.0,144,0.13672070962740002,OK
8QXD_2,13201,182.0,182,0.11901029808764071,OK
8RFJ_H,130,61.0,61,0.18335435056746532,OK
8ETC_1,7101,2140.0,2140,0.28685718873345467,OK
8R08_4,7309,144.0,144,0.13672070962740002,OK
8RKT_1,185,261.0,261,0.21779020399710056,OK
8RN1_V,1,12.0,12,0.0,OK
8PJ6_A,5326,1690.0,1690,0.07665510491126483,OK
8JDL_w,7805,1554.0,1554,0.12594391774404587,OK
8R3V_Y2,12059,76.0,76,0.010282776349614395,OK
8Q87_B7,31967,119.0,119,0.0424857777440128,OK
8QZS_2,12648,188.0,188,0.1114594688252789,OK
8R6C_Y,14157,76.0,76,0.00795496369659049,OK
8RR3_T,2821,81.0,81,0.14558360794919933,OK
8R08_1,14953,163.0,163,0.07367050705708152,OK
8PJ2_A,5498,1725.0,1725,0.07945171103062511,OK
8R0A_2,11593,188.0,188,0.11017929014390562,OK
8RO1_2,4303,76.0,76,0.09627004415524053,OK
8RO0_6,5364,101.0,101,0.0707466719826345,OK
8RM5_5,7273,117.0,117,0.07536245168583956,OK
8RO1_6,5364,101.0,101,0.0707466719826345,OK
8RDV_D8,8380,115.0,115,0.026891148697727508,OK
8RXH_L5,77,135.0,135,0.1977873977873978,OK
8RO0_5,7430,121.0,121,0.10299989989210594,OK
8R8M_Z,18178,85.0,85,0.10638457605508922,OK
8RCS_W1,14085,76.0,76,0.011283934009678082,OK
8RXX_L3,52,216.0,216,0.11396011396011396,OK
8RM5_4,7309,144.0,144,0.13672070962740002,OK
8RO1_5,6121,112.0,112,0.09482577543351926,OK
8Q87_A2,5244,1657.0,1657,0.084153076401481,OK
8RXH_L7,5348,171.0,171,0.11104987599889776,OK
8Q7Z_A2,5787,1636.0,1636,0.08519231833597182,OK
8RWG_C,7809,121.0,121,0.07028444610954303,OK
8QHU_2,6953,1133.0,1133,0.23074624489813017,OK
8RQK_U,18536,72.0,72,0.01920062461036781,OK
8RUL_A,4133,394.0,394,0.24165531607060173,OK
8RXH_S4,14027,76.0,76,0.007176010175863842,OK
8RRI_Ax,21401,70.0,70,0.03982190418338262,OK
8S95_C,2021,157.0,157,0.4186802900752292,OK
8SA4_B,26,47.0,47,0.24959083469721768,OK
8RXX_S2,14027,76.0,76,0.007176010175863842,OK
8RUH_A,3958,391.0,391,0.24290019630674511,OK
8RXX_L4,9981,184.0,184,0.1372090667921224,OK
8SCZ_B,194,64.0,64,0.17855992268041238,OK
8SCF_A,251,30.0,30,0.05298804780876494,OK
8RXX_S4,14027,76.0,76,0.007176010175863842,OK
8QOA_A,5970,1510.0,1510,0.06905831586187006,OK
8SD0_B,54,32.0,32,0.02199074074074074,OK
8RXH_S3,15021,77.0,77,0.024679734086564525,OK
8SFI_B,32,48.0,48,0.22135416666666666,OK
8SFH_B,11,27.0,27,0.09427609427609428,OK
8S1U_a,12402,76.0,76,0.010991436016262233,OK
8SFL_B,32,48.0,48,0.22135416666666666,OK
8SFJ_B,32,48.0,48,0.22526041666666666,OK
8SFP_B,32,48.0,48,0.22526041666666666,OK
8SH0_B,9,20.0,20,0.022222222222222223,OK
8SH5_R,51,88.0,88,0.06060606060606061,OK
8SQJ_O,3,20.0,20,0.0,OK
8QSJ_A,5007,1418.0,1418,0.15856010330248513,OK
8T2O_R,8,90.0,90,0.16527777777777777,OK
8T2B_R,5,90.0,90,0.05333333333333334,OK
8T2P_A,38,135.0,135,0.22553606237816765,OK
8SA2_A,6148,210.0,210,0.22070204789788395,OK
8T3D_EC,33,202.0,202,0.23987398739873989,OK
8T3F_EC,119,202.0,202,0.10200515849904318,OK
8S1U_c,12402,76.0,76,0.010991436016262233,OK
8SA5_B,6148,210.0,210,0.22070204789788395,OK
8SA6_B,6148,210.0,210,0.22070204789788395,OK
8SA4_A,8350,189.0,189,0.16890979944872161,OK
8T6T_B,444,95.0,95,0.17667140825035563,OK
8T6Y_B,638,88.0,88,0.18922770019948704,OK
8TFD_B,2,20.0,20,0.0,OK
8RXX_S3,15021,77.0,77,0.024679734086564525,OK
8T7S_B,708,98.0,98,0.24117952265652023,OK
8TOZ_A,87,101.0,101,0.02219187435984978,OK
8TNS_A,8,24.0,24,0.16666666666666666,OK
8TUX_R,65,95.0,95,0.23643724696356275,OK
8U5J_A,25,36.0,36,0.05444444444444444,OK
8TVZ_C,2,363.0,363,0.14325068870523416,OK
8U3M_A,229,31.0,31,0.03901958022256656,OK
8RXH_L8,30433,124.0,124,0.11920183205200637,OK
8T2Y_tA,16186,76.0,76,0.011030487685914404,OK
8R8M_A,6447,1510.0,1510,0.06677134084645356,OK
8U5Z_A,64,36.0,36,0.1323784722222222,OK
8U60_B,358,36.0,36,0.2217566728739913,OK
8TPU_AC,5529,159.0,159,0.10840269317526456,OK
8UBC_I,114,140.0,140,0.1668546365914787,OK
8P8M_A,5602,3035.0,3035,0.21430466996077535,OK
8UBD_I,114,140.0,140,0.1668546365914787,OK
8T5O_A,12191,124.0,124,0.22071808658423323,OK
8FKQ_L3,16356,1565.0,1565,0.36519345520632385,OK
8UBE_I,114,140.0,140,0.1668546365914787,OK
8UPO_5,2,26.0,26,0.0,OK
8UIW_N,570,128.0,128,0.27532894736842106,OK
8UIW_R,570,128.0,128,0.27532894736842106,OK
8URQ_D,16,31.0,31,0.016129032258064516,OK
8URU_D,205,43.0,43,0.011457742484401588,OK
8T2S_B,4486,652.0,652,0.4074164613015544,OK
8T2Y_A3,18466,121.0,121,0.05370200135518214,OK
8UTG_A,4,21.0,21,0.07142857142857142,OK
8UPT_A,4538,71.0,71,0.14082024096983842,OK
8UTA_N,570,128.0,128,0.27532894736842106,OK
8SYK_C,22312,107.0,107,0.18140399701095425,OK
8UTA_R,570,128.0,128,0.27532894736842106,OK
8UYE_A,53,135.0,135,0.012019566736547868,OK
8UPY_C,5577,72.0,72,0.07581485466100851,OK
8UYP_A,253,143.0,143,0.02581608115204953,OK
8UZB_B,20,107.0,107,0.39953271028037385,OK
8R3V_A2,6894,1527.0,1527,0.06468301260988504,OK
8UYL_A,59,135.0,135,0.04984306340238544,OK
8UW3_B,2369,74.0,74,0.08146326993942021,OK
8V1H_A,662,75.0,75,0.2345619335347432,OK
8QOI_S2,8498,1648.0,1648,0.09235047024199869,OK
8VB6_F,47,34.0,34,0.08197747183979975,OK
8VBE_F,45,37.0,37,0.06306306306306306,OK
8VBF_F,93,38.0,38,0.10865874363327674,OK
8VBI_F,99,35.0,35,0.09292929292929293,OK
8UO6_B,8245,134.0,134,0.47395436401980395,OK
8VBG_F,72,35.0,35,0.0742063492063492,OK
8VES_H,21,26.0,26,0.029304029304029304,OK
8VBH_F,48,36.0,36,0.09606481481481481,OK
8UD6_1w,14140,76.0,76,0.011638316087247823,OK
8V1I_B,4843,57.0,57,0.30287519335195306,OK
8V1I_A,4499,57.0,57,0.26230780329351944,OK
8VPV_A,112,100.0,100,0.14848214285714287,OK
8RXX_L2,7466,1082.0,1082,0.20602145623313675,OK
8RCL_A1,6832,1532.0,1532,0.06713903164955577,OK
8VMB_R,1576,85.0,85,0.057285756942370855,OK
8VMA_C,2274,88.0,88,0.11422603342128408,OK
8UP5_T,16244,76.0,76,0.015439708912764551,OK
8VM9_R,2344,85.0,85,0.14783677976309978,OK
8W2Z_B,50,158.0,158,0.570632911392405,OK
8VXZ_C,797,36.0,36,0.178307542172034,OK
8W35_C,2,42.0,42,0.11904761904761904,OK
8VZ6_S,776,50.0,50,0.1072680412371134,OK
8UAU_R,20157,76.0,76,0.025273315003538015,OK
8VT5_A,2886,60.0,60,0.18946061446061446,OK
8WFB_B,20,66.0,66,0.2833333333333333,OK
8WCE_G,123,66.0,66,0.3700418822370042,OK
8WMM_O,339,127.0,127,0.3262258146935173,OK
8WKP_VTRF,4068,26.0,26,0.14618788291354662,OK
8VK7_B,8280,118.0,118,0.08504257758126586,OK
8WR4_N,373,127.0,127,0.2891009267273226,OK
8VFT_2,13422,76.0,76,0.09954199311421155,OK
8WT6_E,420,180.0,180,0.30293650793650795,OK
8WT7_F,386,180.0,180,0.2891911341393207,OK
8WT8_F,416,180.0,180,0.29083867521367524,OK
8VSA_ATRN,12992,76.0,76,0.011870665348716619,OK
8VFT_3,15618,75.0,75,0.02349681990865241,OK
8WT9_E,416,180.0,180,0.29083867521367524,OK
8WHX_B,8280,118.0,118,0.08504257758126586,OK
8WUS_B,767,115.0,115,0.20486366985998525,OK
8X0S_A,1,12.0,12,0.0,OK
8X5V_B,24,110.0,110,0.2799242424242424,OK
8VTX_1w,14140,76.0,76,0.011638316087247823,OK
8WUT_B,946,115.0,115,0.24880044121702363,OK
8WUV_B,602,137.0,137,0.3033319591628877,OK
8VTU_2w,14140,76.0,76,0.011638316087247823,OK
8WUU_B,955,111.0,111,0.24407339276449225,OK
8XAK_B,1,34.0,34,0.0,OK
8XCA_B,42,60.0,60,0.23809523809523808,OK
8XCC_B,32,60.0,60,0.284375,OK
8VU0_D,14908,76.0,76,0.04840742519028992,OK
8XPO_A,1,14.0,14,0.0,OK
8XPP_B,70,35.0,35,0.014285714285714285,OK
8X9M_A,198,808.0,808,0.42415491549154916,OK
8X9N_A,199,808.0,808,0.42076720234837556,OK
8XTQ_A,60,808.0,808,0.29855610561056106,OK
8XYC_C,7,147.0,147,0.23517978620019436,OK
8XTR_A,782,145.0,145,0.23316870976276569,OK
8WID_b,14841,76.0,76,0.025560414073388445,OK
8XZE_A,81,53.0,53,0.14139296529233636,OK
8RWG_B,7002,1527.0,1527,0.0647266652413091,OK
8Y05_B,11,40.0,40,0.15,OK
8Y06_B,11,40.0,40,0.15,OK
8Y03_G,11,40.0,40,0.15,OK
8Y07_B,11,40.0,40,0.15,OK
8Y08_B,11,40.0,40,0.15,OK
8Y0A_B,11,40.0,40,0.15,OK
8Y0C_B,52,58.0,58,0.3348806366047745,OK
8Y0B_B,52,58.0,58,0.3348806366047745,OK
8WIC_C,14841,76.0,76,0.025560414073388445,OK
8Y2I_C,8,135.0,135,0.3212962962962963,OK
8XI2_B,4422,111.0,111,0.07428255935718622,OK
8Y9L_B,4,62.0,62,0.16129032258064516,OK
8Y9M_B,4,62.0,62,0.16129032258064516,OK
8Y6O_J,1598,131.0,131,0.10307731993235819,OK
8YDB_C,561,60.0,60,0.3735294117647059,OK
8Y9N_B,2,62.0,62,0.25806451612903225,OK
8YDC_A,118,58.0,58,0.2374342489772063,OK
8XI2_F,7968,101.0,101,0.030704501173008866,OK
8YE6_C,650,92.0,92,0.26525083612040135,OK
8Y6O_K,3961,125.0,125,0.1074253976268619,OK
8WND_R,14616,77.0,77,0.015841028156299092,OK
8WND_T,14616,77.0,77,0.015841028156299092,OK
8YIG_C,1780,104.0,104,0.13068820224719102,OK
8S8I_2,5648,1777.0,1777,0.07371895530073444,OK
8YNY_W,608,97.0,97,0.30656538252848614,OK
8T4S_2,4666,1671.0,1671,0.08232042895073752,OK
8T3E_B5,4842,1738.0,1738,0.07226754391593693,OK
8Z85_D,1,18.0,18,0.0,OK
8Y39_B,7562,115.0,115,0.041671745454963605,OK
8Z8J_D,1,18.0,18,0.0,OK
8Z8X_E,1,17.0,17,0.0,OK
8Z90_D,1,18.0,18,0.0,OK
8XSY_CC,14906,75.0,75,0.04527572789480746,OK
8YIH_C,4539,96.0,96,0.13062256737901154,OK
8S8H_2,5803,1786.0,1786,0.07293703936200123,OK
8Z1F_T,4002,86.0,86,0.24498506560673153,OK
8ZDR_A,45,159.0,159,0.5443745632424878,OK
9AR6_B,50,147.0,147,0.30054421768707484,OK
8Z1G_T,4687,86.0,86,0.1625971886613642,OK
8Y0X_E,16028,85.0,85,0.1046572909173652,OK
8XU8_s,17706,75.0,75,0.017487104183139427,OK
8SYK_B,22312,107.0,107,0.18140399701095425,OK
9AUR_R,5,22.0,22,0.0,OK
9AUS_R,5,22.0,22,0.0,OK
8ZOL_A,3499,61.0,61,0.23032810311142762,OK
9ASM_E,4883,137.0,137,0.17792849017371457,OK
8YLR_u,17706,75.0,75,0.017487104183139427,OK
8YUR_V,16905,76.0,76,0.03217126667600679,OK
8Z1P_B,16264,76.0,76,0.012985573562533978,OK
9ASO_E,6976,127.0,127,0.17756153832261792,OK
9ASP_E,6976,119.0,119,0.16574835209313082,OK
8YUR_X,13373,77.0,77,0.010131870671764487,OK
8QHU_S1,10524,1798.0,1798,0.12029963610904298,OK
9AXT_B3,8209,246.0,246,0.1438709447394145,OK
9AX8_y,14766,77.0,77,0.022054878617251635,OK
8SYL_a,6954,1517.0,1517,0.06325426206947282,OK
8RXX_S1,8591,1793.0,1793,0.132404805272616,OK
9B2K_B,503,70.0,70,0.29508662311843226,OK
9B83_C,23,39.0,39,0.030100334448160536,OK
9B89_C,221,35.0,35,0.07537168713639301,OK
9BH8_Y,5,31.0,31,0.012903225806451613,OK
9BCI_A,53,50.0,50,0.13169811320754718,OK
9BLM_A,172,68.0,68,0.16817715458276333,OK
9C8K_2,29,27.0,27,0.07151979565772669,OK
9B0Q_AP,7110,71.0,71,0.06210653513202987,OK
9BZ1_B,1591,89.0,89,0.2375652370426345,OK
9CES_W,2,155.0,155,0.0064516129032258064,OK
8UPR_D,6930,1524.0,1524,0.06459741774702404,OK
9CET_W,20,154.0,154,0.46915584415584416,OK
8ZYD_C,14751,77.0,77,0.01913495629175922,OK
9B1Y_4,6094,81.0,81,0.06557553067781707,OK
8T8C_1a,7207,1488.0,1488,0.05361545525482245,OK
9BZC_A,1591,89.0,89,0.2375652370426345,OK
8RXH_S1,9275,1798.0,1798,0.14265542126771585,OK
8UU9_a,6490,1515.0,1515,0.06756217994680824,OK
9CEV_W,48,96.0,96,0.10481770833333333,OK
9BDP_TIRN,14736,76.0,76,0.09152308703354477,OK
9BDN_TIRN,14736,76.0,76,0.09152308703354477,OK
9CAI_A8,5390,153.0,153,0.08759261280269684,OK
9BS0_B,6107,119.0,119,0.03930329295628519,OK
9AXT_AA,3544,1705.0,1705,0.08460509853504829,OK
9CEX_W,48,96.0,96,0.10481770833333333,OK
9CF0_W,44,61.0,61,0.2641579731743666,OK
9CEU_W,48,96.0,96,0.10481770833333333,OK
9CF2_W,44,61.0,61,0.2641579731743666,OK
9C3H_S4,16414,76.0,76,0.019855482803511765,OK
9CF1_W,44,61.0,61,0.2641579731743666,OK
9CJH_B,9,42.0,42,0.11904761904761904,OK
9B0S_Et,15618,75.0,75,0.02349681990865241,OK
9DE5_D,3351,57.0,57,0.035344254399053435,OK
8UU8_a,6431,1516.0,1516,0.06846772866749899,OK
9BH5_DA,13450,76.0,76,0.018805517511250244,OK
9C3I_A,17123,86.0,86,0.12593560409024174,OK
9DE6_A,3351,57.0,57,0.035344254399053435,OK
9DCF_C,2140,90.0,90,0.0821754932502596,OK
9DE6_B,3351,57.0,57,0.035344254399053435,OK
9DN4_F,5,20.0,20,0.0,OK
8UU5_a,6938,1523.0,1523,0.06575877857856292,OK
8WI7_a,6488,1515.0,1515,0.06310843476456153,OK
9DE8_A,3269,57.0,57,0.03032742455711012,OK
9DXL_A,7,48.0,48,0.11011904761904762,OK
9DTR_I,87,48.0,48,0.14846743295019157,OK
9CEY_W,48,96.0,96,0.10481770833333333,OK
9DE7_A,3311,58.0,58,0.03309761609681417,OK
9D0J_1y,14140,76.0,76,0.011638316087247823,OK
8QIE_1,12260,1573.0,1573,0.1819079926450533,OK
8ZDC_2,4769,1659.0,1659,0.08195143666316934,OK
9DE5_C,3351,57.0,57,0.035344254399053435,OK
9E2Z_F,185,40.0,40,0.1345945945945946,OK
9EOW_A,12,29.0,29,0.0,OK
9FCV_B,383,81.0,81,0.3565419205105889,OK
9F1B_B8,4439,158.0,158,0.04438934530242585,OK
9DPL_C,18456,76.0,76,0.030192007163552574,OK
9FI8_hB,1320,56.0,56,0.11209415584415584,OK
9DTR_2,8660,132.0,132,0.18402442438239205,OK
9FI8_hG,88,68.0,68,0.19552139037433156,OK
9FIA_bK,131,83.0,83,0.14494619700174743,OK
9FI8_hL,45,33.0,33,0.009427609427609427,OK
9CG5_Z,14753,75.0,75,0.0203637678212341,OK
9ERE_T,10567,76.0,76,0.1569869952633073,OK
9ESH_6,5505,99.0,99,0.12863053789484308,OK
9FIA_bY,1,15.0,15,0.0,OK
8WIF_a,6503,1517.0,1517,0.06429921142830382,OK
9FIA_bN,2251,122.0,122,0.35734937477696616,OK
9EY1_T,3635,127.0,127,0.0702054609061075,OK
9DFD_1w,13950,76.0,76,0.012435389549141671,OK
9FIB_Y,1,15.0,15,0.0,OK
8XXM_S2,4864,1723.0,1723,0.09162701988575618,OK
9D7R_1x,14140,76.0,76,0.011638316087247823,OK
9FN3_B,34,58.0,58,0.12931034482758622,OK
9ERF_T,5804,65.0,65,0.100312781636007,OK
9DTR_6,10418,112.0,112,0.28976633848010314,OK
9G6K_l4,200,94.0,94,0.21856382978723404,OK
9G6K_l8,146,33.0,33,0.034039020340390205,OK
9G6K_lC,27,27.0,27,0.03292181069958848,OK
9G6K_lA,226,65.0,65,0.1439074200136147,OK
9G6K_lN,221,62.0,62,0.207706904101591,OK
9G6K_lE,53,29.0,29,0.05920624593363696,OK
9G6K_lX,1,58.0,58,0.0,OK
9EY0_T,4413,71.0,71,0.019724054729464483,OK
9G6K_lT,1,14.0,14,0.0,OK
9G6K_lK,172,38.0,38,0.1990514075887393,OK
9FIA_bO,2787,115.0,115,0.1894697430617307,OK
9FMD_5,7026,116.0,116,0.0841517221747794,OK
9G8M_X,349,249.0,249,0.29553169698852716,OK
9ENE_C,14072,76.0,76,0.024580353669848298,OK
9G6K_l7,323,69.0,69,0.22614079956925562,OK
9ENB_C,18617,75.0,75,0.048070759699915845,OK
9G8O_X,377,250.0,250,0.2933474801061008,OK
8Y39_a,7011,1479.0,1479,0.07357288155992481,OK
8ZDB_2,4613,1665.0,1665,0.08121036709807575,OK
9FHL_4,14429,77.0,77,0.0169670927866229,OK
9DPA_C,18456,76.0,76,0.030192007163552574,OK
9GFT_AU,12059,76.0,76,0.010282776349614395,OK
8RXX_L1,10943,1615.0,1615,0.2243431414515238,OK
9ENF_D,11032,94.0,94,0.20514499405983366,OK
9GFT_A3,13466,77.0,77,0.010651163777556174,OK
9GMW_T,17026,86.0,86,0.12437817401020054,OK
8RXH_L1,12376,1633.0,1633,0.26468406148082674,OK
9IMB_C,179,24.0,24,0.007216014897579144,OK
9J3T_B,551,580.0,580,0.2417485449652669,OK
9GMO_C,4704,157.0,157,0.04984238918497335,OK
9J6Y_E,63,550.0,550,0.16386724386724386,OK
9IS7_A,1,155.0,155,0.012903225806451613,OK
9KPO_B,94,255.0,255,0.41639549436796,OK
9G06_a,14710,73.0,73,0.025886779099112522,OK
9L5R_6,6660,101.0,101,0.06128504742366128,OK
9FRA_2,3108,1464.0,1464,0.049065605418064435,OK
9DFC_2a,7151,1491.0,1491,0.05433524092393826,OK
9LMF_F,244,700.0,700,0.3726229508196721,OK
8ZTV_A,7119,1496.0,1496,0.06370126489855797,OK
9LCR_B,524,578.0,578,0.04743257877915423,OK
9J8P_B,5911,106.0,106,0.005424807602072248,OK
9DUL_A,7451,1509.0,1509,0.0633206976545416,OK
9G8O_S2,5127,1739.0,1739,0.07791469868334527,OK
9GMO_B,30707,119.0,119,0.05492520387188972,OK
9L5S_6,6660,101.0,101,0.06128504742366128,OK
9L0R_K,244,700.0,700,0.3726229508196721,OK
9GHF_Z,14643,77.0,77,0.022061869019459678,OK
9FNZ_BA,2402,1495.0,1495,0.04366957301468397,OK
9E71_2,16278,129.0,129,0.13532079727143975,OK
9CAI_A7,29938,119.0,119,0.046627175153580704,OK
9L5R_2,10218,193.0,193,0.11267883456705986,OK
9N2B_5,7531,120.0,120,0.05649980082326384,OK
9B1W_A,6564,1510.0,1510,0.05744922131957981,OK
9L5T_6,6660,101.0,101,0.06128504742366128,OK
9HC4_iN,5495,1503.0,1503,0.06187794262854334,OK
9N2C_Pt,14619,77.0,77,0.021897317403165955,OK
9GHF_A,7181,1503.0,1503,0.06384557163350503,OK
9H3M_A,8507,1941.0,1941,0.17188971933105732,OK
9L5S_5,4426,116.0,116,0.11617479782476588,OK
9HA1_A,8967,1832.0,1832,0.18878585867735312,OK
9MOR_2,6906,1522.0,1522,0.06434358056925875,OK
9N2C_16,6975,1531.0,1531,0.06796410620181717,OK
9GUX_A,7179,1504.0,1504,0.065802147516545,OK
9FRL_2,2854,1410.0,1410,0.04855099474670364,OK
9HA7_A,7961,1988.0,1988,0.2549330021076086,OK
9FS8_2,3089,1460.0,1460,0.048200862982656086,OK
8XU8_A,5317,3189.0,3189,0.21094216513142053,OK
9N2B_23,6635,2745.0,2745,0.1472777112047252,OK
9GUW_A,7003,1518.0,1518,0.06707496147425619,OK
9GUT_A,6829,1528.0,1528,0.06861693930795598,OK
9HA5_A,6998,2061.0,2061,0.18540772514334516,OK
