file,n_atoms,n_residues,n_chains,radius_of_gyration,status
1bz2.cif,535.0,17.0,1.0,11.557133674621582,OK
157d.cif,510.0,24.0,2.0,12.701339721679688,OK
124d.cif,508.0,16.0,2.0,10.82120418548584,OK
1atw.cif,,,,,ERR:IndexError
1bau.cif,1486.0,46.0,2.0,19.074708938598633,OK
1c2q.cif,543.0,17.0,2.0,11.82913875579834,OK
1av6.cif,150.0,6.0,1.0,8.930418968200684,OK
1csl.cif,595.0,28.0,2.0,13.751835823059082,OK
1cx5.cif,737.0,23.0,2.0,13.324540138244629,OK
1cq5.cif,1395.0,43.0,1.0,19.575368881225586,OK
1ajf.cif,581.0,18.0,1.0,11.428548812866211,OK
1cwp.cif,210.0,10.0,3.0,14.555864334106445,OK
1d4r.cif,1751.0,83.0,3.0,35.05892562866211,OK
1d0t.cif,,,,,ERR:IndexError
1ddy.cif,3004.0,140.0,4.0,31.625473022460938,OK
1a9n.cif,1006.0,48.0,2.0,45.189964294433594,OK
1dfu.cif,819.0,38.0,2.0,18.482175827026367,OK
1aqo.cif,,,,,ERR:IndexError
1dqf.cif,399.0,19.0,2.0,11.661626815795898,OK
1ddl.cif,182.0,9.0,2.0,20.753293991088867,OK
1di2.cif,848.0,40.0,4.0,23.130054473876953,OK
1dqh.cif,399.0,19.0,2.0,11.635055541992188,OK
1aq4.cif,635.0,30.0,2.0,22.27207374572754,OK
1dk1.cif,1221.0,57.0,1.0,21.376697540283203,OK
1c0o.cif,,,,,ERR:IndexError
1afx.cif,,,,,ERR:IndexError
1cvj.cif,1274.0,59.0,8.0,29.92121696472168,OK
1duh.cif,943.0,44.0,1.0,34.94047546386719,OK
1c9s.cif,1210.0,55.0,1.0,40.5570182800293,OK
1duq.cif,2220.0,104.0,8.0,29.52265167236328,OK
1drz.cif,1532.0,72.0,1.0,22.459197998046875,OK
1dul.cif,1031.0,48.0,1.0,20.351757049560547,OK
1e8s.cif,86.0,86.0,1.0,29.926345825195312,OK
1d0u.cif,,,,,ERR:IndexError
1e7k.cif,732.0,34.0,2.0,27.1196346282959,OK
1drr.cif,,,,,ERR:IndexError
176d.cif,,,,,ERR:IndexError
1e8o.cif,1051.0,49.0,1.0,16.923023223876953,OK
1dv4.cif,0.0,,,,EMPTY
1efo.cif,394.0,19.0,2.0,11.926897048950195,OK
1ec6.cif,838.0,40.0,2.0,27.655324935913086,OK
1bzu.cif,505.0,16.0,1.0,12.108087539672852,OK
1ebq.cif,,,,,ERR:IndexError
1ebr.cif,,,,,ERR:IndexError
1ebs.cif,,,,,ERR:IndexError
1ehz.cif,1329.0,62.0,1.0,22.62428092956543,OK
1ejz.cif,254.0,8.0,1.0,9.76405143737793,OK
1eg0.cif,154.0,154.0,3.0,47.535240173339844,OK
1eka.cif,512.0,16.0,2.0,11.568894386291504,OK
1a9l.cif,,,,,ERR:IndexError
1ekd.cif,516.0,16.0,2.0,11.486211776733398,OK
1egk.cif,2240.0,108.0,4.0,22.73386001586914,OK
1cgm.cif,67.0,3.0,1.0,5.213883876800537,OK
1byx.cif,,,,,ERR:IndexError
1emi.cif,161.0,161.0,1.0,33.58366394042969,OK
1biv.cif,,,,,ERR:IndexError
1esh.cif,418.0,13.0,1.0,9.424712181091309,OK
1efs.cif,,,,,ERR:IndexError
1ajt.cif,610.0,19.0,2.0,11.765229225158691,OK
1asy.cif,2872.0,134.0,2.0,43.10770034790039,OK
1etf.cif,1104.0,34.0,1.0,18.160764694213867,OK
1bgz.cif,,,,,ERR:IndexError
1f1t.cif,716.0,33.0,1.0,16.10740852355957,OK
1bz3.cif,536.0,17.0,1.0,11.692750930786133,OK
1elh.cif,,,,,ERR:IndexError
1f27.cif,634.0,30.0,2.0,13.09142017364502,OK
1b2m.cif,60.0,3.0,3.0,11.731831550598145,OK
1f5u.cif,1162.0,36.0,2.0,17.7252140045166,OK
1evv.cif,1329.0,62.0,1.0,22.610214233398438,OK
1eqq.cif,0.0,,,,EMPTY
1et4.cif,3755.0,175.0,5.0,37.99419021606445,OK
1f6x.cif,863.0,27.0,1.0,14.44650650024414,OK
1f6z.cif,862.0,27.0,1.0,14.030965805053711,OK
1anr.cif,,,,,ERR:IndexError
1b23.cif,1414.0,66.0,1.0,23.292491912841797,OK
1f78.cif,863.0,27.0,1.0,14.123688697814941,OK
1eht.cif,,,,,ERR:IndexError
1f79.cif,862.0,27.0,1.0,13.48783016204834,OK
1exd.cif,1556.0,73.0,1.0,22.915172576904297,OK
1euq.cif,1533.0,72.0,1.0,23.222137451171875,OK
1bvj.cif,,,,,ERR:IndexError
1br3.cif,850.0,41.0,2.0,19.407222747802734,OK
17ra.cif,,,,,ERR:IndexError
1euy.cif,1555.0,73.0,1.0,23.097131729125977,OK
1cql.cif,,,,,ERR:IndexError
1a4d.cif,1325.0,41.0,2.0,20.7203311920166,OK
1e4p.cif,,,,,ERR:IndexError
1f9l.cif,718.0,22.0,1.0,14.271084785461426,OK
1b7f.cif,494.0,24.0,2.0,26.97934913635254,OK
1c04.cif,1864.0,87.0,2.0,31.74527359008789,OK
1f7y.cif,1221.0,57.0,1.0,21.383525848388672,OK
1am0.cif,,,,,ERR:IndexError
1eiy.cif,1623.0,76.0,1.0,23.21723747253418,OK
1e95.cif,,,,,ERR:IndexError
1b36.cif,,,,,ERR:IndexError
1bzt.cif,506.0,16.0,1.0,12.026000022888184,OK
1atv.cif,,,,,ERR:IndexError
1fix.cif,412.0,20.0,2.0,11.952934265136719,OK
1efw.cif,2700.0,126.0,2.0,47.146026611328125,OK
1f7v.cif,1286.0,60.0,1.0,22.135650634765625,OK
1f7f.cif,,,,,ERR:IndexError
1fir.cif,1307.0,61.0,1.0,23.505075454711914,OK
1esy.cif,,,,,ERR:IndexError
1fuf.cif,546.0,26.0,2.0,12.127655982971191,OK
1fqz.cif,881.0,27.0,1.0,15.006487846374512,OK
1g2j.cif,149.0,7.0,1.0,10.88010025024414,OK
1f8v.cif,509.0,25.0,1.0,21.903532028198242,OK
1g3a.cif,258.0,8.0,2.0,9.168051719665527,OK
1f85.cif,,,,,ERR:IndexError
1al5.cif,,,,,ERR:IndexError
1f7u.cif,1348.0,63.0,1.0,23.23431396484375,OK
1akx.cif,964.0,30.0,1.0,15.570164680480957,OK
1feq.cif,,,,,ERR:IndexError
1ac3.cif,,,,,ERR:IndexError
1fmn.cif,,,,,ERR:IndexError
1gsg.cif,66.0,66.0,1.0,23.14867401123047,OK
1ei2.cif,,,,,ERR:IndexError
1g2e.cif,197.0,10.0,1.0,12.017070770263672,OK
1ajl.cif,610.0,19.0,2.0,11.185894012451172,OK
1a4t.cif,,,,,ERR:IndexError
1exy.cif,,,,,ERR:IndexError
1ato.cif,,,,,ERR:IndexError
1c4l.cif,575.0,18.0,2.0,12.024815559387207,OK
1feu.cif,1722.0,80.0,4.0,20.741323471069336,OK
1fxl.cif,167.0,9.0,1.0,10.132078170776367,OK
165d.cif,332.0,16.0,2.0,10.4544677734375,OK
1g4q.cif,414.0,20.0,2.0,11.880179405212402,OK
1fhk.cif,,,,,ERR:IndexError
1ffz.cif,10688.0,499.0,2.0,48.09894943237305,OK
1f7i.cif,,,,,ERR:IndexError
1f7h.cif,,,,,ERR:IndexError
1f5h.cif,,,,,ERR:IndexError
1f5g.cif,,,,,ERR:IndexError
1h2c.cif,62.0,3.0,1.0,4.664079666137695,OK
1a60.cif,,,,,ERR:IndexError
1gts.cif,1573.0,74.0,1.0,23.176036834716797,OK
1ffy.cif,1603.0,74.0,1.0,22.884809494018555,OK
1a34.cif,636.0,20.0,2.0,12.019627571105957,OK
1h2d.cif,132.0,6.0,2.0,12.544230461120605,OK
1h3e.cif,1678.0,69.0,1.0,22.041763305664062,OK
1c2x.cif,2576.0,120.0,1.0,33.18968200683594,OK
1hq1.cif,1031.0,48.0,1.0,20.330808639526367,OK
1bj2.cif,,,,,ERR:IndexError
1hs3.cif,413.0,13.0,1.0,9.707320213317871,OK
1hc8.cif,2440.0,114.0,2.0,25.65069007873535,OK
1hs8.cif,414.0,13.0,1.0,9.683415412902832,OK
1fg0.cif,10667.0,498.0,2.0,48.26532745361328,OK
1hs4.cif,416.0,13.0,1.0,9.782607078552246,OK
1hs2.cif,417.0,13.0,1.0,9.78370189666748,OK
1fcw.cif,6645.0,310.0,5.0,43.2921028137207,OK
1hs1.cif,414.0,13.0,1.0,9.6135892868042,OK
1hmh.cif,2994.0,129.0,6.0,25.971986770629883,OK
1h0q.cif,,,,,ERR:IndexError
1gtr.cif,1573.0,74.0,1.0,23.17816162109375,OK
1arj.cif,,,,,ERR:IndexError
1foq.cif,12095.0,545.0,5.0,67.3546371459961,OK
1g1x.cif,3646.0,169.0,4.0,36.21871566772461,OK
1i4c.cif,415.0,13.0,1.0,9.151154518127441,OK
1i46.cif,419.0,13.0,1.0,9.565524101257324,OK
1i4b.cif,415.0,13.0,1.0,9.355527877807617,OK
1c0a.cif,1458.0,68.0,1.0,22.53127098083496,OK
1fyo.cif,,,,,ERR:IndexError
1gid.cif,6766.0,316.0,2.0,33.46574020385742,OK
1i7j.cif,0.0,,,,EMPTY
1aq3.cif,594.0,28.0,2.0,22.356752395629883,OK
1i9x.cif,546.0,26.0,2.0,12.937553405761719,OK
1byj.cif,,,,,ERR:IndexError
1i9k.cif,736.0,24.0,4.0,12.68348503112793,OK
1f7g.cif,,,,,ERR:IndexError
1gtn.cif,968.0,44.0,1.0,41.077205657958984,OK
1i9v.cif,1571.0,74.0,1.0,23.271696090698242,OK
1g59.cif,3194.0,150.0,2.0,48.9736213684082,OK
1aju.cif,,,,,ERR:IndexError
1ik1.cif,446.0,14.0,1.0,10.65947151184082,OK
1i6u.cif,1580.0,74.0,2.0,25.073863983154297,OK
1ik5.cif,546.0,26.0,2.0,12.139927864074707,OK
1f84.cif,,,,,ERR:IndexError
1j4y.cif,548.0,17.0,1.0,12.166647911071777,OK
1i3x.cif,,,,,ERR:IndexError
1a3m.cif,,,,,ERR:IndexError
1hr2.cif,6741.0,315.0,2.0,33.6485481262207,OK
1j6s.cif,428.0,20.0,4.0,21.088979721069336,OK
1bmv.cif,238.0,11.0,1.0,13.774470329284668,OK
1fl8.cif,,,,,ERR:IndexError
1ie1.cif,,,,,ERR:IndexError
1j9h.cif,672.0,32.0,4.0,16.6689395904541,OK
1grz.cif,10578.0,494.0,2.0,40.90010452270508,OK
1j7t.cif,898.0,42.0,2.0,18.241979598999023,OK
1idv.cif,,,,,ERR:IndexError
1jb8.cif,414.0,20.0,2.0,12.312858581542969,OK
1bn0.cif,,,,,ERR:IndexError
1hlx.cif,,,,,ERR:IndexError
1hys.cif,933.0,45.0,2.0,21.892913818359375,OK
1j1u.cif,1578.0,74.0,1.0,22.132183074951172,OK
1j8g.cif,516.0,24.0,4.0,14.212471008300781,OK
1hhw.cif,,,,,LOAD_FAIL
1h4s.cif,1398.0,64.0,1.0,20.59754753112793,OK
1hwq.cif,,,,,ERR:IndexError
1gax.cif,3206.0,150.0,2.0,39.598655700683594,OK
1f6u.cif,,,,,ERR:IndexError
1fyp.cif,,,,,ERR:IndexError
1jid.cif,565.0,26.0,1.0,15.00516414642334,OK
1jbt.cif,1242.0,58.0,2.0,24.518081665039062,OK
1i3y.cif,,,,,ERR:IndexError
1jbs.cif,726.0,34.0,2.0,30.050630569458008,OK
1jtw.cif,,,,,LOAD_FAIL
1jzc.cif,419.0,13.0,1.0,9.955745697021484,OK
1jzv.cif,636.0,30.0,4.0,14.286812782287598,OK
1h4q.cif,1395.0,64.0,1.0,20.56855583190918,OK
1jwc.cif,506.0,16.0,1.0,12.437664985656738,OK
1etg.cif,,,,,ERR:IndexError
1k2g.cif,711.0,22.0,1.0,12.738585472106934,OK
1hhx.cif,,,,,ERR:IndexError
1ikd.cif,,,,,ERR:IndexError
1jgq.cif,5718.0,1728.0,5.0,65.17703247070312,OK
1j2b.cif,3162.0,148.0,2.0,41.335750579833984,OK
1jbr.cif,1303.0,61.0,3.0,26.828065872192383,OK
1ie2.cif,,,,,ERR:IndexError
1ju7.cif,,,,,ERR:IndexError
1g70.cif,,,,,ERR:IndexError
1k5i.cif,,,,,ERR:IndexError
1fka.cif,28902.0,1479.0,1.0,65.58382415771484,OK
1k8s.cif,807.0,25.0,2.0,13.794583320617676,OK
1kaj.cif,1035.0,32.0,1.0,16.758888244628906,OK
1guc.cif,,,,,ERR:IndexError
1jgp.cif,5771.0,1724.0,5.0,65.21094512939453,OK
1gtf.cif,968.0,44.0,1.0,40.66256332397461,OK
1i5l.cif,114.0,6.0,2.0,22.287485122680664,OK
1a51.cif,,,,,ERR:IndexError
1kd4.cif,460.0,22.0,2.0,12.357933044433594,OK
1kd3.cif,460.0,22.0,2.0,13.148907661437988,OK
1il2.cif,2765.0,129.0,2.0,44.495994567871094,OK
1kd5.cif,460.0,22.0,2.0,13.499730110168457,OK
1k8w.cif,444.0,21.0,1.0,11.709567070007324,OK
1jur.cif,,,,,ERR:IndexError
1kh6.cif,905.0,42.0,1.0,17.870494842529297,OK
1kfo.cif,380.0,18.0,1.0,17.198604583740234,OK
1koc.cif,544.0,25.0,2.0,12.469898223876953,OK
1kod.cif,542.0,25.0,2.0,12.434990882873535,OK
1jtj.cif,,,,,ERR:IndexError
1kis.cif,1028.0,32.0,2.0,15.745523452758789,OK
1jgo.cif,5766.0,1719.0,5.0,65.25016784667969,OK
1hji.cif,,,,,ERR:IndexError
1k9w.cif,1948.0,92.0,4.0,34.81973648071289,OK
1hg9.cif,,,,,ERR:IndexError
1kp7.cif,961.0,30.0,1.0,16.15631866455078,OK
1k6g.cif,,,,,ERR:IndexError
1kpd.cif,1035.0,32.0,1.0,15.802071571350098,OK
1kq2.cif,142.0,7.0,1.0,7.659502029418945,OK
1l3d.cif,582.0,27.0,1.0,12.419865608215332,OK
1l2x.cif,582.0,27.0,1.0,12.376289367675781,OK
1kpz.cif,872.0,27.0,1.0,12.46329402923584,OK
1kxk.cif,1497.0,70.0,1.0,27.192747116088867,OK
1l1w.cif,941.0,29.0,1.0,14.888134956359863,OK
1asz.cif,2872.0,134.0,2.0,43.2822265625,OK
1l3z.cif,292.0,14.0,2.0,12.288739204406738,OK
1kuq.cif,1225.0,57.0,1.0,21.322338104248047,OK
1k4b.cif,,,,,ERR:IndexError
1d6k.cif,,,,,ERR:IndexError
1ls2.cif,76.0,76.0,1.0,23.238208770751953,OK
1lnt.cif,472.0,22.0,2.0,12.803258895874023,OK
1l1c.cif,932.0,29.0,1.0,15.021780014038086,OK
1lc4.cif,898.0,42.0,2.0,18.369665145874023,OK
1kos.cif,,,,,ERR:IndexError
1lu3.cif,345.0,16.0,1.0,10.699166297912598,OK
1k4a.cif,,,,,ERR:IndexError
1l9a.cif,2683.0,125.0,1.0,31.44646453857422,OK
1i9f.cif,,,,,ERR:IndexError
1jp0.cif,,,,,ERR:IndexError
1laj.cif,63.0,3.0,1.0,4.370359897613525,OK
1a1t.cif,,,,,ERR:IndexError
1kka.cif,,,,,ERR:IndexError
1h38.cif,2802.0,137.0,12.0,60.46816635131836,OK
1k6h.cif,,,,,ERR:IndexError
1kks.cif,,,,,ERR:IndexError
1lng.cif,2080.0,97.0,1.0,23.856382369995117,OK
1ju1.cif,,,,,ERR:IndexError
1lpw.cif,,,,,ERR:IndexError
1mdg.cif,105.0,5.0,1.0,8.101773262023926,OK
1l8v.cif,6714.0,314.0,2.0,34.058414459228516,OK
1kpy.cif,,,,,ERR:IndexError
1luu.cif,,,,,ERR:IndexError
1jox.cif,,,,,ERR:IndexError
1m5v.cif,4768.0,224.0,6.0,64.39688873291016,OK
1lmv.cif,,,,,ERR:IndexError
1lux.cif,,,,,ERR:IndexError
1mis.cif,522.0,16.0,2.0,10.778011322021484,OK
1me1.cif,,,,,ERR:IndexError
1i95.cif,32534.0,1514.0,1.0,65.20235443115234,OK
1mhk.cif,548.0,26.0,2.0,13.207418441772461,OK
1mnb.cif,893.0,28.0,1.0,15.204200744628906,OK
1knz.cif,408.0,20.0,4.0,40.05093765258789,OK
1m5k.cif,4694.0,220.0,4.0,64.67564392089844,OK
1m8x.cif,314.0,15.0,2.0,37.18113327026367,OK
1mj1.cif,2726.0,192.0,4.0,40.10135269165039,OK
1lvj.cif,,,,,ERR:IndexError
1mv2.cif,514.0,16.0,2.0,11.85330867767334,OK
1muv.cif,580.0,18.0,2.0,11.886336326599121,OK
1c2w.cif,62088.0,2891.0,1.0,75.91659545898438,OK
1mms.cif,2474.0,116.0,2.0,28.06389808654785,OK
1mme.cif,1746.0,82.0,4.0,24.46378517150879,OK
1mv1.cif,514.0,16.0,2.0,11.804451942443848,OK
1mvr.cif,249.0,249.0,6.0,52.56032180786133,OK
1msy.cif,576.0,27.0,1.0,14.451568603515625,OK
1m5o.cif,4768.0,224.0,4.0,64.20829010009766,OK
1mwl.cif,898.0,42.0,2.0,18.238801956176758,OK
1mwg.cif,522.0,16.0,2.0,10.696348190307617,OK
1mv6.cif,,,,,ERR:IndexError
1my9.cif,914.0,28.0,2.0,12.77089786529541,OK
1mfq.cif,2728.0,127.0,1.0,30.702150344848633,OK
1mfj.cif,,,,,ERR:IndexError
1mji.cif,1434.0,68.0,2.0,19.98312759399414,OK
1ibl.cif,32904.0,1513.0,4.0,64.78797149658203,OK
1n53.cif,806.0,25.0,2.0,13.220776557922363,OK
1mzp.cif,1185.0,55.0,1.0,17.2417049407959,OK
1h1k.cif,40008.0,1906.0,6.0,361.1256103515625,OK
1m8y.cif,422.0,20.0,2.0,27.926843643188477,OK
1n1h.cif,85.0,4.0,1.0,6.720607280731201,OK
1nao.cif,275.0,13.0,2.0,10.60543441772461,OK
1m8v.cif,820.0,41.0,7.0,21.55005645751953,OK
1aud.cif,,,,,ERR:IndexError
1msw.cif,964.0,47.0,3.0,21.810636520385742,OK
1ekz.cif,,,,,ERR:IndexError
1hvu.cif,2552.0,120.0,4.0,67.98204040527344,OK
1nbk.cif,1092.0,34.0,1.0,16.32404327392578,OK
1m5p.cif,4772.0,224.0,6.0,64.42477416992188,OK
1i97.cif,32534.0,1514.0,1.0,65.17532348632812,OK
1nbs.cif,5802.0,270.0,2.0,37.816829681396484,OK
1mt4.cif,,,,,ERR:IndexError
1mfy.cif,,,,,ERR:IndexError
1ml5.cif,5980.0,4527.0,5.0,80.51873016357422,OK
1m8w.cif,630.0,30.0,4.0,37.456146240234375,OK
1mfk.cif,,,,,ERR:IndexError
1nlc.cif,980.0,46.0,2.0,19.470062255859375,OK
1nta.cif,842.0,40.0,2.0,15.212946891784668,OK
1k1g.cif,,,,,ERR:IndexError
1ldz.cif,,,,,ERR:IndexError
1k01.cif,59532.0,2774.0,1.0,64.67703247070312,OK
1n78.cif,3194.0,148.0,2.0,49.23759460449219,OK
1nts.cif,300.0,9.0,1.0,11.774781227111816,OK
1n66.cif,,,,,ERR:IndexError
1ntq.cif,418.0,13.0,2.0,11.372122764587402,OK
1nuj.cif,2048.0,96.0,8.0,21.395061492919922,OK
1nuv.cif,2048.0,96.0,8.0,21.372745513916016,OK
1ntt.cif,328.0,10.0,2.0,11.813443183898926,OK
1ntb.cif,842.0,40.0,2.0,15.24364185333252,OK
1nb7.cif,154.0,8.0,2.0,37.32484436035156,OK
1hr0.cif,32499.0,1494.0,2.0,65.04410552978516,OK
1j5e.cif,32514.0,1494.0,1.0,65.24064636230469,OK
1na2.cif,,,,,ERR:IndexError
1nyi.cif,853.0,40.0,2.0,16.08406639099121,OK
1o3z.cif,983.0,49.0,2.0,19.43205451965332,OK
1o9m.cif,892.0,42.0,2.0,18.023820877075195,OK
1m5l.cif,,,,,ERR:IndexError
1n38.cif,148.0,7.0,2.0,10.603955268859863,OK
1o15.cif,1065.0,33.0,1.0,15.336894989013672,OK
1ob2.cif,1349.0,63.0,1.0,23.404335021972656,OK
1nem.cif,,,,,ERR:IndexError
1i6h.cif,463.0,22.0,2.0,14.270353317260742,OK
1osu.cif,123.0,6.0,1.0,8.018783569335938,OK
1nbr.cif,,,,,ERR:IndexError
1oln.cif,1237.0,58.0,1.0,16.43597984313965,OK
1j5a.cif,59532.0,2774.0,1.0,64.67951202392578,OK
1jzx.cif,59532.0,2774.0,1.0,64.67808532714844,OK
1oo7.cif,,,,,ERR:IndexError
1jo7.cif,,,,,ERR:IndexError
1jzz.cif,59532.0,2774.0,1.0,64.67931365966797,OK
1nxr.cif,,,,,ERR:IndexError
1p79.cif,161.0,5.0,1.0,6.551870822906494,OK
1ow9.cif,,,,,ERR:IndexError
1ivs.cif,3206.0,150.0,2.0,39.58803939819336,OK
1o0c.cif,1570.0,74.0,1.0,23.348268508911133,OK
1pbl.cif,0.0,,,,EMPTY
1p5p.cif,2468.0,77.0,1.0,29.463361740112305,OK
1fje.cif,,,,,ERR:IndexError
1n77.cif,3194.0,148.0,2.0,49.20081329345703,OK
1p6v.cif,1465.0,69.0,2.0,25.5522518157959,OK
1pbm.cif,388.0,12.0,2.0,9.084100723266602,OK
1pn7.cif,62.0,62.0,1.0,23.390676498413086,OK
1o0b.cif,1570.0,74.0,1.0,23.102998733520508,OK
1pjg.cif,641.0,20.0,2.0,11.900911331176758,OK
1pjo.cif,641.0,20.0,2.0,11.843562126159668,OK
1pn8.cif,68.0,68.0,1.0,23.74049949645996,OK
1pbr.cif,867.0,27.0,1.0,14.229951858520508,OK
1nz1.cif,,,,,ERR:IndexError
1q29.cif,872.0,41.0,2.0,16.14447784423828,OK
1pgl.cif,122.0,6.0,1.0,7.601365566253662,OK
1ooa.cif,1234.0,58.0,2.0,26.62003517150879,OK
1n35.cif,281.0,13.0,2.0,11.496379852294922,OK
1mnx.cif,,,,,ERR:IndexError
1nc0.cif,,,,,ERR:IndexError
1lc6.cif,,,,,ERR:IndexError
1m82.cif,,,,,ERR:IndexError
1q9a.cif,579.0,27.0,1.0,14.168792724609375,OK
1q93.cif,1734.0,81.0,3.0,25.683246612548828,OK
1q96.cif,1731.0,81.0,3.0,25.672792434692383,OK
1oq0.cif,,,,,ERR:IndexError
1qcu.cif,1415.0,44.0,4.0,12.428175926208496,OK
1qbp.cif,1548.0,78.0,6.0,34.97758865356445,OK
1i94.cif,32534.0,1514.0,1.0,65.12533569335938,OK
1qd7.cif,0.0,,,,EMPTY
1qc0.cif,1767.0,57.0,4.0,23.969392776489258,OK
1qa6.cif,2486.0,116.0,2.0,25.8446044921875,OK
1osw.cif,,,,,ERR:IndexError
1q75.cif,,,,,ERR:IndexError
1okf.cif,,,,,ERR:IndexError
1kog.cif,6280.0,296.0,8.0,67.06538391113281,OK
1qtq.cif,1570.0,74.0,1.0,23.135517120361328,OK
1pjy.cif,,,,,ERR:IndexError
1ibk.cif,32486.0,1493.0,2.0,65.2725601196289,OK
1dz5.cif,,,,,LOAD_FAIL
1nyb.cif,,,,,ERR:IndexError
1qza.cif,75.0,75.0,1.0,23.955814361572266,OK
1n33.cif,32800.0,1508.0,3.0,65.06350708007812,OK
1fjg.cif,32508.0,1494.0,2.0,65.40664672851562,OK
1qzc.cif,91.0,91.0,3.0,38.85197448730469,OK
1qzb.cif,75.0,75.0,1.0,24.216279983520508,OK
1r2w.cif,57.0,57.0,1.0,17.232540130615234,OK
1r2x.cif,57.0,57.0,1.0,17.232566833496094,OK
1qln.cif,777.0,38.0,3.0,21.419172286987305,OK
1q2s.cif,804.0,38.0,2.0,16.730667114257812,OK
1r3o.cif,0.0,,,,EMPTY
1ob5.cif,3987.0,186.0,3.0,33.11882400512695,OK
1pvo.cif,200.0,10.0,5.0,36.34300231933594,OK
1r4h.cif,325.0,10.0,1.0,8.858844757080078,OK
1jzy.cif,59532.0,2774.0,1.0,64.67757415771484,OK
1qf6.cif,1475.0,69.0,1.0,22.969417572021484,OK
1n8x.cif,,,,,ERR:IndexError
1qet.cif,,,,,ERR:IndexError
1r9f.cif,810.0,40.0,2.0,17.927766799926758,OK
1hnw.cif,32508.0,1494.0,2.0,65.28070068359375,OK
1p5o.cif,,,,,ERR:IndexError
1qrt.cif,1802.0,74.0,1.0,23.195613861083984,OK
1rau.cif,780.0,24.0,4.0,11.173100471496582,OK
1qwa.cif,,,,,ERR:IndexError
1r3e.cif,1045.0,50.0,3.0,19.59849739074707,OK
1qru.cif,1802.0,74.0,1.0,23.20111656188965,OK
1qu3.cif,1603.0,75.0,1.0,22.764324188232422,OK
1q2r.cif,804.0,38.0,2.0,16.841650009155273,OK
1rht.cif,773.0,24.0,1.0,14.001811027526855,OK
1i96.cif,32534.0,1514.0,1.0,65.1567153930664,OK
1rmn.cif,1053.0,49.0,1.0,18.558992385864258,OK
1rnk.cif,1098.0,34.0,1.0,16.274999618530273,OK
1rc7.cif,848.0,40.0,4.0,17.85209083557129,OK
1r3x.cif,,,,,ERR:IndexError
1rmv.cif,67.0,3.0,1.0,5.255568981170654,OK
1rng.cif,,,,,ERR:IndexError
1rna.cif,582.0,28.0,2.0,13.721416473388672,OK
1rxa.cif,169.0,8.0,1.0,9.992392539978027,OK
1rxb.cif,338.0,16.0,2.0,10.849321365356445,OK
1q8n.cif,,,,,ERR:IndexError
1qrs.cif,1802.0,74.0,1.0,23.213613510131836,OK
1nkw.cif,61878.0,2884.0,2.0,66.28791046142578,OK
1qc8.cif,,,,,ERR:IndexError
1s2f.cif,732.0,23.0,1.0,13.093849182128906,OK
1ffk.cif,60612.0,2828.0,2.0,65.16230773925781,OK
1roq.cif,,,,,ERR:IndexError
1njp.cif,59865.0,2790.0,2.0,64.63481140136719,OK
1rlg.cif,952.0,44.0,2.0,20.15952491760254,OK
1rpu.cif,890.0,42.0,2.0,19.510793685913086,OK
1p5m.cif,,,,,ERR:IndexError
1qwb.cif,,,,,ERR:IndexError
1saq.cif,740.0,35.0,5.0,35.832698822021484,OK
1sa9.cif,855.0,40.0,5.0,28.473642349243164,OK
1s03.cif,2008.0,94.0,2.0,38.37063980102539,OK
1rrr.cif,,,,,ERR:IndexError
1qd3.cif,,,,,ERR:IndexError
1s77.cif,961.0,47.0,3.0,21.626768112182617,OK
1sdr.cif,1006.0,48.0,4.0,16.694053649902344,OK
1si3.cif,185.0,9.0,1.0,10.603439331054688,OK
1slo.cif,606.0,19.0,1.0,10.926421165466309,OK
1sjf.cif,1574.0,74.0,1.0,22.202281951904297,OK
1r7w.cif,,,,,ERR:IndexError
1sj4.cif,1552.0,73.0,1.0,22.25209617614746,OK
1sj3.cif,1552.0,73.0,1.0,22.301342010498047,OK
1szy.cif,677.0,21.0,1.0,12.562261581420898,OK
1rrd.cif,,,,,ERR:IndexError
1scl.cif,,,,,ERR:IndexError
1sds.cif,966.0,45.0,3.0,34.55418014526367,OK
1qu2.cif,1603.0,74.0,1.0,22.884809494018555,OK
1r2p.cif,,,,,ERR:IndexError
1t1o.cif,73.0,73.0,3.0,34.80722427368164,OK
1k9m.cif,61617.0,2876.0,2.0,66.0416488647461,OK
1t0e.cif,742.0,35.0,2.0,16.160594940185547,OK
1t1m.cif,54.0,54.0,2.0,36.09723663330078,OK
1qes.cif,,,,,ERR:IndexError
1t0d.cif,1354.0,64.0,4.0,19.019853591918945,OK
1ibm.cif,32818.0,1509.0,4.0,64.97124481201172,OK
1tfn.cif,725.0,24.0,1.0,13.993612289428711,OK
1t28.cif,1103.0,34.0,1.0,17.111560821533203,OK
1fnx.cif,,,,,ERR:IndexError
1syz.cif,,,,,ERR:IndexError
1qfq.cif,,,,,ERR:IndexError
1t0k.cif,579.0,27.0,2.0,13.702717781066895,OK
1tn1.cif,1329.0,62.0,1.0,22.930797576904297,OK
1trj.cif,68.0,68.0,2.0,25.347434997558594,OK
1slp.cif,,,,,ERR:IndexError
1tn2.cif,1329.0,62.0,1.0,22.930797576904297,OK
1tra.cif,1329.0,62.0,1.0,22.9108943939209,OK
1tbk.cif,,,,,ERR:IndexError
1nwx.cif,61878.0,2884.0,2.0,66.2957534790039,OK
1p5n.cif,,,,,ERR:IndexError
1qzw.cif,3904.0,180.0,4.0,71.73141479492188,OK
1rfr.cif,,,,,ERR:IndexError
1u2a.cif,646.0,20.0,1.0,12.301041603088379,OK
1tut.cif,707.0,22.0,2.0,13.407513618469238,OK
1t4x.cif,,,,,ERR:IndexError
1r7z.cif,,,,,ERR:IndexError
1hnx.cif,32508.0,1494.0,2.0,65.3141098022461,OK
1s76.cif,973.0,47.0,3.0,21.921884536743164,OK
1u1y.cif,662.0,31.0,2.0,21.5410213470459,OK
1sy4.cif,,,,,ERR:IndexError
1s34.cif,,,,,ERR:IndexError
1tjz.cif,,,,,ERR:IndexError
1ser.cif,1320.0,50.0,1.0,18.202144622802734,OK
1un6.cif,2608.0,122.0,2.0,32.81227493286133,OK
1uud.cif,929.0,29.0,1.0,14.939592361450195,OK
1uui.cif,930.0,29.0,1.0,15.41183090209961,OK
1hnz.cif,32508.0,1494.0,2.0,65.25130462646484,OK
1u9s.cif,3351.0,155.0,1.0,29.684846878051758,OK
1raw.cif,,,,,ERR:IndexError
1u0b.cif,1576.0,74.0,1.0,22.586204528808594,OK
1tlr.cif,,,,,ERR:IndexError
1u63.cif,2110.0,98.0,2.0,24.759241104125977,OK
1urn.cif,1177.0,61.0,3.0,26.823848724365234,OK
1u3k.cif,,,,,ERR:IndexError
1tob.cif,,,,,ERR:IndexError
1s9l.cif,,,,,ERR:IndexError
1ry1.cif,6436.0,301.0,8.0,77.05252075195312,OK
1n32.cif,32883.0,1512.0,3.0,64.72086334228516,OK
1sz1.cif,2650.0,124.0,2.0,29.665851593017578,OK
1vbx.cif,1552.0,73.0,1.0,22.23600196838379,OK
1vby.cif,1552.0,73.0,1.0,22.237812042236328,OK
1n34.cif,32585.0,1498.0,2.0,65.06668090820312,OK
1r9s.cif,496.0,24.0,2.0,14.137157440185547,OK
1vc0.cif,1552.0,73.0,1.0,22.309972763061523,OK
1vc6.cif,1532.0,72.0,1.0,22.394611358642578,OK
1ull.cif,,,,,ERR:IndexError
1k73.cif,61617.0,2876.0,2.0,66.06170654296875,OK
1u6b.cif,4690.0,219.0,3.0,31.430051803588867,OK
1vbz.cif,1552.0,73.0,1.0,22.2403507232666,OK
1vc5.cif,1489.0,70.0,1.0,22.68985366821289,OK
1kd1.cif,61617.0,2876.0,2.0,66.03179168701172,OK
1vop.cif,,,,,ERR:IndexError
1vtm.cif,67.0,3.0,1.0,5.409223556518555,OK
1p9x.cif,58759.0,2738.0,1.0,64.92586517333984,OK
1vtq.cif,1436.0,67.0,1.0,23.696561813354492,OK
1njn.cif,59359.0,2766.0,1.0,64.73140716552734,OK
1tfy.cif,1540.0,73.0,6.0,42.783504486083984,OK
1rgo.cif,,,,,ERR:IndexError
1m90.cif,61676.0,2879.0,3.0,66.05400085449219,OK
1txs.cif,,,,,ERR:IndexError
1m1k.cif,61617.0,2876.0,2.0,66.07576751708984,OK
1uuu.cif,,,,,ERR:IndexError
1ttt.cif,3987.0,186.0,3.0,31.87946128845215,OK
1wts.cif,356.0,11.0,1.0,9.978477478027344,OK
1wmq.cif,290.0,14.0,2.0,24.235065460205078,OK
1s0v.cif,2784.0,136.0,12.0,61.98292541503906,OK
1vfg.cif,1384.0,65.0,2.0,50.50714111328125,OK
1wrq.cif,284.0,14.0,2.0,24.06800079345703,OK
1uts.cif,,,,,ERR:IndexError
1wvd.cif,980.0,46.0,2.0,19.430747985839844,OK
1x1l.cif,130.0,130.0,1.0,42.7314453125,OK
1x18.cif,86.0,86.0,4.0,29.589813232421875,OK
1k8a.cif,61617.0,2876.0,2.0,66.03506469726562,OK
1tfw.cif,1598.0,76.0,6.0,43.584293365478516,OK
1x9c.cif,1272.0,60.0,4.0,17.775094985961914,OK
1wsu.cif,1375.0,65.0,3.0,24.460084915161133,OK
1n36.cif,32508.0,1494.0,1.0,65.28140258789062,OK
1x9k.cif,1313.0,62.0,4.0,17.79434585571289,OK
1wne.cif,271.0,13.0,2.0,9.943181037902832,OK
1uvl.cif,291.0,15.0,3.0,43.013790130615234,OK
1xjr.cif,992.0,46.0,1.0,17.967973709106445,OK
1ond.cif,59336.0,2765.0,1.0,64.63151550292969,OK
1wpu.cif,290.0,14.0,2.0,23.99462127685547,OK
1jj2.cif,61617.0,2876.0,2.0,66.06515502929688,OK
1xok.cif,765.0,36.0,2.0,16.272262573242188,OK
1xp7.cif,978.0,46.0,2.0,19.544401168823242,OK
1uvn.cif,231.0,12.0,3.0,41.6563606262207,OK
1xpe.cif,982.0,46.0,2.0,19.316686630249023,OK
1s9s.cif,,,,,ERR:IndexError
1t2r.cif,,,,,ERR:IndexError
1wtt.cif,,,,,ERR:IndexError
1xpf.cif,980.0,46.0,2.0,20.26194190979004,OK
1uvi.cif,231.0,12.0,3.0,44.68918991088867,OK
1uvj.cif,231.0,12.0,3.0,44.74879837036133,OK
1xsh.cif,863.0,27.0,1.0,14.68398666381836,OK
1xst.cif,866.0,27.0,1.0,15.124369621276855,OK
1xsg.cif,866.0,27.0,1.0,14.860766410827637,OK
1xwp.cif,482.0,15.0,1.0,10.117396354675293,OK
1xsu.cif,863.0,27.0,1.0,14.991711616516113,OK
1wks.cif,,,,,ERR:IndexError
1xwu.cif,515.0,16.0,1.0,11.684663772583008,OK
1xhp.cif,,,,,ERR:IndexError
1y26.cif,1499.0,71.0,1.0,20.753313064575195,OK
1uon.cif,281.0,13.0,2.0,11.496421813964844,OK
1y27.cif,1405.0,66.0,1.0,19.45469856262207,OK
1wwg.cif,,,,,ERR:IndexError
1wz2.cif,3760.0,176.0,2.0,66.63758087158203,OK
1y0q.cif,4973.0,233.0,2.0,28.824871063232422,OK
1y3o.cif,938.0,44.0,2.0,19.3547420501709,OK
1y3s.cif,938.0,44.0,2.0,19.2969913482666,OK
1y73.cif,980.0,46.0,2.0,19.45980453491211,OK
1y6s.cif,980.0,46.0,2.0,19.242238998413086,OK
1rkj.cif,,,,,ERR:IndexError
1y6t.cif,980.0,46.0,2.0,19.47578239440918,OK
1y90.cif,940.0,44.0,2.0,19.045270919799805,OK
1uvm.cif,291.0,15.0,3.0,40.079219818115234,OK
1y99.cif,980.0,46.0,2.0,19.508073806762695,OK
1yfv.cif,522.0,16.0,2.0,10.272453308105469,OK
1sfo.cif,496.0,24.0,2.0,14.077787399291992,OK
1wwd.cif,,,,,ERR:IndexError
1yfg.cif,1370.0,64.0,1.0,24.51551628112793,OK
1y1y.cif,11.0,11.0,2.0,12.204879760742188,OK
1yg4.cif,873.0,27.0,1.0,12.560256004333496,OK
1y39.cif,2436.0,114.0,2.0,25.59054946899414,OK
1y95.cif,980.0,46.0,2.0,19.50242042541504,OK
1q86.cif,61735.0,2882.0,4.0,66.04439544677734,OK
1ykq.cif,2078.0,98.0,4.0,22.66286849975586,OK
1utd.cif,815.0,45.0,11.0,40.90696334838867,OK
1yls.cif,1854.0,86.0,4.0,21.68029022216797,OK
1ykv.cif,2092.0,98.0,4.0,22.737062454223633,OK
1xv0.cif,,,,,ERR:IndexError
1xpo.cif,237.0,12.0,6.0,36.01376724243164,OK
1xv6.cif,,,,,ERR:IndexError
1yn2.cif,,,,,ERR:IndexError
1wwf.cif,,,,,ERR:IndexError
1yrj.cif,952.0,45.0,2.0,18.53032112121582,OK
1q82.cif,61657.0,2878.0,3.0,66.0756607055664,OK
1q7y.cif,61675.0,2879.0,3.0,65.92321014404297,OK
1yn1.cif,,,,,ERR:IndexError
1ysh.cif,3517.0,163.0,3.0,37.82658386230469,OK
1r9t.cif,1067.0,52.0,3.0,28.936296463012695,OK
1xpr.cif,239.0,12.0,6.0,36.056522369384766,OK
1x8w.cif,20754.0,968.0,4.0,67.695068359375,OK
1yy0.cif,948.0,45.0,3.0,24.05623435974121,OK
1yty.cif,366.0,18.0,2.0,12.91701602935791,OK
1yxp.cif,938.0,44.0,2.0,19.32848358154297,OK
1yg3.cif,,,,,ERR:IndexError
1yzd.cif,951.0,45.0,3.0,24.19259262084961,OK
1yng.cif,,,,,ERR:IndexError
1ytu.cif,409.0,19.0,4.0,22.969844818115234,OK
1xmq.cif,32669.0,1508.0,3.0,64.61334991455078,OK
1ysv.cif,,,,,ERR:IndexError
1njo.cif,59418.0,2769.0,2.0,64.70915222167969,OK
1yvp.cif,932.0,44.0,6.0,35.71100997924805,OK
1nwy.cif,61878.0,2884.0,2.0,66.29873657226562,OK
1yz9.cif,920.0,44.0,4.0,20.07589340209961,OK
1z79.cif,948.0,45.0,3.0,24.25588035583496,OK
1wwe.cif,,,,,ERR:IndexError
1z43.cif,2169.0,101.0,1.0,24.984817504882812,OK
1ync.cif,,,,,ERR:IndexError
1ymo.cif,,,,,ERR:IndexError
1z7f.cif,1008.0,48.0,3.0,24.4074649810791,OK
1zbi.cif,495.0,24.0,2.0,14.168500900268555,OK
1zc8.cif,416.0,416.0,9.0,68.89532470703125,OK
1yyo.cif,1012.0,48.0,4.0,19.94898796081543,OK
1zci.cif,1876.0,88.0,4.0,24.195966720581055,OK
1yyk.cif,1012.0,48.0,4.0,20.000743865966797,OK
1nji.cif,61617.0,2876.0,2.0,66.02162170410156,OK
1zdh.cif,551.0,26.0,2.0,22.101991653442383,OK
1z31.cif,,,,,ERR:IndexError
1z30.cif,,,,,ERR:IndexError
1zdi.cif,616.0,29.0,2.0,22.444271087646484,OK
1zdk.cif,810.0,38.0,2.0,21.635454177856445,OK
1zfv.cif,1293.0,61.0,4.0,17.609973907470703,OK
1zev.cif,,,,,LOAD_FAIL
1zft.cif,1249.0,59.0,4.0,17.825864791870117,OK
1zdj.cif,334.0,16.0,2.0,19.908246994018555,OK
1zfx.cif,1291.0,61.0,4.0,17.527057647705078,OK
1njm.cif,59865.0,2790.0,2.0,64.63602447509766,OK
1zn0.cif,40.0,40.0,1.0,19.582218170166016,OK
1yne.cif,,,,,ERR:IndexError
1kqs.cif,61713.0,2881.0,4.0,66.04087829589844,OK
1xpu.cif,240.0,12.0,6.0,36.35089874267578,OK
1zn1.cif,99.0,99.0,2.0,23.26043701171875,OK
205d.cif,502.0,24.0,2.0,12.903997421264648,OK
1zbl.cif,,,,,ERR:IndexError
1zl3.cif,444.0,21.0,1.0,11.767467498779297,OK
1zz5.cif,1228.0,58.0,4.0,24.438499450683594,OK
1zig.cif,,,,,ERR:IndexError
219d.cif,391.0,19.0,2.0,11.732555389404297,OK
255d.cif,255.0,12.0,1.0,13.498211860656738,OK
1zif.cif,,,,,ERR:IndexError
1zx7.cif,2456.0,116.0,8.0,26.532390594482422,OK
1xbp.cif,61875.0,2884.0,2.0,66.3513412475586,OK
1ze2.cif,894.0,42.0,2.0,17.911579132080078,OK
259d.cif,338.0,16.0,2.0,10.797696113586426,OK
283d.cif,258.0,12.0,1.0,12.668291091918945,OK
1zo3.cif,3250.0,152.0,2.0,27.90082359313965,OK
1zih.cif,,,,,ERR:IndexError
1zh5.cif,366.0,18.0,2.0,13.141119003295898,OK
1yyw.cif,1992.0,96.0,8.0,32.823509216308594,OK
1kc8.cif,61617.0,2876.0,2.0,66.06936645507812,OK
1zbh.cif,666.0,32.0,2.0,29.615053176879883,OK
2a0p.cif,351.0,14.0,2.0,10.762967109680176,OK
299d.cif,873.0,41.0,2.0,16.042888641357422,OK
280d.cif,1008.0,48.0,4.0,24.454740524291992,OK
2a43.cif,552.0,26.0,1.0,12.25023365020752,OK
2a9l.cif,1231.0,38.0,1.0,19.905656814575195,OK
1zse.cif,257.0,12.0,1.0,9.785807609558105,OK
2agn.cif,183.0,183.0,5.0,68.91602325439453,OK
28sr.cif,913.0,28.0,1.0,14.743525505065918,OK
2a04.cif,1228.0,58.0,4.0,24.189496994018555,OK
1qvf.cif,61874.0,2888.0,3.0,66.02425384521484,OK
1t4l.cif,,,,,ERR:IndexError
1zbn.cif,,,,,ERR:IndexError
2ab4.cif,401.0,19.0,1.0,11.694225311279297,OK
1zho.cif,3264.0,152.0,4.0,37.51921844482422,OK
1zc5.cif,,,,,ERR:IndexError
2ao5.cif,768.0,36.0,4.0,19.317386627197266,OK
2ap5.cif,876.0,27.0,1.0,12.625046730041504,OK
1zo1.cif,1622.0,76.0,1.0,23.274805068969727,OK
1ylg.cif,,,,,ERR:IndexError
1zjw.cif,1569.0,74.0,1.0,23.116147994995117,OK
2awe.cif,808.0,40.0,8.0,15.952309608459473,OK
2ann.cif,491.0,23.0,1.0,13.295086860656738,OK
1sm1.cif,61875.0,2884.0,2.0,66.4242172241211,OK
2au4.cif,1331.0,41.0,1.0,17.499616622924805,OK
2asb.cif,233.0,11.0,1.0,12.737258911132812,OK
2anr.cif,510.0,24.0,1.0,13.400155067443848,OK
2a2e.cif,5758.0,304.0,1.0,37.77970886230469,OK
2az2.cif,642.0,30.0,2.0,16.691701889038086,OK
1zzn.cif,4690.0,219.0,3.0,31.299510955810547,OK
2az0.cif,642.0,30.0,2.0,16.835813522338867,OK
2atw.cif,510.0,24.0,2.0,25.49489402770996,OK
2a8v.cif,182.0,9.0,2.0,31.92670249938965,OK
1y1w.cif,742.0,36.0,3.0,20.20270347595215,OK
2a1r.cif,126.0,6.0,2.0,19.625959396362305,OK
2b2d.cif,258.0,12.0,2.0,16.265329360961914,OK
2b6g.cif,608.0,19.0,1.0,12.212432861328125,OK
2ake.cif,1541.0,72.0,1.0,22.961118698120117,OK
28sp.cif,,,,,ERR:IndexError
1n8r.cif,61617.0,2876.0,2.0,66.09664916992188,OK
2b2g.cif,661.0,31.0,2.0,22.127988815307617,OK
2b8s.cif,980.0,46.0,2.0,19.409828186035156,OK
2b8r.cif,982.0,46.0,2.0,19.481386184692383,OK
2a64.cif,6383.0,298.0,1.0,33.888427734375,OK
2b2e.cif,639.0,30.0,2.0,22.426166534423828,OK
2b57.cif,1379.0,65.0,1.0,18.751232147216797,OK
2bcz.cif,1270.0,60.0,4.0,17.745441436767578,OK
2bee.cif,898.0,42.0,2.0,18.01559829711914,OK
2bcy.cif,1271.0,60.0,4.0,17.77978515625,OK
2be0.cif,898.0,42.0,2.0,17.987592697143555,OK
2b3j.cif,1050.0,50.0,4.0,28.26201057434082,OK
2bj2.cif,1284.0,40.0,2.0,17.64887809753418,OK
2awq.cif,,,,,ERR:IndexError
2bj6.cif,852.0,40.0,4.0,26.654050827026367,OK
1vq7.cif,61607.0,2876.0,3.0,66.05224609375,OK
1vqn.cif,61608.0,2876.0,4.0,66.1847152709961,OK
2ap0.cif,,,,,ERR:IndexError
2bny.cif,590.0,28.0,2.0,22.25611686706543,OK
2bs0.cif,441.0,21.0,2.0,20.180124282836914,OK
2b7g.cif,,,,,ERR:IndexError
2c0b.cif,214.0,11.0,1.0,11.879105567932129,OK
2cd1.cif,863.0,27.0,1.0,14.467891693115234,OK
2bq5.cif,760.0,36.0,2.0,22.261144638061523,OK
2c4q.cif,678.0,32.0,2.0,22.1921443939209,OK
2cd3.cif,862.0,27.0,1.0,14.549758911132812,OK
2cd5.cif,863.0,27.0,1.0,14.344012260437012,OK
2bx2.cif,293.0,14.0,1.0,17.33912467956543,OK
2cd6.cif,862.0,27.0,1.0,14.163652420043945,OK
1z2j.cif,,,,,ERR:IndexError
1vqk.cif,61570.0,2874.0,3.0,66.18606567382812,OK
2bs1.cif,485.0,23.0,2.0,20.276714324951172,OK
2bbv.cif,201.0,10.0,1.0,11.684602737426758,OK
2bu1.cif,686.0,32.0,2.0,21.897233963012695,OK
2c4z.cif,553.0,26.0,2.0,22.379188537597656,OK
2cky.cif,3310.0,154.0,2.0,32.11111831665039,OK
2c51.cif,596.0,28.0,2.0,22.200565338134766,OK
2c4r.cif,212.0,10.0,1.0,10.7786865234375,OK
2c4y.cif,593.0,28.0,2.0,22.501667022705078,OK
2a9x.cif,,,,,ERR:IndexError
2c50.cif,574.0,27.0,2.0,22.14429473876953,OK
2d2k.cif,1272.0,60.0,4.0,17.736154556274414,OK
2bgg.cif,616.0,29.0,4.0,37.19137191772461,OK
2d2l.cif,1252.0,59.0,4.0,17.8155460357666,OK
2azx.cif,3082.0,144.0,2.0,67.00474548339844,OK
1y69.cif,61875.0,2884.0,2.0,66.38912963867188,OK
1vq5.cif,61590.0,2875.0,3.0,66.17353820800781,OK
1y77.cif,743.0,36.0,3.0,20.159717559814453,OK
2aht.cif,,,,,ERR:IndexError
2d1a.cif,2526.0,78.0,2.0,29.588510513305664,OK
2d1b.cif,2526.0,78.0,2.0,29.276620864868164,OK
2bh2.cif,1230.0,58.0,2.0,30.43924331665039,OK
2dqq.cif,332.0,16.0,2.0,11.642217636108398,OK
2dqo.cif,332.0,16.0,2.0,11.626821517944336,OK
1xnq.cif,32674.0,1508.0,3.0,64.68965148925781,OK
2dqp.cif,332.0,16.0,2.0,11.60576057434082,OK
2d17.cif,,,,,ERR:IndexError
2d18.cif,,,,,ERR:IndexError
2czj.cif,5128.0,240.0,4.0,59.13745880126953,OK
2cv0.cif,3194.0,148.0,2.0,49.28083038330078,OK
2dlc.cif,1264.0,64.0,1.0,22.425758361816406,OK
2det.cif,1488.0,69.0,1.0,22.214595794677734,OK
1z58.cif,59359.0,2766.0,1.0,64.49575805664062,OK
2csx.cif,3206.0,148.0,2.0,44.17123031616211,OK
2dr9.cif,724.0,34.0,1.0,16.74951171875,OK
2dr8.cif,704.0,33.0,1.0,16.210838317871094,OK
2dr2.cif,1603.0,75.0,1.0,23.883689880371094,OK
2d19.cif,,,,,ERR:IndexError
2dr7.cif,704.0,33.0,1.0,15.985092163085938,OK
2cv1.cif,3194.0,148.0,2.0,49.368648529052734,OK
2ct8.cif,3166.0,146.0,2.0,44.40495681762695,OK
1yij.cif,61510.0,2871.0,2.0,66.10118865966797,OK
2der.cif,3082.0,143.0,2.0,36.52558898925781,OK
1vql.cif,61607.0,2876.0,3.0,66.11923217773438,OK
2du3.cif,1520.0,71.0,1.0,22.851890563964844,OK
2ees.cif,1422.0,67.0,1.0,19.330259323120117,OK
2du4.cif,1520.0,71.0,1.0,22.597475051879883,OK
2byt.cif,3354.0,142.0,2.0,27.394325256347656,OK
2dr5.cif,684.0,32.0,1.0,16.160247802734375,OK
2e9r.cif,314.0,15.0,2.0,10.359515190124512,OK
1vqp.cif,61590.0,2875.0,3.0,66.09815216064453,OK
2eet.cif,1423.0,67.0,1.0,19.266921997070312,OK
2eeu.cif,1422.0,67.0,1.0,19.289472579956055,OK
2drb.cif,746.0,35.0,1.0,17.4263916015625,OK
2esj.cif,898.0,42.0,2.0,17.953231811523438,OK
2eew.cif,1422.0,67.0,1.0,19.296859741210938,OK
2et3.cif,898.0,42.0,2.0,17.95729637145996,OK
2e9z.cif,336.0,16.0,2.0,10.57629680633545,OK
2et5.cif,898.0,42.0,2.0,18.153905868530273,OK
2et4.cif,898.0,42.0,2.0,18.294347763061523,OK
2esi.cif,932.0,44.0,2.0,18.547489166259766,OK
2dra.cif,724.0,34.0,1.0,16.78600311279297,OK
2du5.cif,1517.0,71.0,1.0,22.80673599243164,OK
2dvi.cif,724.0,34.0,1.0,16.813283920288086,OK
2cv2.cif,3194.0,148.0,2.0,49.22954559326172,OK
2eev.cif,1423.0,67.0,1.0,19.183792114257812,OK
2f4u.cif,892.0,42.0,2.0,18.04584312438965,OK
2f4t.cif,932.0,44.0,2.0,18.668996810913086,OK
2f4s.cif,900.0,42.0,2.0,18.521072387695312,OK
2et8.cif,898.0,42.0,2.0,18.4428653717041,OK
1u6p.cif,,,,,ERR:IndexError
2bte.cif,3352.0,142.0,2.0,27.098543167114258,OK
2c06.cif,,,,,ERR:IndexError
2du6.cif,1517.0,71.0,1.0,22.836545944213867,OK
1w2b.cif,61617.0,2876.0,2.0,66.07234954833984,OK
1xnr.cif,32672.0,1508.0,3.0,64.7258071899414,OK
2e9t.cif,594.0,28.0,4.0,24.33354377746582,OK
2fcx.cif,938.0,44.0,2.0,18.893098831176758,OK
2f8k.cif,317.0,16.0,1.0,10.528571128845215,OK
2fd0.cif,938.0,44.0,2.0,19.24747657775879,OK
2dd3.cif,,,,,ERR:IndexError
2dxi.cif,3194.0,148.0,2.0,49.29246520996094,OK
2ec0.cif,638.0,30.0,4.0,24.628032684326172,OK
2fqn.cif,918.0,43.0,2.0,18.746166229248047,OK
1q81.cif,61657.0,2878.0,3.0,66.07331848144531,OK
2evy.cif,,,,,ERR:IndexError
2fcz.cif,1876.0,88.0,4.0,23.43145179748535,OK
2fgp.cif,1271.0,60.0,4.0,17.725217819213867,OK
2f87.cif,,,,,ERR:IndexError
2fcy.cif,938.0,44.0,2.0,19.062692642211914,OK
2g32.cif,,,,,LOAD_FAIL
2g3s.cif,1690.0,80.0,10.0,22.278818130493164,OK
2g4b.cif,141.0,7.0,1.0,10.336878776550293,OK
2g5k.cif,938.0,44.0,2.0,18.435924530029297,OK
2dd1.cif,,,,,ERR:IndexError
2g8f.cif,245.0,12.0,2.0,10.062606811523438,OK
2g8h.cif,245.0,12.0,2.0,10.07503890991211,OK
2deu.cif,3146.0,146.0,2.0,37.33833312988281,OK
2g92.cif,464.0,22.0,2.0,12.850622177124023,OK
2ftc.cif,1443.0,1443.0,1.0,57.8442497253418,OK
2g8v.cif,249.0,12.0,2.0,9.930218696594238,OK
2fmt.cif,3086.0,142.0,2.0,28.51161766052246,OK
2g91.cif,318.0,15.0,2.0,11.025691032409668,OK
2g8w.cif,249.0,12.0,2.0,10.364030838012695,OK
2fk6.cif,1125.0,53.0,1.0,16.776344299316406,OK
2ez6.cif,1196.0,56.0,2.0,24.634859085083008,OK
2g8k.cif,245.0,12.0,2.0,10.0527982711792,OK
2g8i.cif,245.0,12.0,2.0,10.081425666809082,OK
2g8u.cif,245.0,12.0,2.0,9.81357479095459,OK
2ad9.cif,,,,,ERR:IndexError
2dd2.cif,,,,,ERR:IndexError
2fz2.cif,57.0,3.0,1.0,4.735378265380859,OK
2g1g.cif,,,,,ERR:IndexError
1yj9.cif,61511.0,2871.0,2.0,66.17945861816406,OK
2g9c.cif,1422.0,67.0,1.0,19.192577362060547,OK
1s72.cif,61512.0,2871.0,2.0,66.11465454101562,OK
2gis.cif,2029.0,94.0,1.0,21.396398544311523,OK
2g1w.cif,,,,,ERR:IndexError
2gcv.cif,3030.0,142.0,2.0,28.690719604492188,OK
2grb.cif,709.0,32.0,8.0,15.074434280395508,OK
2gq5.cif,,,,,LOAD_FAIL
2gq4.cif,,,,,LOAD_FAIL
2gq7.cif,,,,,LOAD_FAIL
2gpm.cif,,,,,ERR:IndexError
2gbh.cif,,,,,ERR:IndexError
2fey.cif,,,,,ERR:IndexError
2gun.cif,313.0,15.0,2.0,12.428498268127441,OK
2gq6.cif,,,,,LOAD_FAIL
2gdi.cif,3336.0,156.0,2.0,38.6644401550293,OK
2gje.cif,377.0,18.0,2.0,18.873029708862305,OK
2gxb.cif,258.0,12.0,2.0,9.139187812805176,OK
2gcs.cif,3033.0,142.0,2.0,28.75568199157715,OK
2es5.cif,,,,,ERR:IndexError
2h1m.cif,632.0,30.0,2.0,15.360237121582031,OK
2h0x.cif,3033.0,142.0,2.0,28.68746566772461,OK
2hoj.cif,1636.0,78.0,1.0,20.101408004760742,OK
2euy.cif,,,,,ERR:IndexError
2hol.cif,1658.0,79.0,1.0,20.45502281188965,OK
2h0z.cif,3073.0,144.0,2.0,28.86939239501953,OK
2hok.cif,1646.0,78.0,1.0,20.60428237915039,OK
2hom.cif,1681.0,80.0,1.0,20.485185623168945,OK
2grw.cif,,,,,ERR:IndexError
2h0s.cif,3053.0,143.0,2.0,28.51018714904785,OK
2hoo.cif,1695.0,83.0,1.0,21.213281631469727,OK
2ho6.cif,3030.0,142.0,2.0,28.816444396972656,OK
2gio.cif,,,,,ERR:IndexError
2h0w.cif,3030.0,142.0,2.0,28.809938430786133,OK
2ho7.cif,3052.0,143.0,2.0,28.70476722717285,OK
2e2i.cif,1064.0,52.0,3.0,29.253480911254883,OK
2e2j.cif,1011.0,49.0,3.0,29.007633209228516,OK
2fdt.cif,,,,,ERR:IndexError
2hop.cif,1561.0,76.0,1.0,20.506103515625,OK
2adt.cif,,,,,ERR:IndexError
2ht1.cif,171.0,9.0,3.0,26.318241119384766,OK
2db3.cif,488.0,27.0,4.0,52.61751937866211,OK
2gv4.cif,,,,,ERR:IndexError
2hw8.cif,774.0,36.0,1.0,15.20327091217041,OK
2gv3.cif,,,,,ERR:IndexError
2f88.cif,,,,,ERR:IndexError
2iy3.cif,110.0,110.0,1.0,39.89403533935547,OK
2b63.cif,582.0,27.0,1.0,15.885428428649902,OK
2d6f.cif,3118.0,146.0,2.0,60.36408615112305,OK
2ix1.cif,287.0,13.0,1.0,16.43012237548828,OK
2h49.cif,,,,,ERR:IndexError
2f8t.cif,1062.0,50.0,2.0,22.01653289794922,OK
2gvo.cif,,,,,ERR:IndexError
2ixz.cif,,,,,ERR:IndexError
2go5.cif,4663.0,217.0,2.0,44.993709564208984,OK
2adb.cif,,,,,ERR:IndexError
2f8s.cif,930.0,44.0,2.0,20.418949127197266,OK
1vq6.cif,61588.0,2875.0,4.0,66.06993103027344,OK
2hvy.cif,1235.0,61.0,1.0,26.31907081604004,OK
2hua.cif,,,,,ERR:IndexError
2iz9.cif,592.0,28.0,2.0,21.96468162536621,OK
2jja.cif,0.0,,,,EMPTY
2jlt.cif,683.0,32.0,2.0,14.999063491821289,OK
2hem.cif,,,,,LOAD_FAIL
2iro.cif,,,,,ERR:IndexError
2i91.cif,934.0,45.0,4.0,29.910947799682617,OK
2il9.cif,5665.0,245.0,2.0,45.48086166381836,OK
2iz8.cif,609.0,29.0,2.0,22.564498901367188,OK
2hns.cif,,,,,ERR:IndexError
2irn.cif,,,,,ERR:IndexError
2izn.cif,550.0,26.0,2.0,22.228816986083984,OK
2izm.cif,544.0,26.0,2.0,22.01620101928711,OK
2jlu.cif,256.0,14.0,2.0,16.704988479614258,OK
2ixy.cif,,,,,ERR:IndexError
2iy5.cif,1619.0,76.0,1.0,22.76951026916504,OK
2f4v.cif,32471.0,1492.0,2.0,65.49559783935547,OK
2hyi.cif,234.0,12.0,2.0,39.029685974121094,OK
2jly.cif,296.0,14.0,2.0,16.6137638092041,OK
2gjw.cif,1504.0,71.0,6.0,54.16849136352539,OK
2j0s.cif,121.0,6.0,1.0,9.015128135681152,OK
2i82.cif,1698.0,80.0,4.0,38.588863372802734,OK
2jlz.cif,276.0,14.0,2.0,16.54229164123535,OK
2jr4.cif,,,,,ERR:IndexError
2jea.cif,112.0,7.0,1.0,16.442699432373047,OK
2jrg.cif,,,,,ERR:IndexError
1xmo.cif,32628.0,1506.0,3.0,64.67952728271484,OK
2jlv.cif,256.0,14.0,2.0,16.576181411743164,OK
2j37.cif,8756.0,408.0,2.0,56.50510787963867,OK
2jxs.cif,,,,,ERR:IndexError
2aar.cif,59359.0,2766.0,1.0,64.81753540039062,OK
2ese.cif,,,,,ERR:IndexError
2jxq.cif,,,,,ERR:IndexError
2jrq.cif,,,,,ERR:IndexError
2jwv.cif,,,,,ERR:IndexError
2f4x.cif,,,,,ERR:IndexError
2k4c.cif,2443.0,76.0,1.0,24.676130294799805,OK
2e5l.cif,32811.0,1508.0,3.0,65.36309051513672,OK
2k5z.cif,,,,,ERR:IndexError
1vqo.cif,61549.0,2873.0,3.0,66.2385482788086,OK
2kd4.cif,518.0,16.0,2.0,12.206338882446289,OK
2k41.cif,,,,,ERR:IndexError
2jlw.cif,256.0,14.0,2.0,16.983858108520508,OK
2jse.cif,,,,,ERR:IndexError
2jq7.cif,,,,,ERR:IndexError
2k3z.cif,,,,,ERR:IndexError
2gip.cif,,,,,ERR:IndexError
2jsg.cif,,,,,ERR:IndexError
2jtp.cif,,,,,ERR:IndexError
2cjk.cif,,,,,ERR:IndexError
2k65.cif,,,,,ERR:IndexError
2jym.cif,,,,,ERR:IndexError
2kbp.cif,,,,,ERR:IndexError
2j0q.cif,242.0,12.0,2.0,44.66233825683594,OK
2kez.cif,,,,,ERR:IndexError
2k7e.cif,,,,,ERR:IndexError
2jlx.cif,304.0,16.0,2.0,16.231475830078125,OK
2juk.cif,,,,,ERR:IndexError
2kp3.cif,,,,,ERR:IndexError
2k66.cif,,,,,ERR:IndexError
2kpc.cif,,,,,ERR:IndexError
2koc.cif,,,,,ERR:IndexError
2ke6.cif,,,,,ERR:IndexError
2kmj.cif,,,,,ERR:IndexError
2kp4.cif,,,,,ERR:IndexError
2gm0.cif,,,,,ERR:IndexError
2kf0.cif,,,,,ERR:IndexError
2krv.cif,,,,,ERR:IndexError
2gic.cif,900.0,45.0,1.0,37.428321838378906,OK
2kd8.cif,,,,,ERR:IndexError
2krp.cif,,,,,ERR:IndexError
2jyh.cif,,,,,ERR:IndexError
2e2h.cif,1064.0,52.0,3.0,29.065937042236328,OK
1qvg.cif,61794.0,2885.0,5.0,65.95382690429688,OK
2kpd.cif,,,,,ERR:IndexError
2kry.cif,,,,,ERR:IndexError
2jxv.cif,,,,,ERR:IndexError
2krz.cif,,,,,ERR:IndexError
2kgp.cif,,,,,ERR:IndexError
2krw.cif,,,,,ERR:IndexError
2krq.cif,,,,,ERR:IndexError
1vq4.cif,61607.0,2876.0,3.0,66.12422180175781,OK
2fy1.cif,,,,,ERR:IndexError
2hhh.cif,32349.0,1505.0,1.0,65.35948181152344,OK
2ktz.cif,,,,,ERR:IndexError
2jyj.cif,,,,,ERR:IndexError
2khy.cif,,,,,ERR:IndexError
1vq8.cif,61570.0,2874.0,3.0,66.17578125,OK
2ky1.cif,,,,,ERR:IndexError
2i7z.cif,,,,,ERR:IndexError
2kur.cif,,,,,ERR:IndexError
2ky0.cif,,,,,ERR:IndexError
2kxz.cif,,,,,ERR:IndexError
2kpv.cif,,,,,ERR:IndexError
2kx5.cif,,,,,ERR:IndexError
2ku0.cif,,,,,ERR:IndexError
2kuv.cif,,,,,ERR:IndexError
2ky2.cif,,,,,ERR:IndexError
2l8w.cif,578.0,18.0,2.0,12.38405990600586,OK
2l8u.cif,578.0,18.0,2.0,11.771222114562988,OK
2jyf.cif,,,,,ERR:IndexError
2kdq.cif,,,,,ERR:IndexError
2l8c.cif,578.0,18.0,2.0,12.463826179504395,OK
2lb4.cif,542.0,17.0,2.0,11.500646591186523,OK
2kye.cif,,,,,ERR:IndexError
2kuu.cif,,,,,ERR:IndexError
2lar.cif,542.0,17.0,2.0,11.358834266662598,OK
2kh9.cif,,,,,ERR:IndexError
1vq9.cif,61571.0,2874.0,3.0,66.15093231201172,OK
2lac.cif,,,,,ERR:IndexError
2i7e.cif,,,,,ERR:IndexError
2l6i.cif,,,,,ERR:IndexError
2krl.cif,,,,,ERR:IndexError
2ihx.cif,,,,,ERR:IndexError
2kxm.cif,,,,,ERR:IndexError
2la9.cif,,,,,ERR:IndexError
2l9e.cif,,,,,ERR:IndexError
2kwg.cif,,,,,ERR:IndexError
2kzl.cif,,,,,ERR:IndexError
2lbj.cif,,,,,ERR:IndexError
2kx8.cif,,,,,ERR:IndexError
2ldz.cif,977.0,30.0,1.0,15.641378402709961,OK
2lbr.cif,,,,,ERR:IndexError
2lbl.cif,,,,,ERR:IndexError
2lbk.cif,,,,,ERR:IndexError
2l8f.cif,,,,,ERR:IndexError
2kvn.cif,,,,,ERR:IndexError
2lpa.cif,,,,,ERR:IndexError
2lbq.cif,,,,,ERR:IndexError
2l2j.cif,,,,,ERR:IndexError
2l41.cif,,,,,ERR:IndexError
2lpt.cif,,,,,ERR:IndexError
2la5.cif,,,,,ERR:IndexError
2l94.cif,,,,,ERR:IndexError
2k95.cif,,,,,ERR:IndexError
2lp9.cif,,,,,ERR:IndexError
2kuw.cif,,,,,ERR:IndexError
2ldt.cif,,,,,ERR:IndexError
2jpp.cif,,,,,ERR:IndexError
2l8h.cif,,,,,ERR:IndexError
2lc8.cif,,,,,ERR:IndexError
2lqz.cif,,,,,ERR:IndexError
2l5z.cif,,,,,ERR:IndexError
2lps.cif,,,,,ERR:IndexError
2ldl.cif,,,,,ERR:IndexError
2l1v.cif,,,,,ERR:IndexError
2ljj.cif,,,,,ERR:IndexError
2hgh.cif,,,,,ERR:IndexError
2lk3.cif,,,,,ERR:IndexError
2m12.cif,,,,,ERR:IndexError
2li4.cif,,,,,ERR:IndexError
2lv0.cif,,,,,ERR:IndexError
2k96.cif,,,,,ERR:IndexError
2km8.cif,,,,,ERR:IndexError
2kg1.cif,,,,,ERR:IndexError
2lun.cif,,,,,ERR:IndexError
2m5u.cif,,,,,ERR:IndexError
2m1o.cif,,,,,ERR:IndexError
2d3o.cif,60132.0,2802.0,1.0,65.9889144897461,OK
2m39.cif,,,,,ERR:IndexError
2m4w.cif,,,,,ERR:IndexError
1yjn.cif,61510.0,2871.0,2.0,66.11308288574219,OK
2m21.cif,,,,,ERR:IndexError
2l3c.cif,,,,,ERR:IndexError
2ja8.cif,713.0,35.0,3.0,19.079313278198242,OK
2adc.cif,,,,,ERR:IndexError
2kfy.cif,,,,,ERR:IndexError
2lvy.cif,,,,,ERR:IndexError
2kyd.cif,,,,,ERR:IndexError
2ja6.cif,723.0,35.0,3.0,19.29310417175293,OK
2err.cif,,,,,ERR:IndexError
2m23.cif,,,,,ERR:IndexError
2lwk.cif,,,,,ERR:IndexError
2mkn.cif,1226.0,38.0,2.0,18.04186248779297,OK
2m22.cif,,,,,ERR:IndexError
2kxn.cif,,,,,ERR:IndexError
2meq.cif,,,,,ERR:IndexError
2lhp.cif,,,,,ERR:IndexError
2l3e.cif,,,,,ERR:IndexError
2mer.cif,,,,,ERR:IndexError
2m58.cif,,,,,ERR:IndexError
2ms5.cif,590.0,18.0,2.0,11.526328086853027,OK
2m18.cif,,,,,ERR:IndexError
2m4q.cif,,,,,ERR:IndexError
2mvs.cif,574.0,18.0,2.0,11.624857902526855,OK
2lub.cif,,,,,ERR:IndexError
2mvy.cif,640.0,20.0,2.0,11.859667778015137,OK
2mfd.cif,,,,,ERR:IndexError
2m24.cif,,,,,ERR:IndexError
2lkr.cif,,,,,ERR:IndexError
2m1v.cif,,,,,ERR:IndexError
2mn0.cif,,,,,ERR:IndexError
2mnc.cif,,,,,ERR:IndexError
2m57.cif,,,,,ERR:IndexError
2lu0.cif,,,,,ERR:IndexError
2lx1.cif,,,,,ERR:IndexError
2ja5.cif,411.0,20.0,2.0,12.915775299072266,OK
1vqm.cif,61607.0,2876.0,3.0,66.1393814086914,OK
2mi0.cif,,,,,ERR:IndexError
2mb0.cif,,,,,ERR:IndexError
2n0r.cif,,,,,ERR:IndexError
2lbs.cif,,,,,ERR:IndexError
2mxj.cif,,,,,ERR:IndexError
2lup.cif,,,,,ERR:IndexError
2mxl.cif,,,,,ERR:IndexError
2ja7.cif,1350.0,66.0,6.0,66.20307159423828,OK
2n2p.cif,,,,,ERR:IndexError
2n2o.cif,,,,,ERR:IndexError
1yit.cif,61511.0,2871.0,2.0,66.06363677978516,OK
2mqt.cif,,,,,ERR:IndexError
2mxk.cif,,,,,ERR:IndexError
2n6s.cif,,,,,ERR:IndexError
2kg0.cif,,,,,ERR:IndexError
2mis.cif,,,,,ERR:IndexError
2l2k.cif,,,,,ERR:IndexError
2mxs.cif,,,,,ERR:IndexError
2n4j.cif,,,,,ERR:IndexError
1yi2.cif,61510.0,2871.0,2.0,66.1208724975586,OK
2mhi.cif,,,,,ERR:IndexError
2n6x.cif,,,,,ERR:IndexError
2ncr.cif,592.0,18.0,2.0,11.538568496704102,OK
2l5d.cif,,,,,ERR:IndexError
2ncq.cif,592.0,18.0,2.0,11.57731819152832,OK
2li8.cif,,,,,ERR:IndexError
1yhq.cif,61510.0,2871.0,2.0,66.16912078857422,OK
2mtj.cif,,,,,ERR:IndexError
2lec.cif,,,,,ERR:IndexError
2mfe.cif,,,,,ERR:IndexError
2nby.cif,,,,,ERR:IndexError
2npy.cif,1275.0,60.0,4.0,17.91930389404297,OK
2nok.cif,1856.0,88.0,4.0,22.858036041259766,OK
2npz.cif,1296.0,61.0,4.0,17.7662296295166,OK
2j28.cif,65092.0,3032.0,3.0,68.35897827148438,OK
2n4l.cif,,,,,ERR:IndexError
2nre.cif,1196.0,55.0,1.0,18.66048812866211,OK
1yjw.cif,61510.0,2871.0,2.0,66.07532501220703,OK
2nci.cif,,,,,ERR:IndexError
2m8k.cif,,,,,ERR:IndexError
2leb.cif,,,,,ERR:IndexError
2nue.cif,980.0,46.0,1.0,20.925912857055664,OK
2o3w.cif,918.0,43.0,2.0,18.61678123474121,OK
2o3v.cif,918.0,43.0,2.0,18.40677261352539,OK
2nuf.cif,1200.0,56.0,2.0,24.540468215942383,OK
2o3y.cif,918.0,43.0,2.0,18.90376853942871,OK
2o3x.cif,898.0,42.0,2.0,18.401594161987305,OK
2noq.cif,6746.0,317.0,5.0,56.46501159667969,OK
2nc1.cif,,,,,ERR:IndexError
2mkk.cif,,,,,ERR:IndexError
2ms1.cif,,,,,ERR:IndexError
2nc0.cif,,,,,ERR:IndexError
2ob7.cif,414.0,414.0,2.0,71.77062225341797,OK
2oe6.cif,698.0,33.0,2.0,15.036918640136719,OK
2n7m.cif,,,,,ERR:IndexError
2n0j.cif,,,,,ERR:IndexError
2oe5.cif,698.0,33.0,2.0,15.395541191101074,OK
2nug.cif,942.0,44.0,4.0,19.73556137084961,OK
2o81.cif,,,,,ERR:IndexError
2oe8.cif,698.0,33.0,2.0,14.856423377990723,OK
2l1f.cif,,,,,ERR:IndexError
2mqo.cif,,,,,ERR:IndexError
2m8d.cif,,,,,ERR:IndexError
2nr0.cif,5945.0,262.0,4.0,51.52183532714844,OK
2o33.cif,,,,,ERR:IndexError
2oeu.cif,1275.0,60.0,2.0,19.687095642089844,OK
2miy.cif,,,,,ERR:IndexError
2oij.cif,982.0,46.0,2.0,18.94254493713379,OK
2oj8.cif,,,,,ERR:IndexError
2oiy.cif,982.0,46.0,2.0,18.838228225708008,OK
2oj0.cif,982.0,46.0,2.0,19.242385864257812,OK
2oih.cif,1555.0,73.0,1.0,22.04216957092285,OK
2oj3.cif,1552.0,73.0,1.0,22.26207733154297,OK
2oue.cif,1272.0,60.0,4.0,17.813199996948242,OK
2oiu.cif,3054.0,142.0,2.0,31.69167137145996,OK
2n7x.cif,,,,,ERR:IndexError
2mtk.cif,,,,,ERR:IndexError
2mqv.cif,,,,,ERR:IndexError
2p7e.cif,1272.0,60.0,5.0,17.922107696533203,OK
2oj7.cif,,,,,ERR:IndexError
2n3q.cif,,,,,ERR:IndexError
2p7d.cif,1294.0,61.0,5.0,17.813312530517578,OK
2p7f.cif,1272.0,60.0,4.0,17.836219787597656,OK
2nbz.cif,,,,,ERR:IndexError
2pn3.cif,888.0,42.0,2.0,18.55205535888672,OK
2oom.cif,,,,,ERR:IndexError
2mfh.cif,,,,,ERR:IndexError
2pjp.cif,491.0,23.0,1.0,12.699599266052246,OK
2o32.cif,,,,,ERR:IndexError
2nvq.cif,1066.0,52.0,3.0,28.978845596313477,OK
2pn4.cif,1776.0,84.0,4.0,23.56465721130371,OK
2pwt.cif,900.0,42.0,2.0,18.121381759643555,OK
2o83.cif,,,,,ERR:IndexError
2pxb.cif,1052.0,49.0,1.0,20.738534927368164,OK
2n3r.cif,,,,,ERR:IndexError
2pxf.cif,1052.0,49.0,1.0,20.802473068237305,OK
1vy7.cif,194433.0,8850.0,14.0,131.2982940673828,OK
2pxe.cif,1052.0,49.0,1.0,20.753005981445312,OK
2pxd.cif,1052.0,49.0,1.0,20.80466079711914,OK
2ply.cif,976.0,46.0,2.0,23.037513732910156,OK
2n8v.cif,,,,,ERR:IndexError
2nvt.cif,781.0,38.0,3.0,22.41139030456543,OK
2pxl.cif,1009.0,47.0,1.0,20.191383361816406,OK
2nqp.cif,1441.0,64.0,1.0,19.5756893157959,OK
2pxv.cif,1052.0,49.0,1.0,20.684980392456055,OK
2n6w.cif,,,,,ERR:IndexError
2q1o.cif,932.0,44.0,4.0,20.11592674255371,OK
2q1r.cif,255.0,12.0,1.0,12.23843002319336,OK
2pxu.cif,1052.0,49.0,1.0,20.7061767578125,OK
2mxy.cif,,,,,ERR:IndexError
2om3.cif,,,,,ERR:IndexError
2po1.cif,154.0,7.0,1.0,14.695618629455566,OK
2pxk.cif,1052.0,49.0,1.0,20.708637237548828,OK
2pxq.cif,1052.0,49.0,1.0,20.761640548706055,OK
2py9.cif,490.0,24.0,2.0,31.02123260498047,OK
2pn9.cif,,,,,ERR:IndexError
2pxt.cif,1052.0,49.0,1.0,20.826335906982422,OK
2mfc.cif,,,,,ERR:IndexError
2qk9.cif,746.0,36.0,2.0,17.875696182250977,OK
2qek.cif,978.0,46.0,2.0,19.720544815063477,OK
2pxp.cif,1052.0,49.0,1.0,20.746442794799805,OK
2r1g.cif,180.0,180.0,7.0,34.57342529296875,OK
2r1s.cif,510.0,24.0,2.0,14.487621307373047,OK
2qbz.cif,3263.0,153.0,1.0,26.651968002319336,OK
2r20.cif,510.0,24.0,2.0,14.450406074523926,OK
2r21.cif,510.0,24.0,2.0,14.394425392150879,OK
2r22.cif,550.0,26.0,2.0,13.978124618530273,OK
2nz4.cif,12860.0,564.0,8.0,44.5512809753418,OK
2quw.cif,2856.0,134.0,4.0,26.999570846557617,OK
2qwy.cif,3354.0,156.0,3.0,36.96428680419922,OK
2qkb.cif,812.0,40.0,2.0,19.074615478515625,OK
2ozb.cif,1406.0,66.0,2.0,43.745277404785156,OK
2qh4.cif,,,,,ERR:IndexError
2qus.cif,2902.0,136.0,2.0,26.72690200805664,OK
2n7c.cif,,,,,ERR:IndexError
2r7y.cif,201.0,10.0,2.0,10.302906036376953,OK
2r7s.cif,123.0,6.0,1.0,8.702999114990234,OK
2mki.cif,,,,,ERR:IndexError
2q66.cif,110.0,5.0,1.0,7.990704536437988,OK
2r7r.cif,145.0,7.0,1.0,9.683996200561523,OK
2r7t.cif,147.0,7.0,1.0,9.744245529174805,OK
2mqp.cif,,,,,ERR:IndexError
2i2y.cif,,,,,ERR:IndexError
2pcv.cif,,,,,ERR:IndexError
2ro2.cif,742.0,23.0,1.0,13.349024772644043,OK
2rfk.cif,1293.0,61.0,3.0,22.930221557617188,OK
2qkk.cif,3393.0,164.0,12.0,46.46172332763672,OK
2mz1.cif,,,,,ERR:IndexError
2rp1.cif,839.0,26.0,1.0,12.671351432800293,OK
2rpk.cif,644.0,20.0,1.0,12.537992477416992,OK
2qh3.cif,,,,,ERR:IndexError
2om7.cif,9769.0,453.0,10.0,67.89734649658203,OK
2rlu.cif,,,,,ERR:IndexError
2rpt.cif,,,,,ERR:IndexError
2rqj.cif,,,,,ERR:IndexError
2re8.cif,1570.0,74.0,1.0,23.09906768798828,OK
2rdo.cif,2958.0,2958.0,2.0,70.54735565185547,OK
2r7u.cif,104.0,5.0,1.0,7.739710330963135,OK
2o44.cif,59359.0,2766.0,1.0,65.64289855957031,OK
2rd2.cif,1570.0,74.0,1.0,23.172122955322266,OK
2r7v.cif,100.0,5.0,1.0,7.83271598815918,OK
2tmv.cif,67.0,3.0,1.0,5.451009273529053,OK
2tpk.cif,1155.0,36.0,1.0,15.199049949645996,OK
2u2a.cif,646.0,20.0,1.0,12.570740699768066,OK
2tra.cif,1394.0,65.0,1.0,22.951541900634766,OK
2r8s.cif,3404.0,159.0,1.0,30.33213233947754,OK
2r7w.cif,145.0,7.0,1.0,9.682958602905273,OK
2qh2.cif,,,,,ERR:IndexError
2nvz.cif,1066.0,52.0,3.0,29.155550003051758,OK
2n8m.cif,,,,,ERR:IndexError
2mfg.cif,,,,,ERR:IndexError
2gtt.cif,4103.0,198.0,2.0,62.847373962402344,OK
2v6w.cif,292.0,14.0,2.0,10.174298286437988,OK
2v7r.cif,293.0,14.0,2.0,9.925812721252441,OK
2nbx.cif,,,,,ERR:IndexError
2vaz.cif,82.0,82.0,1.0,29.264474868774414,OK
2rvo.cif,,,,,ERR:IndexError
2ms0.cif,,,,,ERR:IndexError
2val.cif,586.0,28.0,4.0,14.00403881072998,OK
2rrc.cif,,,,,ERR:IndexError
2rsk.cif,,,,,ERR:IndexError
2qux.cif,3198.0,150.0,6.0,50.776241302490234,OK
2qqp.cif,77.0,4.0,1.0,5.916844367980957,OK
2o43.cif,59359.0,2766.0,1.0,65.33243560791016,OK
2vop.cif,99.0,5.0,1.0,5.875885486602783,OK
2mff.cif,,,,,ERR:IndexError
2vuq.cif,292.0,14.0,2.0,9.972563743591309,OK
2ru7.cif,,,,,ERR:IndexError
2p89.cif,,,,,ERR:IndexError
2wna.cif,0.0,,,,EMPTY
2tob.cif,,,,,ERR:IndexError
2uwm.cif,976.0,46.0,2.0,22.709638595581055,OK
2w89.cif,586.0,28.0,4.0,13.400564193725586,OK
2x1a.cif,24.0,2.0,1.0,2.858672618865967,OK
2ogn.cif,59359.0,2766.0,1.0,65.18294525146484,OK
1vvj.cif,198084.0,9046.0,14.0,129.58987426757812,OK
2vod.cif,282.0,14.0,2.0,34.135948181152344,OK
2vpl.cif,2020.0,94.0,2.0,24.2072696685791,OK
2voo.cif,114.0,6.0,2.0,25.328205108642578,OK
2rn1.cif,,,,,ERR:IndexError
2pcw.cif,,,,,ERR:IndexError
2x1f.cif,40.0,2.0,1.0,3.590022563934326,OK
2n8l.cif,,,,,ERR:IndexError
2xc6.cif,0.0,,,,EMPTY
2n1q.cif,,,,,ERR:IndexError
2x2q.cif,0.0,,,,EMPTY
2von.cif,286.0,14.0,2.0,34.45478439331055,OK
2vnu.cif,199.0,10.0,1.0,11.805113792419434,OK
2xdb.cif,739.0,35.0,1.0,16.562471389770508,OK
2xea.cif,67.0,3.0,1.0,4.969963073730469,OK
2rra.cif,,,,,ERR:IndexError
2r93.cif,289.0,14.0,1.0,10.396141052246094,OK
2o45.cif,59359.0,2766.0,1.0,65.173583984375,OK
2n82.cif,,,,,ERR:IndexError
2o5j.cif,2168.0,104.0,6.0,49.97482681274414,OK
2xnr.cif,65.0,5.0,1.0,6.447333812713623,OK
2rp0.cif,,,,,ERR:IndexError
2w2h.cif,936.0,44.0,2.0,20.78024673461914,OK
2xdd.cif,2217.0,105.0,3.0,26.49614906311035,OK
2xnw.cif,1366.0,65.0,1.0,18.829345703125,OK
2r7x.cif,290.0,14.0,2.0,48.737815856933594,OK
2xo0.cif,1363.0,65.0,1.0,18.635772705078125,OK
2xnz.cif,1382.0,65.0,1.0,18.84903335571289,OK
2xli.cif,313.0,16.0,1.0,10.88460636138916,OK
2ogo.cif,59336.0,2765.0,1.0,65.10197448730469,OK
2x7n.cif,600.0,28.0,1.0,14.670394897460938,OK
2xkv.cif,2050.0,96.0,1.0,34.76692581176758,OK
2xs2.cif,124.0,7.0,1.0,9.297574996948242,OK
2xs5.cif,184.0,10.0,2.0,15.208999633789062,OK
2xo1.cif,1364.0,65.0,1.0,18.784473419189453,OK
2xs7.cif,84.0,5.0,1.0,6.6140546798706055,OK
2xsl.cif,588.0,28.0,4.0,13.450850486755371,OK
2wwb.cif,2919.0,136.0,4.0,32.087196350097656,OK
2xlj.cif,321.0,16.0,1.0,10.998414993286133,OK
2y95.cif,,,,,ERR:IndexError
2xpj.cif,57.0,3.0,1.0,4.644090175628662,OK
2ydh.cif,2024.0,94.0,1.0,21.251760482788086,OK
2y8w.cif,424.0,20.0,1.0,14.088687896728516,OK
2r7z.cif,695.0,34.0,3.0,19.02181053161621,OK
2yif.cif,2318.0,108.0,2.0,22.799516677856445,OK
2y8y.cif,401.0,19.0,1.0,13.066917419433594,OK
2v3c.cif,4126.0,192.0,2.0,43.56315612792969,OK
2z9q.cif,61.0,61.0,1.0,23.930265426635742,OK
2xlk.cif,642.0,32.0,2.0,37.66498565673828,OK
2mqq.cif,,,,,ERR:IndexError
2xeb.cif,,,,,ERR:IndexError
2ru3.cif,,,,,ERR:IndexError
2ygh.cif,2033.0,95.0,1.0,21.138965606689453,OK
2xb2.cif,294.0,15.0,2.0,46.04898452758789,OK
2yie.cif,2338.0,109.0,2.0,23.013330459594727,OK
2v0g.cif,3222.0,136.0,2.0,26.76468276977539,OK
2z74.cif,3065.0,144.0,2.0,28.907228469848633,OK
2rs2.cif,,,,,ERR:IndexError
2xzo.cif,124.0,7.0,1.0,9.645809173583984,OK
2nvx.cif,1066.0,52.0,3.0,28.988622665405273,OK
2vrt.cif,210.0,10.0,4.0,60.04859161376953,OK
2zh2.cif,725.0,34.0,1.0,16.8466739654541,OK
2zh3.cif,725.0,34.0,1.0,16.746458053588867,OK
2xzl.cif,164.0,9.0,1.0,12.682195663452148,OK
2xgj.cif,217.0,10.0,2.0,33.270450592041016,OK
2z75.cif,3058.0,144.0,2.0,28.96681022644043,OK
2zh7.cif,706.0,33.0,1.0,16.072324752807617,OK
2zh8.cif,726.0,34.0,1.0,16.806800842285156,OK
2mtv.cif,,,,,ERR:IndexError
2r92.cif,400.0,19.0,2.0,11.838505744934082,OK
2zh4.cif,726.0,34.0,1.0,16.83788299560547,OK
2yjy.cif,422.0,20.0,2.0,28.165483474731445,OK
2zi0.cif,810.0,40.0,2.0,20.090900421142578,OK
2n3o.cif,,,,,ERR:IndexError
2zh5.cif,723.0,34.0,1.0,16.780109405517578,OK
2xc7.cif,,,,,ERR:IndexError
2zy6.cif,813.0,38.0,1.0,17.272130966186523,OK
301d.cif,873.0,41.0,2.0,16.111492156982422,OK
2mjh.cif,,,,,ERR:IndexError
2zh1.cif,705.0,33.0,1.0,16.079631805419922,OK
333d.cif,148.0,7.0,1.0,10.303322792053223,OK
2xbm.cif,308.0,16.0,2.0,9.760616302490234,OK
300d.cif,873.0,41.0,2.0,16.03658103942871,OK
353d.cif,508.0,24.0,2.0,12.622641563415527,OK
2zko.cif,884.0,42.0,2.0,19.19158363342285,OK
354d.cif,493.0,23.0,2.0,13.151836395263672,OK
2ykg.cif,424.0,20.0,2.0,12.13071346282959,OK
357d.cif,1274.0,60.0,3.0,28.831104278564453,OK
377d.cif,496.0,24.0,4.0,33.63273239135742,OK
310d.cif,0.0,,,,EMPTY
359d.cif,873.0,41.0,2.0,16.321279525756836,OK
2rkj.cif,20720.0,960.0,8.0,75.13563537597656,OK
387d.cif,556.0,26.0,1.0,18.3541259765625,OK
361d.cif,858.0,38.0,2.0,17.28746795654297,OK
2zxu.cif,3046.0,143.0,2.0,29.693374633789062,OK
2zha.cif,703.0,33.0,1.0,16.192235946655273,OK
364d.cif,1275.0,60.0,3.0,29.01531982421875,OK
398d.cif,666.0,32.0,4.0,15.411358833312988,OK
379d.cif,870.0,41.0,2.0,16.010581970214844,OK
397d.cif,567.0,27.0,2.0,13.955215454101562,OK
2zh9.cif,703.0,33.0,1.0,15.995735168457031,OK
2rqc.cif,,,,,ERR:IndexError
2zh6.cif,723.0,34.0,1.0,16.749080657958984,OK
2mgz.cif,,,,,ERR:IndexError
2wwa.cif,3002.0,140.0,4.0,32.72920608520508,OK
2zue.cif,1626.0,74.0,1.0,22.495424270629883,OK
2zhb.cif,723.0,34.0,1.0,16.774106979370117,OK
3adi.cif,422.0,20.0,2.0,12.45361614227295,OK
3a3a.cif,1829.0,69.0,1.0,22.711734771728516,OK
3adl.cif,430.0,20.0,2.0,11.977386474609375,OK
3ahu.cif,132.0,6.0,1.0,9.357436180114746,OK
2y9h.cif,3072.0,150.0,8.0,39.449222564697266,OK
3amt.cif,1665.0,76.0,1.0,23.43559455871582,OK
3adb.cif,3936.0,146.0,2.0,52.213661193847656,OK
2zm5.cif,3046.0,143.0,2.0,29.59758949279785,OK
2vum.cif,965.0,47.0,3.0,25.229761123657227,OK
2zzn.cif,3034.0,142.0,2.0,35.45469665527344,OK
3aev.cif,227.0,11.0,1.0,14.829936981201172,OK
2zzm.cif,1793.0,72.0,1.0,21.709400177001953,OK
2mf1.cif,,,,,ERR:IndexError
3af6.cif,0.0,,,,EMPTY
2xxa.cif,4376.0,204.0,2.0,43.641075134277344,OK
3amu.cif,1665.0,76.0,1.0,23.43412971496582,OK
3b31.cif,913.0,43.0,2.0,15.670419692993164,OK
3a2k.cif,3276.0,154.0,2.0,44.26616668701172,OK
2xd0.cif,4434.0,210.0,6.0,43.2628059387207,OK
3avv.cif,403.0,19.0,2.0,12.268025398254395,OK
3agv.cif,556.0,25.0,2.0,32.697654724121094,OK
2ppb.cif,2168.0,104.0,6.0,49.71919250488281,OK
3b4c.cif,3013.0,141.0,2.0,28.610403060913086,OK
3b91.cif,1274.0,60.0,3.0,17.929807662963867,OK
3am1.cif,1734.0,81.0,1.0,21.202375411987305,OK
3bbm.cif,1273.0,60.0,3.0,17.906692504882812,OK
3bbk.cif,1294.0,61.0,3.0,17.7546329498291,OK
3b4a.cif,3053.0,143.0,2.0,28.513134002685547,OK
3b58.cif,1297.0,61.0,3.0,17.732608795166016,OK
3avx.cif,463.0,22.0,2.0,12.266457557678223,OK
3bnl.cif,940.0,44.0,2.0,19.228275299072266,OK
2zuf.cif,1626.0,74.0,1.0,22.490114212036133,OK
3b0u.cif,130.0,6.0,2.0,13.091038703918457,OK
3b5s.cif,1253.0,59.0,3.0,18.052114486694336,OK
3bbi.cif,1253.0,59.0,3.0,17.986265182495117,OK
3b5f.cif,1274.0,60.0,3.0,17.84658432006836,OK
3b5a.cif,1276.0,60.0,3.0,17.909347534179688,OK
3add.cif,3772.0,138.0,2.0,51.573177337646484,OK
3bbv.cif,1434.0,67.0,1.0,24.309932708740234,OK
3bnt.cif,443.0,21.0,1.0,19.152372360229492,OK
2ww9.cif,3002.0,140.0,4.0,32.73207473754883,OK
3avt.cif,85.0,4.0,1.0,6.636457443237305,OK
3bns.cif,1808.0,85.0,4.0,23.853633880615234,OK
3b4b.cif,3054.0,143.0,2.0,28.907814025878906,OK
3bnp.cif,908.0,43.0,2.0,19.252696990966797,OK
2mf0.cif,,,,,ERR:IndexError
2vqf.cif,32718.0,1504.0,3.0,65.0583724975586,OK
3bsu.cif,950.0,46.0,4.0,20.40638542175293,OK
2zni.cif,3082.0,144.0,2.0,41.80961608886719,OK
2ogm.cif,59359.0,2766.0,1.0,65.33907318115234,OK
3bnn.cif,1788.0,84.0,4.0,22.501426696777344,OK
3adc.cif,3854.0,142.0,2.0,54.54609298706055,OK
3bnr.cif,1808.0,85.0,4.0,23.824657440185547,OK
3bnq.cif,1828.0,86.0,4.0,23.6312313079834,OK
3bno.cif,1704.0,80.0,4.0,22.842004776000977,OK
3avy.cif,466.0,22.0,2.0,12.906566619873047,OK
2uxb.cif,32743.0,1503.0,3.0,64.87056732177734,OK
3bo1.cif,2263.0,105.0,4.0,38.274173736572266,OK
3bsn.cif,338.0,16.0,2.0,11.168596267700195,OK
3c44.cif,978.0,46.0,2.0,18.968965530395508,OK
2yu9.cif,1066.0,52.0,3.0,28.95160484313965,OK
3bo2.cif,4707.0,220.0,4.0,31.476863861083984,OK
3cgq.cif,508.0,24.0,2.0,12.850688934326172,OK
3bwp.cif,7592.0,356.0,1.0,36.06855010986328,OK
2xfm.cif,,,,,LOAD_FAIL
3cgr.cif,509.0,24.0,2.0,12.645750999450684,OK
3cgp.cif,508.0,24.0,2.0,12.718476295471191,OK
2o5i.cif,2168.0,104.0,6.0,50.213802337646484,OK
3bt7.cif,762.0,36.0,2.0,17.516202926635742,OK
3bo4.cif,4709.0,220.0,3.0,31.703224182128906,OK
3cgs.cif,509.0,24.0,2.0,13.008347511291504,OK
3bo0.cif,2263.0,105.0,4.0,38.274173736572266,OK
3bsx.cif,392.0,19.0,2.0,34.37789535522461,OK
3cr1.cif,1273.0,60.0,3.0,17.90555763244629,OK
3cjz.cif,506.0,24.0,2.0,14.046904563903809,OK
3bx2.cif,372.0,18.0,2.0,24.0913143157959,OK
3bx3.cif,332.0,16.0,2.0,23.985721588134766,OK
3bo3.cif,4710.0,220.0,3.0,31.40447425842285,OK
3boy.cif,435.0,22.0,1.0,19.087390899658203,OK
3cqs.cif,1297.0,61.0,3.0,17.594547271728516,OK
1vy6.cif,194308.0,8844.0,12.0,132.4183807373047,OK
3czw.cif,303.0,15.0,1.0,14.479344367980957,OK
3d0m.cif,341.0,16.0,1.0,14.654144287109375,OK
3bso.cif,344.0,16.0,2.0,11.401124954223633,OK
3cw6.cif,1543.0,71.0,1.0,22.987560272216797,OK
3al0.cif,1581.0,74.0,1.0,23.0745849609375,OK
2ykr.cif,32892.0,1533.0,1.0,65.26073455810547,OK
3bsb.cif,184.0,9.0,1.0,12.754742622375488,OK
3cw5.cif,1543.0,71.0,1.0,22.959787368774414,OK
3cul.cif,3897.0,183.0,2.0,39.01036071777344,OK
2yhm.cif,1400.0,70.0,1.0,54.80610275268555,OK
2otl.cif,61512.0,2871.0,2.0,66.13249206542969,OK
3d0x.cif,3479.0,161.0,1.0,28.877098083496094,OK
2l3j.cif,,,,,ERR:IndexError
3dg0.cif,4371.0,4371.0,2.0,81.90866088867188,OK
3d2v.cif,3310.0,154.0,2.0,24.948963165283203,OK
3dd2.cif,337.0,16.0,1.0,13.259038925170898,OK
3d2g.cif,3310.0,154.0,2.0,25.00366973876953,OK
3cw1.cif,552.0,552.0,4.0,56.70676803588867,OK
3d2s.cif,364.0,22.0,4.0,30.618301391601562,OK
3d2x.cif,3312.0,154.0,2.0,24.990333557128906,OK
3d0u.cif,3479.0,161.0,1.0,28.916467666625977,OK
3dig.cif,3729.0,173.0,1.0,30.407705307006836,OK
3avu.cif,341.0,16.0,2.0,11.152464866638184,OK
3dhs.cif,4613.0,215.0,1.0,31.23802375793457,OK
3cz3.cif,1620.0,76.0,4.0,26.12091064453125,OK
3diq.cif,3729.0,173.0,1.0,30.246692657470703,OK
3dg4.cif,4371.0,4371.0,2.0,81.14778900146484,OK
3dg2.cif,4371.0,4371.0,2.0,81.52130889892578,OK
3dg5.cif,4371.0,4371.0,2.0,81.97126007080078,OK
3dim.cif,3729.0,173.0,1.0,30.361003875732422,OK
3dis.cif,3729.0,173.0,1.0,30.34330940246582,OK
3cun.cif,3882.0,182.0,2.0,39.03466033935547,OK
3dix.cif,3729.0,173.0,1.0,30.3626651763916,OK
3avw.cif,419.0,20.0,2.0,11.878866195678711,OK
3dio.cif,3729.0,173.0,1.0,30.22776222229004,OK
3b0v.cif,3082.0,144.0,2.0,50.77173614501953,OK
3dvz.cif,579.0,27.0,1.0,14.162216186523438,OK
3dir.cif,3705.0,172.0,1.0,30.3790340423584,OK
3dw6.cif,559.0,26.0,1.0,14.203004837036133,OK
3dw4.cif,559.0,26.0,1.0,14.204421043395996,OK
3dh3.cif,1812.0,84.0,4.0,33.51118087768555,OK
3e5f.cif,1123.0,52.0,1.0,18.546340942382812,OK
2uxd.cif,32109.0,1489.0,3.0,64.32221221923828,OK
3e5c.cif,1123.0,52.0,1.0,18.629764556884766,OK
3dkn.cif,1482.0,69.0,3.0,22.51937484741211,OK
3dw7.cif,559.0,26.0,1.0,14.294007301330566,OK
3e5e.cif,1123.0,52.0,1.0,18.684600830078125,OK
3dj2.cif,3729.0,173.0,1.0,30.30732536315918,OK
3dvv.cif,938.0,44.0,2.0,18.568166732788086,OK
3dw5.cif,559.0,26.0,1.0,14.297343254089355,OK
2wyy.cif,1800.0,90.0,2.0,90.06387329101562,OK
3eq4.cif,198.0,198.0,6.0,40.653987884521484,OK
3dil.cif,3729.0,173.0,1.0,30.365623474121094,OK
3diz.cif,3729.0,173.0,1.0,30.25694465637207,OK
3dj0.cif,3729.0,173.0,1.0,30.416343688964844,OK
3ds7.cif,2853.0,134.0,2.0,25.907421112060547,OK
2uuc.cif,32802.0,1506.0,3.0,64.74937438964844,OK
3ep2.cif,187.0,187.0,6.0,40.36674499511719,OK
3diy.cif,3705.0,172.0,1.0,30.320396423339844,OK
3eq3.cif,187.0,187.0,6.0,40.14249801635742,OK
3egz.cif,1380.0,65.0,1.0,22.376636505126953,OK
3f2x.cif,2298.0,107.0,1.0,22.59717559814453,OK
3ciy.cif,1946.0,92.0,2.0,38.43495178222656,OK
3f2w.cif,2298.0,107.0,1.0,22.46084976196289,OK
3f2q.cif,2298.0,107.0,1.0,22.450233459472656,OK
3f30.cif,2298.0,107.0,1.0,22.511720657348633,OK
3far.cif,982.0,46.0,2.0,18.954927444458008,OK
3f2y.cif,2298.0,107.0,1.0,22.469717025756836,OK
3f2t.cif,2288.0,107.0,1.0,22.547279357910156,OK
3f4g.cif,2340.0,110.0,2.0,22.73943519592285,OK
3a6p.cif,1942.0,92.0,4.0,53.60195541381836,OK
2uxc.cif,32779.0,1508.0,3.0,64.86465454101562,OK
3f4e.cif,2340.0,110.0,2.0,22.83991050720215,OK
3fs0.cif,449.0,21.0,2.0,12.222092628479004,OK
3epk.cif,2944.0,138.0,2.0,50.897762298583984,OK
3f4h.cif,2340.0,110.0,2.0,22.69957733154297,OK
3eqt.cif,338.0,16.0,2.0,10.564035415649414,OK
3fo4.cif,1336.0,63.0,1.0,18.414506912231445,OK
3deg.cif,6377.0,297.0,8.0,48.78799819946289,OK
3ftf.cif,948.0,44.0,2.0,20.405487060546875,OK
3fte.cif,948.0,44.0,2.0,20.432226181030273,OK
3ftm.cif,982.0,46.0,4.0,17.62175941467285,OK
3g0h.cif,125.0,7.0,1.0,9.756325721740723,OK
3fo6.cif,1422.0,67.0,1.0,19.353042602539062,OK
3g9y.cif,129.0,6.0,1.0,7.941277980804443,OK
3e2e.cif,1351.0,66.0,3.0,23.183216094970703,OK
3eoh.cif,8248.0,387.0,2.0,36.37099075317383,OK
3fu2.cif,1988.0,97.0,3.0,22.71120262145996,OK
2yh1.cif,,,,,ERR:IndexError
3gca.cif,702.0,33.0,1.0,13.386835098266602,OK
3eog.cif,8396.0,394.0,2.0,36.560699462890625,OK
3glp.cif,830.0,40.0,5.0,20.663204193115234,OK
3epl.cif,2924.0,137.0,2.0,51.2324104309082,OK
3ger.cif,1422.0,67.0,1.0,19.21588706970215,OK
3g4m.cif,1422.0,67.0,1.0,19.30337142944336,OK
3gao.cif,1422.0,67.0,1.0,19.233905792236328,OK
3gm7.cif,750.0,36.0,2.0,16.262903213500977,OK
3gib.cif,199.0,9.0,1.0,11.59839916229248,OK
3fht.cif,237.0,12.0,2.0,39.031978607177734,OK
3ges.cif,1422.0,67.0,1.0,19.171939849853516,OK
3gog.cif,1380.0,65.0,1.0,18.79121208190918,OK
3gs1.cif,1297.0,61.0,4.0,17.754806518554688,OK
3gs5.cif,1294.0,61.0,2.0,17.751075744628906,OK
3got.cif,1422.0,67.0,1.0,19.24156379699707,OK
3er9.cif,40.0,2.0,1.0,3.8754420280456543,OK
3gs8.cif,1296.0,61.0,4.0,17.81156349182129,OK
3gvn.cif,293.0,14.0,2.0,10.274237632751465,OK
3eph.cif,2944.0,138.0,2.0,50.91375732421875,OK
3foz.cif,3055.0,143.0,2.0,29.819347381591797,OK
3epj.cif,2944.0,138.0,2.0,50.90655517578125,OK
3akz.cif,6324.0,296.0,4.0,47.465782165527344,OK
3gx3.cif,2030.0,94.0,1.0,21.306060791015625,OK
3f73.cif,980.0,54.0,4.0,32.19405746459961,OK
3gpq.cif,80.0,4.0,2.0,18.837982177734375,OK
3gx6.cif,2030.0,94.0,1.0,21.274303436279297,OK
3gx2.cif,2030.0,94.0,1.0,21.334272384643555,OK
3hga.cif,103.0,5.0,1.0,7.650091171264648,OK
3gx7.cif,2032.0,94.0,1.0,21.399892807006836,OK
2uu9.cif,32825.0,1507.0,3.0,64.74632263183594,OK
3erc.cif,357.0,19.0,4.0,47.097103118896484,OK
3gx5.cif,2030.0,94.0,1.0,21.325822830200195,OK
1vy4.cif,199886.0,9104.0,14.0,131.93763732910156,OK
2zm6.cif,32372.0,1487.0,1.0,65.62582397460938,OK
3h5y.cif,344.0,16.0,2.0,11.50467586517334,OK
2qa4.cif,61493.0,2871.0,2.0,66.29842376708984,OK
3h5x.cif,344.0,16.0,2.0,11.56360912322998,OK
3g96.cif,12861.0,564.0,8.0,44.424556732177734,OK
3g78.cif,8545.0,398.0,2.0,36.58291244506836,OK
3g8s.cif,12846.0,564.0,8.0,44.09537124633789,OK
3ex7.cif,234.0,12.0,2.0,18.83751678466797,OK
3hjy.cif,1271.0,60.0,3.0,21.96893310546875,OK
3e3j.cif,2294.0,112.0,6.0,47.98619842529297,OK
3hay.cif,1732.0,82.0,2.0,28.50736427307129,OK
3hhn.cif,5794.0,272.0,2.0,47.142372131347656,OK
3ho1.cif,528.0,27.0,2.0,16.18514060974121,OK
3hm9.cif,606.0,29.0,2.0,15.51650333404541,OK
3hjf.cif,629.0,32.0,2.0,16.335922241210938,OK
3i2q.cif,1253.0,59.0,3.0,17.910200119018555,OK
3hsb.cif,154.0,7.0,1.0,10.12600326538086,OK
2wj8.cif,2800.0,140.0,20.0,83.1842041015625,OK
3i2r.cif,1274.0,60.0,3.0,17.826698303222656,OK
3hax.cif,1518.0,73.0,2.0,25.281557083129883,OK
3hjw.cif,1493.0,70.0,2.0,25.83100128173828,OK
3i2s.cif,1253.0,59.0,3.0,17.833160400390625,OK
2qex.cif,61512.0,2871.0,2.0,66.8473129272461,OK
3g8t.cif,12952.0,564.0,8.0,44.99383544921875,OK
3hxm.cif,445.0,22.0,2.0,16.53936195373535,OK
3i2u.cif,1274.0,60.0,3.0,17.91990852355957,OK
3ibk.cif,484.0,22.0,2.0,12.336420059204102,OK
3hhz.cif,900.0,45.0,1.0,37.30855178833008,OK
3g9c.cif,12824.0,558.0,8.0,44.57331848144531,OK
3i61.cif,190.0,10.0,1.0,11.55416488647461,OK
3i5x.cif,190.0,10.0,1.0,11.612807273864746,OK
3hvr.cif,1108.0,54.0,4.0,28.06329345703125,OK
3i62.cif,190.0,10.0,1.0,11.5914945602417,OK
3iab.cif,985.0,46.0,1.0,23.194746017456055,OK
3i5y.cif,170.0,9.0,1.0,11.742993354797363,OK
2vqe.cif,32695.0,1503.0,3.0,65.01104736328125,OK
3gtg.cif,1110.0,54.0,3.0,29.204519271850586,OK
3iev.cif,224.0,11.0,1.0,13.153987884521484,OK
3htx.cif,1868.0,88.0,4.0,51.27888870239258,OK
3iqp.cif,2030.0,94.0,1.0,21.31222915649414,OK
3gtj.cif,1110.0,54.0,3.0,29.449277877807617,OK
3hox.cif,699.0,35.0,3.0,18.877708435058594,OK
3iqn.cif,2031.0,94.0,1.0,21.363037109375,OK
3iqr.cif,2030.0,94.0,1.0,21.236488342285156,OK
3hk2.cif,1304.0,64.0,4.0,27.601383209228516,OK
3ccm.cif,61507.0,2871.0,2.0,66.16697692871094,OK
3iy8.cif,540.0,540.0,1.0,56.3224983215332,OK
2zjp.cif,60249.0,2808.0,2.0,65.59974670410156,OK
3irw.cif,1929.0,90.0,1.0,22.65797996520996,OK
3ivn.cif,2932.0,138.0,2.0,24.674287796020508,OK
3iwn.cif,3984.0,186.0,2.0,41.576385498046875,OK
3izd.cif,3044.0,151.0,1.0,52.392879486083984,OK
3iz4.cif,8053.0,377.0,1.0,65.36328887939453,OK
3j06.cif,65.0,3.0,1.0,4.991955757141113,OK
3iin.cif,4708.0,220.0,3.0,31.66132926940918,OK
3how.cif,735.0,36.0,3.0,19.30939292907715,OK
3izy.cif,1622.0,76.0,1.0,20.585580825805664,OK
3id5.cif,1400.0,68.0,2.0,41.171958923339844,OK
3iyq.cif,7466.0,349.0,1.0,59.32512283325195,OK
3igi.cif,8501.0,398.0,2.0,36.59284210205078,OK
3iem.cif,0.0,,,,EMPTY
3cme.cif,61579.0,2875.0,4.0,66.04429626464844,OK
3iy9.cif,1027.0,1027.0,1.0,54.36629867553711,OK
3cpw.cif,61675.0,2879.0,3.0,66.10325622558594,OK
3gtp.cif,1130.0,55.0,3.0,29.27098274230957,OK
3gto.cif,1110.0,54.0,3.0,29.1525936126709,OK
3gtq.cif,477.0,23.0,2.0,14.349268913269043,OK
3j0d.cif,3796.0,177.0,8.0,45.08251190185547,OK
2otj.cif,61512.0,2871.0,2.0,66.06441497802734,OK
3izz.cif,7218.0,337.0,4.0,47.29567337036133,OK
3j0e.cif,2318.0,108.0,6.0,29.6604061126709,OK
3hl2.cif,1746.0,67.0,1.0,22.562911987304688,OK
3cma.cif,61601.0,2876.0,4.0,66.0989761352539,OK
3icq.cif,2633.0,124.0,2.0,56.076290130615234,OK
3iyr.cif,7466.0,349.0,1.0,63.71646499633789,OK
3cf5.cif,60249.0,2808.0,2.0,65.65967559814453,OK
3cc7.cif,61510.0,2871.0,2.0,66.13796997070312,OK
3ie1.cif,284.0,14.0,4.0,33.8908805847168,OK
3i4m.cif,812.0,40.0,3.0,22.65911293029785,OK
3j5s.cif,6058.0,283.0,3.0,47.173118591308594,OK
3ccv.cif,61509.0,2871.0,2.0,66.06430053710938,OK
3ivk.cif,5470.0,256.0,2.0,57.39635467529297,OK
3j45.cif,6129.0,286.0,5.0,67.67253112792969,OK
3j16.cif,9823.0,463.0,3.0,53.038848876953125,OK
3fwo.cif,61852.0,2883.0,2.0,67.45924377441406,OK
3j0q.cif,12799.0,598.0,15.0,54.64933395385742,OK
3hov.cif,639.0,31.0,3.0,17.8233699798584,OK
3aoi.cif,829.0,40.0,6.0,71.50454711914062,OK
3j0o.cif,15709.0,736.0,23.0,54.331600189208984,OK
3gtl.cif,1107.0,54.0,3.0,29.14573097229004,OK
3j46.cif,8616.0,403.0,6.0,72.24954223632812,OK
3h3v.cif,671.0,33.0,3.0,19.67573356628418,OK
3j0p.cif,12348.0,578.0,14.0,54.09577178955078,OK
2uub.cif,32780.0,1505.0,3.0,64.67100524902344,OK
3ice.cif,121.0,6.0,1.0,6.71167516708374,OK
3bbx.cif,63563.0,3019.0,2.0,70.28009033203125,OK
3hoz.cif,736.0,36.0,3.0,19.021045684814453,OK
3cd6.cif,61546.0,2873.0,3.0,66.206298828125,OK
2uua.cif,32822.0,1507.0,3.0,64.8761978149414,OK
3gtm.cif,1091.0,54.0,3.0,29.42889976501465,OK
3i4n.cif,795.0,39.0,3.0,22.567264556884766,OK
2zjq.cif,60249.0,2808.0,2.0,65.70563507080078,OK
3j5y.cif,2088.0,98.0,2.0,27.540719985961914,OK
2zjr.cif,60249.0,2808.0,2.0,65.67467498779297,OK
3ccq.cif,61508.0,2871.0,2.0,66.18721008300781,OK
3j28.cif,49446.0,1533.0,1.0,67.48509979248047,OK
3j0l.cif,16773.0,786.0,24.0,54.58198928833008,OK
3hoy.cif,720.0,35.0,3.0,20.36182975769043,OK
3j29.cif,49446.0,1533.0,1.0,69.77300262451172,OK
3dll.cif,60249.0,2808.0,2.0,65.91423034667969,OK
3j2g.cif,49446.0,1533.0,1.0,68.89744567871094,OK
3ccu.cif,61507.0,2871.0,2.0,66.099365234375,OK
3cc2.cif,61511.0,2871.0,2.0,66.13018798828125,OK
3j9b.cif,422.0,20.0,4.0,25.405790328979492,OK
1vy5.cif,199950.0,9107.0,14.0,132.30902099609375,OK
3j2a.cif,49446.0,1533.0,1.0,67.91217041015625,OK
3j2h.cif,49446.0,1533.0,1.0,66.34597778320312,OK
3jb7.cif,238.0,11.0,2.0,9.892395973205566,OK
3hou.cif,1390.0,68.0,6.0,65.71185302734375,OK
3j2b.cif,49446.0,1533.0,1.0,68.5865707397461,OK
3j2d.cif,49446.0,1533.0,1.0,66.97236633300781,OK
3jcr.cif,203.0,203.0,3.0,75.47660064697266,OK
3g6e.cif,61511.0,2871.0,2.0,66.09437561035156,OK
3jxr.cif,318.0,15.0,3.0,13.12248420715332,OK
3jxq.cif,424.0,20.0,4.0,12.857067108154297,OK
3i56.cif,61510.0,2871.0,2.0,66.17727661132812,OK
3k1v.cif,614.0,30.0,1.0,13.071661949157715,OK
3j2e.cif,49446.0,1533.0,1.0,68.20037078857422,OK
3g4s.cif,61511.0,2871.0,2.0,66.21981811523438,OK
3j5l.cif,63833.0,2974.0,4.0,67.32989501953125,OK
3k0j.cif,3642.0,174.0,2.0,40.87203598022461,OK
3k5q.cif,189.0,9.0,1.0,13.861230850219727,OK
3ccs.cif,61509.0,2871.0,2.0,66.17670440673828,OK
3k5y.cif,187.0,9.0,1.0,13.464719772338867,OK
3j2f.cif,49446.0,1533.0,1.0,67.84844207763672,OK
3k49.cif,624.0,30.0,3.0,23.429845809936523,OK
3cce.cif,61512.0,2871.0,2.0,66.07987976074219,OK
3j3v.cif,64456.0,3003.0,2.0,69.55162811279297,OK
3k64.cif,185.0,9.0,1.0,13.468968391418457,OK
3k5z.cif,186.0,9.0,1.0,13.43238353729248,OK
3k61.cif,188.0,9.0,1.0,13.332501411437988,OK
3knc.cif,165.0,8.0,1.0,9.763126373291016,OK
3cc4.cif,61511.0,2871.0,2.0,66.08963012695312,OK
3ccj.cif,61510.0,2871.0,2.0,66.11113739013672,OK
3klv.cif,251.0,12.0,2.0,9.604270935058594,OK
3k62.cif,185.0,9.0,1.0,13.469867706298828,OK
3kms.cif,251.0,12.0,2.0,9.493982315063477,OK
3kmq.cif,212.0,10.0,2.0,9.247323989868164,OK
3k4e.cif,630.0,30.0,3.0,23.120866775512695,OK
3kna.cif,251.0,12.0,2.0,9.552297592163086,OK
3ks8.cif,761.0,36.0,2.0,16.28164291381836,OK
3loa.cif,893.0,42.0,2.0,19.238433837890625,OK
3l0u.cif,1561.0,73.0,1.0,22.39509391784668,OK
3la5.cif,1503.0,71.0,1.0,20.789060592651367,OK
3l26.cif,168.0,8.0,1.0,9.944075584411621,OK
3j7a.cif,35848.0,1682.0,2.0,67.73982238769531,OK
3l25.cif,336.0,16.0,2.0,10.556790351867676,OK
3ktw.cif,4106.0,191.0,2.0,34.1165657043457,OK
3ktv.cif,4631.0,215.0,2.0,36.428592681884766,OK
3koa.cif,195.0,10.0,2.0,9.164389610290527,OK
3lqx.cif,1031.0,48.0,1.0,20.39498519897461,OK
3lrr.cif,460.0,22.0,2.0,13.669189453125,OK
3lrn.cif,556.0,26.0,2.0,15.114861488342285,OK
3j2c.cif,49444.0,1533.0,3.0,69.7867431640625,OK
3j80.cif,37775.0,1779.0,1.0,70.64115142822266,OK
3lwo.cif,1493.0,70.0,2.0,25.869216918945312,OK
3lwv.cif,1470.0,69.0,2.0,25.864917755126953,OK
3lob.cif,136.0,7.0,1.0,11.24563980102539,OK
3mij.cif,259.0,12.0,1.0,10.533387184143066,OK
3mdg.cif,122.0,6.0,1.0,8.554219245910645,OK
3mj0.cif,165.0,8.0,1.0,9.870264053344727,OK
3mja.cif,917.0,43.0,2.0,16.200458526611328,OK
3mei.cif,932.0,44.0,2.0,19.124130249023438,OK
3mj3.cif,917.0,43.0,2.0,16.19945526123047,OK
3mjb.cif,917.0,43.0,2.0,16.091405868530273,OK
3lwr.cif,1493.0,70.0,2.0,25.74220085144043,OK
3lwp.cif,1493.0,70.0,2.0,25.800186157226562,OK
3mur.cif,1952.0,91.0,1.0,23.06172752380371,OK
3lwq.cif,1493.0,70.0,2.0,25.88644027709961,OK
3moj.cif,1473.0,69.0,1.0,23.679922103881836,OK
3mdi.cif,126.0,6.0,1.0,6.685856819152832,OK
3mum.cif,1951.0,91.0,1.0,23.075225830078125,OK
3mut.cif,1951.0,91.0,1.0,23.055334091186523,OK
3nd3.cif,506.0,16.0,1.0,14.703465461730957,OK
3nd4.cif,509.0,16.0,1.0,14.956757545471191,OK
3nj6.cif,325.0,10.0,1.0,12.48095703125,OK
3ncu.cif,466.0,22.0,2.0,13.568867683410645,OK
3mqk.cif,464.0,22.0,2.0,14.050975799560547,OK
3mxh.cif,1952.0,91.0,1.0,23.189430236816406,OK
3nj7.cif,1278.0,60.0,6.0,20.416847229003906,OK
3nkb.cif,1538.0,72.0,2.0,21.404935836791992,OK
3muv.cif,1928.0,90.0,1.0,22.520822525024414,OK
3nna.cif,103.0,5.0,1.0,7.616416931152344,OK
3nnc.cif,130.0,7.0,1.0,9.027754783630371,OK
3i55.cif,61606.0,2876.0,3.0,66.10648345947266,OK
3aoh.cif,272.0,13.0,2.0,10.426897048950195,OK
3nmr.cif,107.0,6.0,1.0,7.73855447769165,OK
3npn.cif,1080.0,50.0,1.0,18.310697555541992,OK
3j81.cif,39828.0,1876.0,3.0,69.82799530029297,OK
3nma.cif,103.0,5.0,2.0,7.229926586151123,OK
3nnh.cif,419.0,22.0,2.0,23.515785217285156,OK
3o7v.cif,272.0,13.0,1.0,13.15453815460205,OK
3o6e.cif,272.0,13.0,1.0,13.113058090209961,OK
3m7n.cif,274.0,14.0,3.0,19.33509063720703,OK
3o3i.cif,292.0,14.0,1.0,13.851784706115723,OK
3npq.cif,3235.0,150.0,3.0,26.114503860473633,OK
3ok2.cif,639.0,30.0,3.0,25.280719757080078,OK
3jq4.cif,61852.0,2883.0,2.0,66.71729278564453,OK
3nl0.cif,272.0,13.0,2.0,9.853148460388184,OK
3ndb.cif,2921.0,136.0,1.0,35.895729064941406,OK
3og8.cif,596.0,28.0,2.0,14.684815406799316,OK
3j7z.cif,63861.0,2975.0,3.0,67.33493041992188,OK
3ok4.cif,3195.0,150.0,15.0,55.07634735107422,OK
3m85.cif,240.0,12.0,3.0,19.660127639770508,OK
3nvi.cif,1026.0,48.0,2.0,41.19786834716797,OK
3oin.cif,293.0,14.0,1.0,9.871858596801758,OK
3oij.cif,586.0,28.0,2.0,20.686262130737305,OK
3j3w.cif,57639.0,2685.0,1.0,68.43270874023438,OK
3ccl.cif,61510.0,2871.0,2.0,66.29118347167969,OK
3g71.cif,61511.0,2871.0,2.0,66.13764190673828,OK
3o8c.cif,101.0,5.0,1.0,9.120359420776367,OK
3ouy.cif,1484.0,70.0,2.0,29.800331115722656,OK
3l3c.cif,12861.0,565.0,8.0,44.6134147644043,OK
3nmu.cif,1994.0,93.0,4.0,40.47015380859375,OK
3oww.cif,3711.0,172.0,2.0,28.15351676940918,OK
3ov7.cif,1440.0,68.0,2.0,29.53067970275879,OK
3owi.cif,3733.0,173.0,2.0,28.2364559173584,OK
3o8r.cif,101.0,5.0,1.0,9.692220687866211,OK
3owz.cif,3629.0,168.0,2.0,28.021163940429688,OK
3ova.cif,720.0,34.0,1.0,16.709497451782227,OK
3nvk.cif,1162.0,54.0,4.0,41.19715118408203,OK
3oxd.cif,3711.0,172.0,2.0,28.346818923950195,OK
3ol7.cif,3006.0,142.0,12.0,58.55927658081055,OK
3p4c.cif,176.0,8.0,2.0,11.057825088500977,OK
3kfu.cif,5980.0,278.0,4.0,49.932456970214844,OK
3oxm.cif,3733.0,173.0,2.0,28.264320373535156,OK
3p4d.cif,172.0,8.0,2.0,10.923826217651367,OK
3p4a.cif,0.0,,,,EMPTY
3oxj.cif,3688.0,171.0,2.0,28.368915557861328,OK
3p4b.cif,528.0,24.0,6.0,20.71105194091797,OK
3p49.cif,3624.0,169.0,1.0,27.429304122924805,OK
3pdm.cif,64.0,3.0,1.0,4.3449530601501465,OK
3ola.cif,3036.0,142.0,12.0,58.90680694580078,OK
3p22.cif,4020.0,190.0,8.0,25.584077835083008,OK
3jap.cif,39691.0,1869.0,3.0,70.6446304321289,OK
3oxb.cif,3711.0,172.0,2.0,28.27971076965332,OK
3ox0.cif,3733.0,173.0,2.0,28.38712501525879,OK
3pf4.cif,97.0,5.0,1.0,6.4572601318359375,OK
3p59.cif,1990.0,94.0,8.0,24.668485641479492,OK
3pf5.cif,117.0,6.0,2.0,13.135074615478516,OK
3cxc.cif,61676.0,2879.0,3.0,66.0715560913086,OK
3ovs.cif,1440.0,68.0,2.0,29.447477340698242,OK
3oxe.cif,3733.0,173.0,2.0,28.192659378051758,OK
3ovb.cif,1476.0,70.0,2.0,29.9612979888916,OK
3pgw.cif,342.0,342.0,4.0,67.99172973632812,OK
3pkm.cif,379.0,18.0,2.0,31.973033905029297,OK
3ccr.cif,61508.0,2871.0,2.0,66.17463684082031,OK
3j79.cif,73684.0,3460.0,3.0,71.16729736328125,OK
3ol6.cif,3014.0,144.0,12.0,58.40648651123047,OK
3pey.cif,105.0,6.0,1.0,8.02358627319336,OK
3pew.cif,105.0,6.0,1.0,7.995918273925781,OK
3pdr.cif,6862.0,322.0,2.0,34.61496353149414,OK
3olb.cif,3014.0,144.0,12.0,58.936241149902344,OK
3q0q.cif,168.0,8.0,1.0,13.056595802307129,OK
3ol8.cif,2974.0,142.0,12.0,58.5767822265625,OK
3jb9.cif,6900.0,327.0,5.0,76.23716735839844,OK
3q0p.cif,332.0,16.0,2.0,37.07273864746094,OK
3ol9.cif,3014.0,144.0,12.0,58.67802047729492,OK
3q0r.cif,169.0,8.0,1.0,13.052971839904785,OK
3q0o.cif,288.0,14.0,2.0,26.599687576293945,OK
3q50.cif,702.0,33.0,1.0,13.496798515319824,OK
3q51.cif,680.0,32.0,1.0,13.433246612548828,OK
3q0n.cif,308.0,15.0,2.0,37.29193878173828,OK
3q0m.cif,338.0,16.0,2.0,25.180479049682617,OK
3qjp.cif,169.0,8.0,1.0,10.649067878723145,OK
3q0s.cif,164.0,8.0,1.0,12.553927421569824,OK
3jcd.cif,101181.0,4715.0,6.0,81.78436279296875,OK
3php.cif,,,,,ERR:IndexError
3q3z.cif,3160.0,148.0,2.0,31.13115882873535,OK
3q1r.cif,9208.0,438.0,3.0,41.497398376464844,OK
3qrr.cif,360.0,17.0,1.0,17.37353515625,OK
3qjl.cif,510.0,24.0,2.0,16.6439151763916,OK
3r1e.cif,298.0,14.0,2.0,10.806315422058105,OK
3q0l.cif,336.0,16.0,2.0,37.04035186767578,OK
3m4o.cif,1069.0,52.0,3.0,29.24007797241211,OK
3q2t.cif,204.0,10.0,2.0,20.745038986206055,OK
3qgb.cif,187.0,9.0,1.0,13.495584487915039,OK
3qrp.cif,297.0,14.0,2.0,10.91700267791748,OK
3qg9.cif,185.0,9.0,1.0,13.445060729980469,OK
3qgc.cif,185.0,9.0,1.0,13.51709270477295,OK
3r1d.cif,1075.0,50.0,5.0,26.06987190246582,OK
3p6y.cif,449.0,24.0,7.0,43.53581619262695,OK
3m3y.cif,1083.0,53.0,3.0,29.43611717224121,OK
3qjj.cif,512.0,24.0,2.0,30.936433792114258,OK
3jcj.cif,98509.0,4589.0,5.0,80.78166961669922,OK
3pu0.cif,900.0,45.0,1.0,37.084529876708984,OK
3jcm.cif,5565.0,263.0,4.0,74.62945556640625,OK
3qsy.cif,1639.0,76.0,1.0,22.454511642456055,OK
3r4f.cif,1400.0,66.0,1.0,23.599197387695312,OK
3q1q.cif,9168.0,433.0,2.0,41.488399505615234,OK
3rg5.cif,3658.0,138.0,2.0,25.98943328857422,OK
3qsu.cif,176.0,8.0,2.0,32.78081130981445,OK
3r9w.cif,724.0,34.0,1.0,27.628314971923828,OK
3rer.cif,161.0,8.0,1.0,8.264430046081543,OK
3r1h.cif,5748.0,270.0,4.0,47.07761764526367,OK
3j7q.cif,84358.0,3938.0,3.0,77.08100891113281,OK
3rtj.cif,42.0,2.0,1.0,3.207610607147217,OK
3oto.cif,32511.0,1494.0,1.0,65.11701965332031,OK
3pu1.cif,1035.0,45.0,1.0,36.969085693359375,OK
3s4p.cif,900.0,42.0,2.0,18.20429801940918,OK
3s7c.cif,804.0,26.0,1.0,14.272974014282227,OK
3r9x.cif,744.0,35.0,1.0,22.995702743530273,OK
3r2d.cif,419.0,20.0,2.0,12.467734336853027,OK
3s49.cif,1022.0,49.0,7.0,24.621522903442383,OK
3rkf.cif,5708.0,268.0,4.0,31.568973541259766,OK
3r1c.cif,6192.0,288.0,36.0,36.40139389038086,OK
3s4g.cif,147.0,7.0,2.0,8.77149772644043,OK
3s8u.cif,794.0,26.0,1.0,14.1409273147583,OK
3sj2.cif,1172.0,36.0,2.0,17.23163414001465,OK
3r2c.cif,570.0,19.0,2.0,32.23460006713867,OK
3r1l.cif,5748.0,270.0,4.0,46.95137023925781,OK
3rw6.cif,2578.0,120.0,2.0,36.28398895263672,OK
3sd3.cif,1913.0,89.0,1.0,23.30145835876465,OK
3rc8.cif,107.0,6.0,1.0,8.689913749694824,OK
3ski.cif,2825.0,133.0,2.0,32.3114013671875,OK
3pla.cif,2721.0,128.0,6.0,52.76616287231445,OK
3skz.cif,2802.0,132.0,2.0,31.92353057861328,OK
3slq.cif,2764.0,132.0,2.0,31.84244155883789,OK
3skl.cif,2716.0,128.0,2.0,24.29852294921875,OK
3skt.cif,2716.0,128.0,2.0,24.224899291992188,OK
3skr.cif,2716.0,128.0,2.0,24.42242431640625,OK
3ssf.cif,497.0,24.0,2.0,12.694457054138184,OK
3slm.cif,2802.0,132.0,2.0,26.107481002807617,OK
3pu4.cif,900.0,45.0,1.0,37.112342834472656,OK
3sux.cif,2153.0,100.0,1.0,26.184343338012695,OK
3siu.cif,1202.0,56.0,2.0,41.17732620239258,OK
3skw.cif,2716.0,128.0,2.0,25.06580924987793,OK
3syw.cif,1131.0,38.0,2.0,15.772835731506348,OK
3szx.cif,1210.0,38.0,2.0,17.379741668701172,OK
3suy.cif,2153.0,100.0,1.0,26.149045944213867,OK
3sqx.cif,125.0,8.0,1.0,9.298473358154297,OK
3suh.cif,2153.0,100.0,1.0,26.181537628173828,OK
3sqw.cif,137.0,8.0,1.0,9.675044059753418,OK
3jam.cif,37797.0,1780.0,1.0,71.0573501586914,OK
3t4b.cif,1799.0,83.0,1.0,24.88584327697754,OK
3ptx.cif,990.0,45.0,1.0,36.83065414428711,OK
3td0.cif,897.0,42.0,2.0,18.486766815185547,OK
3t5n.cif,122.0,6.0,1.0,8.548514366149902,OK
3td1.cif,917.0,43.0,2.0,19.26131248474121,OK
3tzr.cif,757.0,36.0,2.0,15.471732139587402,OK
3jce.cif,102949.0,4797.0,7.0,81.29496765136719,OK
3tra.cif,1374.0,64.0,1.0,22.520933151245117,OK
3ts0.cif,944.0,44.0,2.0,22.344751358032227,OK
3twh.cif,201.0,10.0,2.0,10.300756454467773,OK
3j9z.cif,101191.0,4717.0,5.0,81.25226593017578,OK
3t3o.cif,20.0,1.0,1.0,2.901238441467285,OK
3rzo.cif,247.0,12.0,2.0,12.523041725158691,OK
3t3n.cif,0.0,,,,EMPTY
3u56.cif,1723.0,80.0,1.0,18.265506744384766,OK
3u4m.cif,1722.0,80.0,1.0,18.606924057006836,OK
3ucu.cif,1999.0,93.0,2.0,22.841630935668945,OK
3ts2.cif,982.0,46.0,2.0,22.89912223815918,OK
3siv.cif,2740.0,128.0,4.0,32.71595764160156,OK
3ucz.cif,1995.0,93.0,2.0,22.95393943786621,OK
3t5q.cif,878.0,43.0,6.0,45.089630126953125,OK
3ud4.cif,1994.0,93.0,2.0,22.697839736938477,OK
3uld.cif,223.0,11.0,2.0,10.183478355407715,OK
3u2e.cif,94.0,4.0,2.0,23.282203674316406,OK
3tup.cif,1581.0,74.0,1.0,22.5745792388916,OK
3ud3.cif,1998.0,93.0,2.0,22.966440200805664,OK
3v71.cif,145.0,7.0,1.0,11.617426872253418,OK
3umy.cif,1723.0,80.0,1.0,18.151966094970703,OK
3po2.cif,957.0,47.0,3.0,25.546247482299805,OK
3jbv.cif,101108.0,4712.0,6.0,81.7179946899414,OK
3vrs.cif,1109.0,52.0,1.0,18.455486297607422,OK
3v6y.cif,214.0,11.0,1.0,15.947461128234863,OK
3v74.cif,232.0,11.0,1.0,15.87027359008789,OK
3vjr.cif,1532.0,72.0,2.0,25.484121322631836,OK
3sn2.cif,918.0,29.0,1.0,14.234130859375,OK
3vyx.cif,432.0,20.0,2.0,12.33800983428955,OK
3uzt.cif,125.0,7.0,1.0,8.198007583618164,OK
3wbm.cif,1050.0,50.0,2.0,21.730749130249023,OK
3w3s.cif,2090.0,74.0,1.0,24.37974739074707,OK
3trz.cif,2598.0,120.0,6.0,44.67133712768555,OK
3vyy.cif,1060.0,50.0,5.0,23.727313995361328,OK
3v11.cif,1522.0,70.0,1.0,22.56952476501465,OK
3wzi.cif,84.0,4.0,1.0,5.328542709350586,OK
3wru.cif,900.0,42.0,2.0,18.35749626159668,OK
3v7e.cif,5372.0,252.0,2.0,37.6865348815918,OK
3zd4.cif,1294.0,61.0,2.0,19.464582443237305,OK
3jd5.cif,20256.0,952.0,1.0,55.223487854003906,OK
3zd5.cif,1255.0,59.0,2.0,19.34278678894043,OK
3uzs.cif,423.0,20.0,1.0,13.383137702941895,OK
3snp.cif,1242.0,60.0,2.0,27.13005828857422,OK
3s1q.cif,370.0,18.0,2.0,14.484991073608398,OK
3rzd.cif,269.0,13.0,2.0,12.564094543457031,OK
402d.cif,336.0,16.0,2.0,10.803038597106934,OK
3zd6.cif,424.0,20.0,2.0,12.35493278503418,OK
3zp8.cif,1295.0,61.0,2.0,19.587099075317383,OK
3wc1.cif,3102.0,146.0,2.0,41.630374908447266,OK
404d.cif,414.0,20.0,2.0,12.470250129699707,OK
405d.cif,672.0,32.0,2.0,15.248475074768066,OK
413d.cif,271.0,13.0,1.0,14.132723808288574,OK
406d.cif,,,,,LOAD_FAIL
409d.cif,876.0,42.0,6.0,20.02195930480957,OK
3j7p.cif,121258.0,5680.0,4.0,90.44215393066406,OK
3po3.cif,490.0,24.0,3.0,18.493549346923828,OK
420d.cif,678.0,32.0,2.0,15.496332168579102,OK
3wfs.cif,3130.0,148.0,2.0,38.613311767578125,OK
421d.cif,379.0,17.0,2.0,11.315794944763184,OK
3j7y.cif,32472.0,1529.0,2.0,56.76115417480469,OK
422d.cif,500.0,24.0,2.0,13.546846389770508,OK
3vnv.cif,316.0,15.0,2.0,10.605363845825195,OK
430d.cif,601.0,28.0,1.0,15.342691421508789,OK
438d.cif,346.0,18.0,2.0,11.1871919631958,OK
437d.cif,582.0,27.0,1.0,12.3993558883667,OK
429d.cif,1024.0,48.0,4.0,20.3642635345459,OK
433d.cif,592.0,28.0,2.0,14.229462623596191,OK
464d.cif,546.0,26.0,4.0,15.441848754882812,OK
434d.cif,586.0,28.0,4.0,15.107855796813965,OK
435d.cif,586.0,28.0,4.0,15.151043891906738,OK
439d.cif,338.0,16.0,2.0,10.7291841506958,OK
466d.cif,586.0,28.0,4.0,15.006338119506836,OK
462d.cif,980.0,46.0,2.0,19.50016975402832,OK
468d.cif,0.0,,,,EMPTY
472d.cif,335.0,16.0,2.0,10.49974250793457,OK
3zju.cif,1688.0,68.0,1.0,21.60911750793457,OK
3vnu.cif,252.0,12.0,2.0,9.88115119934082,OK
479d.cif,372.0,18.0,2.0,11.54073715209961,OK
471d.cif,0.0,,,,EMPTY
469d.cif,0.0,,,,EMPTY
480d.cif,579.0,27.0,1.0,14.311070442199707,OK
3s1r.cif,268.0,13.0,2.0,12.329755783081055,OK
483d.cif,579.0,27.0,1.0,14.136136054992676,OK
3s1n.cif,269.0,13.0,2.0,12.622549057006836,OK
470d.cif,0.0,,,,EMPTY
488d.cif,1381.0,65.0,4.0,16.48863983154297,OK
3zd7.cif,424.0,20.0,2.0,12.299598693847656,OK
3wfr.cif,6300.0,298.0,4.0,53.66313934326172,OK
3wc2.cif,3146.0,147.0,2.0,41.20909118652344,OK
3zn8.cif,1886.0,88.0,1.0,34.6942024230957,OK
3ja1.cif,100604.0,4690.0,5.0,81.30984497070312,OK
486d.cif,4294.0,313.0,7.0,45.89625930786133,OK
3jcn.cif,99447.0,4633.0,5.0,80.79586791992188,OK
3zjv.cif,1795.0,73.0,1.0,22.877323150634766,OK
4a2x.cif,1182.0,56.0,4.0,25.763755798339844,OK
4a4u.cif,,,,,ERR:IndexError
4a4s.cif,,,,,ERR:IndexError
4a4t.cif,,,,,ERR:IndexError
4a4r.cif,,,,,ERR:IndexError
3s14.cif,394.0,19.0,2.0,14.085783958435059,OK
3wfq.cif,6180.0,292.0,4.0,53.67994689941406,OK
3zjt.cif,1734.0,71.0,1.0,21.985820770263672,OK
3s17.cif,456.0,22.0,2.0,14.017111778259277,OK
3j9y.cif,98865.0,4605.0,5.0,81.25653839111328,OK
3j92.cif,85938.0,4012.0,4.0,77.28449249267578,OK
4al5.cif,521.0,18.0,1.0,11.393269538879395,OK
3s15.cif,414.0,20.0,2.0,13.827247619628906,OK
4afy.cif,92.0,4.0,2.0,9.734980583190918,OK
3zla.cif,1760.0,88.0,2.0,35.04887771606445,OK
4al6.cif,474.0,16.0,1.0,10.722509384155273,OK
3x1l.cif,1127.0,54.0,2.0,34.630958557128906,OK
3pio.cif,59596.0,2777.0,2.0,65.51220703125,OK
4al7.cif,464.0,15.0,1.0,10.443967819213867,OK
4aob.cif,2024.0,94.0,1.0,21.264007568359375,OK
3jbo.cif,109404.0,5144.0,5.0,86.33145141601562,OK
3s16.cif,434.0,21.0,2.0,13.980534553527832,OK
3wqy.cif,1609.0,75.0,1.0,23.46585464477539,OK
3j8g.cif,64144.0,2989.0,2.0,69.261474609375,OK
4adx.cif,2942.0,2942.0,3.0,67.31609344482422,OK
4alp.cif,115.0,6.0,1.0,6.647982120513916,OK
4ato.cif,701.0,33.0,1.0,16.048158645629883,OK
3w1k.cif,9785.0,360.0,5.0,73.79312133789062,OK
4a36.cif,1562.0,74.0,4.0,32.21408462524414,OK
4ang.cif,534.0,27.0,2.0,22.565603256225586,OK
3s1m.cif,269.0,13.0,2.0,12.708020210266113,OK
4b5r.cif,2033.0,94.0,1.0,21.05503273010254,OK
3s2d.cif,350.0,17.0,2.0,14.584688186645508,OK
3s2h.cif,351.0,17.0,2.0,13.201471328735352,OK
3wqz.cif,1608.0,75.0,1.0,23.17704963684082,OK
4b3p.cif,878.0,42.0,2.0,19.554227828979492,OK
484d.cif,,,,,ERR:IndexError
4b3g.cif,374.0,17.0,2.0,31.825960159301758,OK
4bw0.cif,568.0,26.0,1.0,14.270780563354492,OK
3zc0.cif,865.0,45.0,3.0,49.880985260009766,OK
3zgz.cif,3367.0,142.0,2.0,36.43232727050781,OK
4arc.cif,1516.0,60.0,1.0,21.0875244140625,OK
4as1.cif,1755.0,71.0,1.0,22.438156127929688,OK
4ay2.cif,404.0,19.0,1.0,12.345791816711426,OK
4b3o.cif,936.0,45.0,2.0,20.705259323120117,OK
4c40.cif,417.0,19.0,1.0,14.37524700164795,OK
4bwm.cif,486.0,23.0,2.0,13.05528450012207,OK
4ari.cif,1689.0,68.0,1.0,21.491985321044922,OK
4ba2.cif,88.0,4.0,1.0,6.181759834289551,OK
4c4q.cif,4986.0,233.0,1.0,44.7335319519043,OK
3jcs.cif,72130.0,3376.0,8.0,71.9867935180664,OK
4b3q.cif,878.0,42.0,2.0,19.699132919311523,OK
3j6b.cif,87217.0,2733.0,2.0,68.65424346923828,OK
3t1h.cif,32750.0,1524.0,3.0,65.02606964111328,OK
3jaj.cif,127216.0,5958.0,6.0,91.21578216552734,OK
4cs1.cif,417.0,19.0,1.0,14.380846977233887,OK
4bpb.cif,424.0,20.0,2.0,12.094022750854492,OK
4bhh.cif,877.0,44.0,1.0,25.02433967590332,OK
4c4w.cif,1486.0,70.0,2.0,32.402320861816406,OK
3jct.cif,72729.0,3402.0,4.0,77.64280700683594,OK
4am3.cif,211.0,12.0,4.0,15.949182510375977,OK
3jbu.cif,99535.0,4638.0,5.0,82.8118896484375,OK
4c8z.cif,412.0,14.0,1.0,11.184701919555664,OK
4aq7.cif,3307.0,140.0,2.0,36.59182357788086,OK
4a3d.cif,721.0,35.0,3.0,22.62211036682129,OK
4a3c.cif,642.0,31.0,3.0,21.730815887451172,OK
3ow2.cif,61616.0,2876.0,2.0,66.04365539550781,OK
4c7o.cif,1028.0,48.0,1.0,18.74872398376465,OK
4d26.cif,128.0,6.0,1.0,8.766066551208496,OK
4d25.cif,128.0,6.0,1.0,8.987598419189453,OK
4boc.cif,1178.0,57.0,3.0,25.12603187561035,OK
4c8y.cif,424.0,14.0,1.0,11.28174877166748,OK
3jbn.cif,109448.0,5146.0,5.0,86.42423248291016,OK
4c9d.cif,745.0,25.0,2.0,21.473541259765625,OK
4a3m.cif,598.0,29.0,3.0,20.83013153076172,OK
4cxh.cif,7692.0,362.0,7.0,57.100067138671875,OK
4a3f.cif,740.0,36.0,3.0,23.00395965576172,OK
4a93.cif,871.0,42.0,3.0,22.51885414123535,OK
3t1y.cif,32751.0,1524.0,3.0,64.80657958984375,OK
3j7o.cif,84358.0,3938.0,3.0,77.08099365234375,OK
4d5n.cif,6391.0,201.0,1.0,47.86259078979492,OK
4a3j.cif,531.0,26.0,3.0,20.238723754882812,OK
4cxg.cif,7692.0,362.0,7.0,57.10658645629883,OK
4bxx.cif,696.0,34.0,3.0,21.8577938079834,OK
4ds6.cif,8429.0,393.0,1.0,36.66746139526367,OK
4a3l.cif,680.0,33.0,3.0,21.099210739135742,OK
4dw7.cif,74.0,4.0,2.0,16.541574478149414,OK
4e48.cif,1266.0,60.0,3.0,31.47604751586914,OK
4dwa.cif,57.0,3.0,1.0,4.922711372375488,OK
4a3b.cif,396.0,19.0,3.0,17.498361587524414,OK
4e59.cif,300.0,16.0,2.0,11.51783275604248,OK
4db2.cif,2681.0,83.0,6.0,36.81907272338867,OK
4e58.cif,414.0,21.0,3.0,14.464889526367188,OK
4cqn.cif,3446.0,143.0,2.0,35.6744384765625,OK
4e5c.cif,822.0,38.0,2.0,17.97650909423828,OK
4e6b.cif,344.0,16.0,4.0,11.49436092376709,OK
4cio.cif,,,,,ERR:IndexError
4a2i.cif,32831.0,1530.0,1.0,66.01758575439453,OK
4by7.cif,968.0,47.0,3.0,25.141624450683594,OK
4a3e.cif,600.0,29.0,3.0,19.606918334960938,OK
4dzs.cif,372.0,18.0,2.0,23.909502029418945,OK
4adv.cif,30262.0,1410.0,1.0,69.43942260742188,OK
4a3g.cif,512.0,25.0,3.0,18.564678192138672,OK
4a3k.cif,724.0,35.0,3.0,22.098939895629883,OK
4en5.cif,1109.0,52.0,1.0,18.527605056762695,OK
4ena.cif,1090.0,51.0,1.0,18.40289306640625,OK
4b8t.cif,,,,,ERR:IndexError
4enb.cif,1090.0,51.0,1.0,18.273460388183594,OK
4ed5.cif,349.0,20.0,2.0,18.900535583496094,OK
4enc.cif,1113.0,52.0,1.0,18.346403121948242,OK
3jbp.cif,109399.0,5144.0,5.0,86.4939956665039,OK
4e78.cif,157.0,8.0,2.0,8.621297836303711,OK
4ejt.cif,41.0,2.0,1.0,2.9672019481658936,OK
3j6x.cif,114823.0,5566.0,5.0,88.97191619873047,OK
4e8n.cif,8412.0,393.0,1.0,36.51234436035156,OK
4erd.cif,938.0,44.0,2.0,18.066335678100586,OK
4erj.cif,3479.0,161.0,1.0,28.852109909057617,OK
3j9m.cif,52100.0,2453.0,4.0,70.270263671875,OK
4bbl.cif,616.0,616.0,2.0,114.11316680908203,OK
4f8v.cif,900.0,42.0,2.0,18.47896957397461,OK
4e8p.cif,8412.0,393.0,1.0,36.57304382324219,OK
4f8u.cif,920.0,43.0,2.0,18.75184440612793,OK
3pip.cif,59311.0,2764.0,2.0,65.2427978515625,OK
3j9w.cif,100335.0,4674.0,5.0,81.36685180664062,OK
4e8m.cif,8415.0,394.0,1.0,36.67902374267578,OK
4f02.cif,393.0,18.0,2.0,17.349824905395508,OK
4erl.cif,3479.0,161.0,1.0,28.865060806274414,OK
4e8k.cif,8467.0,395.0,2.0,36.651241302490234,OK
4bbs.cif,612.0,30.0,3.0,20.101825714111328,OK
4fej.cif,1420.0,67.0,1.0,19.262744903564453,OK
4fnj.cif,744.0,35.0,1.0,17.17391014099121,OK
4fe5.cif,1422.0,67.0,1.0,19.291715621948242,OK
4e8r.cif,8412.0,393.0,1.0,36.56304931640625,OK
4feo.cif,1425.0,67.0,1.0,19.34084129333496,OK
4fel.cif,1425.0,67.0,1.0,19.347822189331055,OK
4e8q.cif,8412.0,393.0,1.0,36.54751968383789,OK
4fep.cif,1423.0,67.0,1.0,19.36835289001465,OK
4fen.cif,1423.0,67.0,1.0,19.3089599609375,OK
4e8v.cif,8343.0,389.0,1.0,36.991058349609375,OK
4fvu.cif,336.0,16.0,2.0,11.040373802185059,OK
4dr1.cif,32199.0,1479.0,1.0,65.59839630126953,OK
4faw.cif,8455.0,395.0,2.0,36.765419006347656,OK
4eya.cif,5020.0,240.0,20.0,44.51628494262695,OK
4g6p.cif,1253.0,59.0,3.0,18.067928314208984,OK
4b3m.cif,32951.0,1513.0,3.0,64.78843688964844,OK
4g6s.cif,1253.0,59.0,3.0,18.106630325317383,OK
4dr7.cif,32745.0,1505.0,5.0,65.1156997680664,OK
4frg.cif,3600.0,168.0,2.0,35.21010208129883,OK
4frn.cif,4364.0,204.0,2.0,31.989233016967773,OK
4g6r.cif,1249.0,59.0,4.0,17.80122947692871,OK
4b3r.cif,32884.0,1510.0,3.0,64.94004821777344,OK
4e8t.cif,8489.0,396.0,2.0,36.60145568847656,OK
4f3t.cif,298.0,14.0,1.0,23.612071990966797,OK
4by1.cif,905.0,44.0,3.0,24.672046661376953,OK
4fau.cif,8423.0,393.0,1.0,36.66539001464844,OK
4gpw.cif,942.0,44.0,2.0,19.159460067749023,OK
4gcw.cif,1130.0,53.0,1.0,16.835412979125977,OK
4b3s.cif,32844.0,1508.0,3.0,64.77416229248047,OK
4dr3.cif,32199.0,1479.0,1.0,65.6227798461914,OK
4faq.cif,8478.0,396.0,1.0,36.57203674316406,OK
4gpx.cif,902.0,42.0,2.0,18.57168960571289,OK
4fte.cif,302.0,15.0,1.0,15.08706283569336,OK
4fb0.cif,8415.0,393.0,1.0,36.62843322753906,OK
4g9z.cif,172.0,8.0,2.0,8.91317367553711,OK
4gpy.cif,940.0,44.0,2.0,19.421751022338867,OK
4duz.cif,32199.0,1479.0,1.0,65.5522689819336,OK
4far.cif,8475.0,395.0,2.0,36.521087646484375,OK
3j77.cif,116022.0,5433.0,6.0,87.73572540283203,OK
4gv6.cif,149.0,7.0,2.0,8.302577018737793,OK
4gv9.cif,169.0,8.0,2.0,8.493034362792969,OK
4gv3.cif,149.0,7.0,2.0,8.251039505004883,OK
4gha.cif,504.0,24.0,2.0,13.992408752441406,OK
4gg4.cif,687.0,33.0,2.0,18.098241806030273,OK
4f1n.cif,358.0,18.0,2.0,37.06618881225586,OK
4i67.cif,70.0,3.0,1.0,5.303840637207031,OK
4by9.cif,6064.0,188.0,6.0,49.07468032836914,OK
4ht9.cif,191.0,9.0,2.0,12.736844062805176,OK
4gxy.cif,3455.0,161.0,1.0,27.620452880859375,OK
4fax.cif,8348.0,392.0,1.0,36.55173873901367,OK
4gma.cif,4140.0,192.0,1.0,29.779644012451172,OK
4g0a.cif,196.0,12.0,4.0,41.28352355957031,OK
4ghl.cif,758.0,36.0,2.0,17.239843368530273,OK
4ht8.cif,282.0,14.0,2.0,14.341808319091797,OK
4hos.cif,44.0,3.0,1.0,5.080914497375488,OK
4fwt.cif,253.0,13.0,2.0,9.868534088134766,OK
4aqy.cif,32888.0,1510.0,3.0,64.95841979980469,OK
4h8k.cif,579.0,28.0,2.0,15.26494312286377,OK
4fsj.cif,282.0,14.0,1.0,14.498250007629395,OK
4ig8.cif,758.0,36.0,2.0,16.742130279541016,OK
4j39.cif,405.0,19.0,1.0,17.73907470703125,OK
4jab.cif,334.0,16.0,2.0,10.530346870422363,OK
4hot.cif,66.0,3.0,1.0,5.431149482727051,OK
4iqs.cif,882.0,42.0,6.0,23.385112762451172,OK
4iqx.cif,251.0,12.0,2.0,9.508936882019043,OK
4dr2.cif,32196.0,1479.0,1.0,65.74748992919922,OK
4j5v.cif,405.0,19.0,1.0,17.613460540771484,OK
4hkq.cif,621.0,30.0,2.0,15.885878562927246,OK
4jf2.cif,1612.0,76.0,1.0,21.905498504638672,OK
4dv4.cif,32200.0,1479.0,1.0,65.59886932373047,OK
4b3t.cif,32884.0,1510.0,3.0,64.82777404785156,OK
4fts.cif,302.0,15.0,1.0,15.06477165222168,OK
4j50.cif,1224.0,38.0,2.0,15.861882209777832,OK
4jah.cif,882.0,42.0,6.0,16.874984741210938,OK
4ii9.cif,40.0,2.0,1.0,3.8621156215667725,OK
4j7l.cif,101.0,5.0,1.0,7.567002296447754,OK
4ftb.cif,302.0,15.0,1.0,14.908958435058594,OK
4jiy.cif,125.0,6.0,1.0,8.617268562316895,OK
4dr6.cif,32749.0,1505.0,5.0,65.17063903808594,OK
4j7m.cif,45.0,3.0,1.0,8.385201454162598,OK
4jrt.cif,517.0,24.0,2.0,12.61128044128418,OK
4jrd.cif,478.0,22.0,2.0,13.051753044128418,OK
4d5l.cif,37159.0,1742.0,1.0,71.54207611083984,OK
4jgn.cif,419.0,20.0,1.0,17.91044044494629,OK
4hor.cif,64.0,4.0,1.0,6.271132946014404,OK
3jai.cif,124504.0,5819.0,7.0,89.93595123291016,OK
4jk0.cif,439.0,21.0,1.0,18.20777130126953,OK
4jrc.cif,2408.0,112.0,2.0,29.08529281616211,OK
4jvy.cif,298.0,14.0,2.0,32.371490478515625,OK
4jvh.cif,170.0,8.0,1.0,11.427630424499512,OK
4jnx.cif,844.0,40.0,2.0,18.506790161132812,OK
4jxx.cif,1511.0,71.0,1.0,23.250635147094727,OK
4k27.cif,1109.0,55.0,1.0,23.13628387451172,OK
4ijs.cif,814.0,37.0,4.0,41.03986740112305,OK
4ill.cif,762.0,36.0,2.0,28.845102310180664,OK
4k31.cif,938.0,44.0,2.0,18.32813835144043,OK
4j1g.cif,881.0,45.0,1.0,24.76891326904297,OK
4k32.cif,898.0,42.0,2.0,18.403413772583008,OK
3j6y.cif,114823.0,5566.0,5.0,89.06351470947266,OK
4csf.cif,2196.0,108.0,12.0,61.68023681640625,OK
4gl2.cif,1548.0,48.0,4.0,26.988550186157227,OK
4knq.cif,422.0,20.0,1.0,18.027952194213867,OK
4h5p.cif,559.0,28.0,2.0,34.04320526123047,OK
4jzu.cif,4.0,1.0,1.0,0.0,OK
4jzv.cif,23.0,1.0,1.0,2.557976484298706,OK
4kji.cif,688.0,32.0,2.0,19.691713333129883,OK
4k4v.cif,980.0,46.0,4.0,30.538555145263672,OK
4jxz.cif,1511.0,71.0,1.0,23.27756690979004,OK
4k4u.cif,1544.0,72.0,6.0,29.382204055786133,OK
4kq0.cif,834.0,38.0,2.0,17.84407615661621,OK
4gzy.cif,863.0,42.0,3.0,22.344890594482422,OK
4ilm.cif,2672.0,128.0,8.0,50.99384689331055,OK
4k4t.cif,1418.0,66.0,6.0,27.784393310546875,OK
4jng.cif,840.0,42.0,1.0,24.567197799682617,OK
4kr3.cif,1464.0,69.0,1.0,21.560272216796875,OK
4kqy.cif,2556.0,119.0,1.0,24.1966552734375,OK
4kr2.cif,1444.0,68.0,1.0,21.455101013183594,OK
4jyz.cif,1348.0,63.0,1.0,22.369831085205078,OK
4kz2.cif,1083.0,54.0,3.0,18.62327766418457,OK
4kyy.cif,712.0,34.0,2.0,16.005910873413086,OK
4dv2.cif,32201.0,1479.0,1.0,65.65480041503906,OK
4ifd.cif,540.0,30.0,1.0,47.88880157470703,OK
4ktg.cif,834.0,38.0,2.0,17.70602035522461,OK
4k4s.cif,1431.0,67.0,6.0,27.45679473876953,OK
3j78.cif,117982.0,5525.0,7.0,87.73616790771484,OK
4k50.cif,3928.0,185.0,8.0,49.06463623046875,OK
4kzd.cif,1787.0,83.0,1.0,28.45099639892578,OK
4l8h.cif,423.0,20.0,1.0,11.964097023010254,OK
3jah.cif,124504.0,5819.0,7.0,90.0668716430664,OK
4dr5.cif,32572.0,1497.0,3.0,65.00252532958984,OK
4gzz.cif,863.0,42.0,3.0,22.227773666381836,OK
4k4w.cif,1520.0,71.0,4.0,30.91158103942871,OK
4gkj.cif,32744.0,1524.0,3.0,64.93977355957031,OK
4l8r.cif,918.0,45.0,2.0,24.05537223815918,OK
4l81.cif,2075.0,96.0,1.0,22.213275909423828,OK
4kze.cif,1787.0,83.0,1.0,28.468544006347656,OK
4bs2.cif,,,,,ERR:IndexError
4kr7.cif,1662.0,78.0,2.0,37.53228759765625,OK
4kr6.cif,1666.0,78.0,2.0,34.8546142578125,OK
4dv3.cif,32201.0,1479.0,1.0,65.49131774902344,OK
4kr9.cif,1662.0,78.0,2.0,37.49705505371094,OK
4krf.cif,259.0,12.0,1.0,20.831769943237305,OK
4lck.cif,7586.0,354.0,4.0,50.45303726196289,OK
4gkk.cif,32705.0,1522.0,3.0,65.14010620117188,OK
4fxd.cif,1028.0,32.0,4.0,46.07591247558594,OK
4dv1.cif,32202.0,1479.0,1.0,65.6678237915039,OK
4lmz.cif,103.0,5.0,1.0,7.47354793548584,OK
3jag.cif,124503.0,5819.0,7.0,90.04187774658203,OK
4lj0.cif,328.0,10.0,3.0,11.45427131652832,OK
4k4x.cif,2668.0,124.0,12.0,56.81997299194336,OK
4h5o.cif,1400.0,70.0,2.0,41.18986892700195,OK
4lvv.cif,1913.0,89.0,1.0,23.15489959716797,OK
4k4y.cif,2876.0,134.0,12.0,57.97991943359375,OK
4k4z.cif,2877.0,134.0,12.0,58.053897857666016,OK
4kre.cif,234.0,11.0,1.0,19.765207290649414,OK
4lvw.cif,1913.0,89.0,1.0,23.239748001098633,OK
4lvz.cif,1913.0,89.0,1.0,23.222936630249023,OK
4bkk.cif,3220.0,161.0,1.0,71.70797729492188,OK
4lx5.cif,1502.0,71.0,1.0,20.647205352783203,OK
4kxt.cif,222.0,12.0,1.0,21.37710952758789,OK
4lvx.cif,1913.0,89.0,1.0,23.29851722717285,OK
4lq3.cif,46.0,2.0,1.0,3.4088852405548096,OK
4lvy.cif,1913.0,89.0,1.0,23.22568130493164,OK
4lw0.cif,1913.0,89.0,1.0,23.247879028320312,OK
4lx6.cif,1502.0,71.0,1.0,20.754436492919922,OK
4ce4.cif,30571.0,1436.0,1.0,52.77240753173828,OK
4dv6.cif,32200.0,1479.0,1.0,65.51465606689453,OK
4mce.cif,857.0,41.0,4.0,19.457307815551758,OK
4mcf.cif,1639.0,79.0,8.0,30.79520034790039,OK
4ms9.cif,212.0,10.0,1.0,11.375868797302246,OK
4m2z.cif,1160.0,54.0,2.0,23.541824340820312,OK
4meh.cif,2996.0,144.0,2.0,28.95486068725586,OK
4msb.cif,1272.0,60.0,6.0,19.305917739868164,OK
4m4o.cif,1261.0,59.0,1.0,21.1324520111084,OK
4msr.cif,424.0,20.0,2.0,11.446634292602539,OK
4mgm.cif,2694.0,126.0,2.0,27.086549758911133,OK
4lg2.cif,887.0,42.0,4.0,33.32197570800781,OK
4dr4.cif,32572.0,1497.0,3.0,65.12098693847656,OK
4meg.cif,2943.0,139.0,2.0,27.785686492919922,OK
4mdx.cif,165.0,8.0,1.0,13.649818420410156,OK
4n2q.cif,91.0,5.0,1.0,7.745987415313721,OK
4n2s.cif,90.0,4.0,1.0,5.79135799407959,OK
4nfq.cif,945.0,45.0,3.0,18.596920013427734,OK
4nfo.cif,1011.0,48.0,3.0,18.181865692138672,OK
4nfp.cif,945.0,45.0,3.0,18.3542537689209,OK
4m30.cif,1152.0,54.0,2.0,23.488962173461914,OK
4lgt.cif,1269.0,39.0,2.0,29.311710357666016,OK
4n0t.cif,1389.0,65.0,1.0,22.947385787963867,OK
4khp.cif,32485.0,1512.0,2.0,65.26905059814453,OK
4ngb.cif,250.0,12.0,1.0,13.94227123260498,OK
4m59.cif,647.0,32.0,2.0,26.08167266845703,OK
4dv5.cif,32200.0,1479.0,1.0,65.29782104492188,OK
4ngg.cif,270.0,13.0,1.0,14.495562553405762,OK
4nh5.cif,285.0,14.0,1.0,15.985584259033203,OK
4ngc.cif,252.0,12.0,1.0,13.932265281677246,OK
4dv7.cif,32200.0,1479.0,1.0,65.51041412353516,OK
4nxh.cif,843.0,26.0,1.0,14.24846076965332,OK
4nha.cif,340.0,16.0,1.0,14.684822082519531,OK
4nh3.cif,274.0,13.0,1.0,14.664651870727539,OK
4nlf.cif,842.0,26.0,1.0,14.424084663391113,OK
4nmg.cif,559.0,26.0,1.0,14.320204734802246,OK
4nh6.cif,307.0,15.0,1.0,15.50525951385498,OK
4k0k.cif,32763.0,1525.0,3.0,64.88030242919922,OK
4n48.cif,148.0,8.0,2.0,37.0408935546875,OK
4mgn.cif,6704.0,313.0,4.0,38.05890655517578,OK
4nyg.cif,1557.0,78.0,1.0,20.170297622680664,OK
4nyc.cif,1622.0,79.0,1.0,20.226943969726562,OK
4ngd.cif,383.0,12.0,1.0,13.98260498046875,OK
4o41.cif,873.0,41.0,4.0,19.561317443847656,OK
4nyb.cif,1648.0,79.0,1.0,20.22039222717285,OK
4m7d.cif,186.0,9.0,2.0,29.66934585571289,OK
4nyd.cif,1640.0,79.0,1.0,20.144184112548828,OK
4nya.cif,3304.0,156.0,2.0,38.94974899291992,OK
4ji3.cif,32179.0,1478.0,1.0,65.43280029296875,OK
4oji.cif,1095.0,51.0,1.0,17.057315826416016,OK
4m7a.cif,206.0,10.0,2.0,29.636037826538086,OK
4m6d.cif,5357.0,250.0,6.0,57.86201477050781,OK
4oi0.cif,40.0,2.0,1.0,2.9862611293792725,OK
4ohz.cif,86.0,4.0,1.0,5.703893661499023,OK
4o26.cif,2000.0,94.0,2.0,42.945640563964844,OK
4oi1.cif,40.0,2.0,1.0,2.9529006481170654,OK
4nku.cif,78.0,4.0,2.0,24.78580665588379,OK
4ngf.cif,1428.0,68.0,4.0,49.660430908203125,OK
4ioc.cif,60249.0,2808.0,2.0,65.70453643798828,OK
4ohy.cif,40.0,2.0,1.0,2.9583256244659424,OK
4oau.cif,67.0,3.0,1.0,6.163730621337891,OK
4oq8.cif,448.0,22.0,3.0,11.999642372131348,OK
3jan.cif,127216.0,5958.0,6.0,91.3147964477539,OK
4oqu.cif,2100.0,97.0,1.0,22.538740158081055,OK
4p3s.cif,874.0,41.0,2.0,19.21903419494629,OK
4p43.cif,931.0,44.0,2.0,18.559423446655273,OK
4p3t.cif,928.0,44.0,2.0,19.433284759521484,OK
4p20.cif,898.0,42.0,2.0,18.542490005493164,OK
4nl3.cif,234.0,12.0,2.0,18.262500762939453,OK
4p97.cif,1136.0,54.0,4.0,33.83605194091797,OK
4p3u.cif,1748.0,82.0,4.0,25.476781845092773,OK
4p5j.cif,1760.0,83.0,1.0,22.593957901000977,OK
4oog.cif,725.0,34.0,1.0,16.932432174682617,OK
4pcj.cif,724.0,34.0,1.0,17.125051498413086,OK
4kvb.cif,32244.0,1481.0,1.0,65.5823745727539,OK
4pdq.cif,974.0,46.0,2.0,18.96224021911621,OK
4pco.cif,1588.0,50.0,5.0,20.113407135009766,OK
4pdb.cif,810.0,38.0,1.0,17.12416648864746,OK
4olb.cif,191.0,10.0,1.0,17.791841506958008,OK
4p8z.cif,4014.0,188.0,1.0,28.153339385986328,OK
4jv5.cif,32746.0,1503.0,3.0,65.03952026367188,OK
4p9r.cif,4034.0,189.0,1.0,29.05716323852539,OK
4duy.cif,32199.0,1479.0,1.0,65.63262176513672,OK
4ol8.cif,1360.0,65.0,4.0,32.1352653503418,OK
4dv0.cif,32202.0,1479.0,1.0,65.5339584350586,OK
4p3e.cif,2666.0,124.0,1.0,30.094600677490234,OK
4phy.cif,974.0,46.0,2.0,19.276899337768555,OK
4pqv.cif,1466.0,68.0,1.0,20.562313079833984,OK
4plx.cif,4538.0,214.0,3.0,47.38167190551758,OK
4ola.cif,191.0,10.0,1.0,17.881582260131836,OK
4pmi.cif,849.0,40.0,1.0,18.9269962310791,OK
4lf9.cif,32196.0,1479.0,1.0,65.66918182373047,OK
4oav.cif,176.0,8.0,2.0,25.0742130279541,OK
4prf.cif,2377.0,74.0,1.0,22.147981643676758,OK
4lfc.cif,32196.0,1479.0,1.0,65.57669067382812,OK
4py5.cif,788.0,38.0,2.0,18.506818771362305,OK
4nia.cif,6720.0,330.0,45.0,41.24825668334961,OK
4q9q.cif,1787.0,83.0,1.0,28.533586502075195,OK
4o8j.cif,330.0,12.0,2.0,34.57124328613281,OK
4ji4.cif,32199.0,1479.0,1.0,65.5051498413086,OK
4g7o.cif,1730.0,84.0,6.0,60.0485954284668,OK
4qei.cif,1444.0,68.0,1.0,21.367956161499023,OK
4pr6.cif,2314.0,72.0,1.0,22.483171463012695,OK
4qg3.cif,1723.0,80.0,1.0,18.51312828063965,OK
4d5y.cif,83360.0,3892.0,3.0,78.30583953857422,OK
4pkd.cif,1145.0,54.0,1.0,22.795103073120117,OK
4qi2.cif,1576.0,74.0,4.0,38.39738845825195,OK
4oe1.cif,647.0,32.0,2.0,26.084123611450195,OK
4qik.cif,767.0,36.0,2.0,18.91675567626953,OK
4ji5.cif,32242.0,1481.0,1.0,65.47206115722656,OK
4q9r.cif,1787.0,83.0,1.0,28.366865158081055,OK
4qjh.cif,4668.0,219.0,6.0,39.90180969238281,OK
4qka.cif,2524.0,118.0,1.0,23.790443420410156,OK
4qk8.cif,2572.0,120.0,1.0,23.956050872802734,OK
4qu6.cif,69.0,3.0,1.0,5.070518493652344,OK
4qil.cif,678.0,32.0,2.0,20.699466705322266,OK
4qk9.cif,2490.0,116.0,1.0,23.78917121887207,OK
4qlm.cif,2316.0,108.0,1.0,23.874319076538086,OK
4qln.cif,2514.0,117.0,1.0,24.484161376953125,OK
4qqb.cif,716.0,34.0,2.0,25.555702209472656,OK
4r3i.cif,83.0,4.0,1.0,7.63347864151001,OK
4rby.cif,232.0,11.0,1.0,12.263059616088867,OK
4qjd.cif,6058.0,284.0,8.0,42.66384506225586,OK
